Instance ID,Source Image Filename,Vertices,Timestamp,Type
0,Top Layer.png,"[[[2235, 1569], [2235, 1567], [2234, 1564], [2233, 1562], [2231, 1560], [2229, 1558], [2227, 1557], [2224, 1557], [2222, 1556], [2219, 1557], [2217, 1557], [2215, 1558], [2213, 1560], [2211, 1562], [2210, 1564], [2209, 1567], [2209, 1569], [2209, 1572], [2210, 1574], [2211, 1577], [2213, 1579], [2215, 1580], [2217, 1581], [2219, 1582], [2222, 1582], [2224, 1582], [2227, 1581], [2229, 1580], [2231, 1579], [2233, 1577], [2234, 1574], [2235, 1572], [2235, 1569]]]",04/16/2026 15:55,via
1,Top Layer.png,"[[[2235, 1493], [2235, 1490], [2234, 1488], [2233, 1486], [2231, 1484], [2229, 1482], [2227, 1481], [2224, 1480], [2222, 1480], [2219, 1480], [2217, 1481], [2215, 1482], [2213, 1484], [2211, 1486], [2210, 1488], [2209, 1490], [2209, 1493], [2209, 1495], [2210, 1498], [2211, 1500], [2213, 1502], [2215, 1504], [2217, 1505], [2219, 1506], [2222, 1506], [2224, 1506], [2227, 1505], [2229, 1504], [2231, 1502], [2233, 1500], [2234, 1498], [2235, 1495], [2235, 1493]]]",04/16/2026 15:55,via
2,Top Layer.png,"[[[2312, 1569], [2311, 1567], [2311, 1564], [2309, 1562], [2308, 1560], [2306, 1558], [2304, 1557], [2301, 1557], [2299, 1556], [2296, 1557], [2294, 1557], [2291, 1558], [2289, 1560], [2288, 1562], [2287, 1564], [2286, 1567], [2286, 1569], [2286, 1572], [2287, 1574], [2288, 1577], [2289, 1579], [2291, 1580], [2294, 1581], [2296, 1582], [2299, 1582], [2301, 1582], [2304, 1581], [2306, 1580], [2308, 1579], [2309, 1577], [2311, 1574], [2311, 1572], [2312, 1569]]]",04/16/2026 15:55,via
3,Top Layer.png,"[[[2312, 1493], [2311, 1490], [2311, 1488], [2309, 1486], [2308, 1484], [2306, 1482], [2304, 1481], [2301, 1480], [2299, 1480], [2296, 1480], [2294, 1481], [2291, 1482], [2289, 1484], [2288, 1486], [2287, 1488], [2286, 1490], [2286, 1493], [2286, 1495], [2287, 1498], [2288, 1500], [2289, 1502], [2291, 1504], [2294, 1505], [2296, 1506], [2299, 1506], [2301, 1506], [2304, 1505], [2306, 1504], [2308, 1502], [2309, 1500], [2311, 1498], [2311, 1495], [2312, 1493]]]",04/16/2026 15:55,via
4,Top Layer.png,"[[[2448, 1569], [2447, 1562], [2445, 1555], [2441, 1548], [2436, 1542], [2431, 1538], [2424, 1534], [2417, 1532], [2409, 1531], [2402, 1532], [2394, 1534], [2388, 1538], [2382, 1542], [2377, 1548], [2374, 1555], [2372, 1562], [2371, 1569], [2372, 1577], [2374, 1584], [2377, 1591], [2382, 1596], [2388, 1601], [2394, 1605], [2402, 1607], [2409, 1608], [2417, 1607], [2424, 1605], [2431, 1601], [2436, 1596], [2441, 1591], [2445, 1584], [2447, 1577], [2448, 1569]]]",04/16/2026 15:55,via
5,Top Layer.png,"[[[2312, 1646], [2311, 1643], [2311, 1641], [2309, 1639], [2308, 1637], [2306, 1635], [2304, 1634], [2301, 1633], [2299, 1633], [2296, 1633], [2294, 1634], [2291, 1635], [2289, 1637], [2288, 1639], [2287, 1641], [2286, 1643], [2286, 1646], [2286, 1648], [2287, 1651], [2288, 1653], [2289, 1655], [2291, 1657], [2294, 1658], [2296, 1659], [2299, 1659], [2301, 1659], [2304, 1658], [2306, 1657], [2308, 1655], [2309, 1653], [2311, 1651], [2311, 1648], [2312, 1646]]]",04/16/2026 15:55,via
6,Top Layer.png,"[[[2235, 1646], [2235, 1643], [2234, 1641], [2233, 1639], [2231, 1637], [2229, 1635], [2227, 1634], [2224, 1633], [2222, 1633], [2219, 1633], [2217, 1634], [2215, 1635], [2213, 1637], [2211, 1639], [2210, 1641], [2209, 1643], [2209, 1646], [2209, 1648], [2210, 1651], [2211, 1653], [2213, 1655], [2215, 1657], [2217, 1658], [2219, 1659], [2222, 1659], [2224, 1659], [2227, 1658], [2229, 1657], [2231, 1655], [2233, 1653], [2234, 1651], [2235, 1648], [2235, 1646]]]",04/16/2026 15:55,via
7,Top Layer.png,"[[[2435, 1277], [2434, 1271], [2432, 1266], [2430, 1260], [2426, 1256], [2421, 1252], [2416, 1249], [2410, 1247], [2404, 1247], [2398, 1247], [2392, 1249], [2387, 1252], [2382, 1256], [2378, 1260], [2375, 1266], [2374, 1271], [2373, 1277], [2374, 1283], [2375, 1289], [2378, 1295], [2382, 1299], [2387, 1303], [2392, 1306], [2398, 1308], [2404, 1308], [2410, 1308], [2416, 1306], [2421, 1303], [2426, 1299], [2430, 1295], [2432, 1289], [2434, 1283], [2435, 1277]]]",04/16/2026 15:55,via
8,Top Layer.png,"[[[2435, 1168], [2434, 1162], [2432, 1156], [2430, 1151], [2426, 1146], [2421, 1142], [2416, 1139], [2410, 1138], [2404, 1137], [2398, 1138], [2392, 1139], [2387, 1142], [2382, 1146], [2378, 1151], [2375, 1156], [2374, 1162], [2373, 1168], [2374, 1174], [2375, 1180], [2378, 1185], [2382, 1190], [2387, 1193], [2392, 1196], [2398, 1198], [2404, 1199], [2410, 1198], [2416, 1196], [2421, 1193], [2426, 1190], [2430, 1185], [2432, 1180], [2434, 1174], [2435, 1168]]]",04/16/2026 15:55,via
9,Top Layer.png,"[[[2230, 1223], [2229, 1220], [2229, 1218], [2227, 1215], [2226, 1213], [2224, 1212], [2222, 1211], [2219, 1210], [2217, 1210], [2214, 1210], [2212, 1211], [2209, 1212], [2207, 1213], [2206, 1215], [2204, 1218], [2204, 1220], [2203, 1223], [2204, 1225], [2204, 1228], [2206, 1230], [2207, 1232], [2209, 1233], [2212, 1235], [2214, 1235], [2217, 1236], [2219, 1235], [2222, 1235], [2224, 1233], [2226, 1232], [2227, 1230], [2229, 1228], [2229, 1225], [2230, 1223]]]",04/16/2026 15:55,via
10,Top Layer.png,"[[[2306, 1223], [2306, 1220], [2305, 1218], [2304, 1215], [2303, 1213], [2301, 1212], [2298, 1211], [2296, 1210], [2293, 1210], [2291, 1210], [2288, 1211], [2286, 1212], [2284, 1213], [2282, 1215], [2281, 1218], [2281, 1220], [2280, 1223], [2281, 1225], [2281, 1228], [2282, 1230], [2284, 1232], [2286, 1233], [2288, 1235], [2291, 1235], [2293, 1236], [2296, 1235], [2298, 1235], [2301, 1233], [2303, 1232], [2304, 1230], [2305, 1228], [2306, 1225], [2306, 1223]]]",04/16/2026 15:55,via
11,Top Layer.png,"[[[2230, 970], [2229, 967], [2229, 965], [2227, 963], [2226, 961], [2224, 959], [2222, 958], [2219, 957], [2217, 957], [2214, 957], [2212, 958], [2209, 959], [2207, 961], [2206, 963], [2204, 965], [2204, 967], [2203, 970], [2204, 973], [2204, 975], [2206, 977], [2207, 979], [2209, 981], [2212, 982], [2214, 983], [2217, 983], [2219, 983], [2222, 982], [2224, 981], [2226, 979], [2227, 977], [2229, 975], [2229, 973], [2230, 970]]]",04/16/2026 15:55,via
12,Top Layer.png,"[[[2435, 915], [2434, 909], [2432, 903], [2430, 898], [2426, 893], [2421, 890], [2416, 887], [2410, 885], [2404, 884], [2398, 885], [2392, 887], [2387, 890], [2382, 893], [2378, 898], [2375, 903], [2374, 909], [2373, 915], [2374, 921], [2375, 927], [2378, 932], [2382, 937], [2387, 941], [2392, 944], [2398, 945], [2404, 946], [2410, 945], [2416, 944], [2421, 941], [2426, 937], [2430, 932], [2432, 927], [2434, 921], [2435, 915]]]",04/16/2026 15:55,via
13,Top Layer.png,"[[[2435, 1025], [2434, 1019], [2432, 1013], [2430, 1008], [2426, 1003], [2421, 999], [2416, 996], [2410, 995], [2404, 994], [2398, 995], [2392, 996], [2387, 999], [2382, 1003], [2378, 1008], [2375, 1013], [2374, 1019], [2373, 1025], [2374, 1031], [2375, 1037], [2378, 1042], [2382, 1047], [2387, 1050], [2392, 1053], [2398, 1055], [2404, 1056], [2410, 1055], [2416, 1053], [2421, 1050], [2426, 1047], [2430, 1042], [2432, 1037], [2434, 1031], [2435, 1025]]]",04/16/2026 15:55,via
14,Top Layer.png,"[[[2306, 970], [2306, 967], [2305, 965], [2304, 963], [2303, 961], [2301, 959], [2298, 958], [2296, 957], [2293, 957], [2291, 957], [2288, 958], [2286, 959], [2284, 961], [2282, 963], [2281, 965], [2281, 967], [2280, 970], [2281, 973], [2281, 975], [2282, 977], [2284, 979], [2286, 981], [2288, 982], [2291, 983], [2293, 983], [2296, 983], [2298, 982], [2301, 981], [2303, 979], [2304, 977], [2305, 975], [2306, 973], [2306, 970]]]",04/16/2026 15:55,via
15,Top Layer.png,"[[[451, 1522], [450, 1520], [450, 1517], [448, 1515], [447, 1513], [445, 1511], [442, 1510], [440, 1510], [437, 1509], [435, 1510], [433, 1510], [430, 1511], [428, 1513], [427, 1515], [425, 1517], [425, 1520], [424, 1522], [425, 1525], [425, 1527], [427, 1530], [428, 1531], [430, 1533], [433, 1534], [435, 1535], [437, 1535], [440, 1535], [442, 1534], [445, 1533], [447, 1531], [448, 1530], [450, 1527], [450, 1525], [451, 1522]]]",04/16/2026 15:55,via
16,Top Layer.png,"[[[1299, 893], [1299, 891], [1298, 890], [1297, 888], [1296, 887], [1295, 885], [1293, 884], [1291, 884], [1289, 884], [1288, 884], [1286, 884], [1284, 885], [1283, 887], [1282, 888], [1281, 890], [1280, 891], [1280, 893], [1280, 895], [1281, 897], [1282, 898], [1283, 900], [1284, 901], [1286, 902], [1288, 902], [1289, 903], [1291, 902], [1293, 902], [1295, 901], [1296, 900], [1297, 898], [1298, 897], [1299, 895], [1299, 893]]]",04/16/2026 15:55,via
17,Top Layer.png,"[[[374, 1522], [374, 1520], [373, 1517], [372, 1515], [370, 1513], [368, 1511], [366, 1510], [363, 1510], [361, 1509], [358, 1510], [356, 1510], [353, 1511], [351, 1513], [350, 1515], [349, 1517], [348, 1520], [348, 1522], [348, 1525], [349, 1527], [350, 1530], [351, 1531], [353, 1533], [356, 1534], [358, 1535], [361, 1535], [363, 1535], [366, 1534], [368, 1533], [370, 1531], [372, 1530], [373, 1527], [374, 1525], [374, 1522]]]",04/16/2026 15:55,via
18,Top Layer.png,"[[[1336, 2316], [1336, 2313], [1335, 2311], [1334, 2309], [1332, 2308], [1331, 2306], [1329, 2305], [1327, 2304], [1324, 2304], [1322, 2304], [1320, 2305], [1318, 2306], [1316, 2308], [1315, 2309], [1314, 2311], [1313, 2313], [1313, 2316], [1313, 2318], [1314, 2320], [1315, 2322], [1316, 2324], [1318, 2325], [1320, 2326], [1322, 2327], [1324, 2327], [1327, 2327], [1329, 2326], [1331, 2325], [1332, 2324], [1334, 2322], [1335, 2320], [1336, 2318], [1336, 2316]]]",04/16/2026 15:55,via
19,Top Layer.png,"[[[1512, 2388], [1512, 2386], [1512, 2384], [1511, 2382], [1509, 2380], [1507, 2379], [1505, 2377], [1503, 2377], [1501, 2377], [1499, 2377], [1497, 2377], [1495, 2379], [1493, 2380], [1491, 2382], [1490, 2384], [1490, 2386], [1489, 2388], [1490, 2390], [1490, 2392], [1491, 2394], [1493, 2396], [1495, 2398], [1497, 2399], [1499, 2399], [1501, 2400], [1503, 2399], [1505, 2399], [1507, 2398], [1509, 2396], [1511, 2394], [1512, 2392], [1512, 2390], [1512, 2388]]]",04/16/2026 15:55,via
20,Top Layer.png,"[[[279, 694], [279, 692], [278, 689], [277, 687], [275, 685], [273, 684], [271, 682], [268, 682], [266, 681], [263, 682], [261, 682], [259, 684], [257, 685], [255, 687], [254, 689], [253, 692], [253, 694], [253, 697], [254, 699], [255, 702], [257, 704], [259, 705], [261, 706], [263, 707], [266, 707], [268, 707], [271, 706], [273, 705], [275, 704], [277, 702], [278, 699], [279, 697], [279, 694]]]",04/16/2026 15:55,via
21,Top Layer.png,"[[[505, 402], [504, 400], [504, 397], [502, 395], [501, 393], [499, 391], [496, 390], [494, 389], [491, 389], [488, 389], [486, 390], [483, 391], [481, 393], [480, 395], [478, 397], [478, 400], [477, 402], [478, 405], [478, 407], [480, 410], [481, 412], [483, 414], [486, 415], [488, 416], [491, 416], [494, 416], [496, 415], [499, 414], [501, 412], [502, 410], [504, 407], [504, 405], [505, 402]]]",04/16/2026 15:55,via
22,Top Layer.png,"[[[351, 402], [351, 400], [350, 397], [349, 395], [347, 393], [345, 391], [343, 390], [340, 389], [337, 389], [335, 389], [332, 390], [330, 391], [328, 393], [326, 395], [325, 397], [324, 400], [324, 402], [324, 405], [325, 407], [326, 410], [328, 412], [330, 414], [332, 415], [335, 416], [337, 416], [340, 416], [343, 415], [345, 414], [347, 412], [349, 410], [350, 407], [351, 405], [351, 402]]]",04/16/2026 15:55,via
23,Top Layer.png,"[[[906, 402], [906, 400], [905, 397], [903, 395], [902, 393], [900, 391], [897, 390], [895, 389], [892, 389], [889, 389], [887, 390], [885, 391], [882, 393], [881, 395], [880, 397], [879, 400], [878, 402], [879, 405], [880, 407], [881, 410], [882, 412], [885, 414], [887, 415], [889, 416], [892, 416], [895, 416], [897, 415], [900, 414], [902, 412], [903, 410], [905, 407], [906, 405], [906, 402]]]",04/16/2026 15:55,via
24,Top Layer.png,"[[[752, 402], [752, 400], [751, 397], [750, 395], [748, 393], [746, 391], [744, 390], [741, 389], [739, 389], [736, 389], [733, 390], [731, 391], [729, 393], [727, 395], [726, 397], [725, 400], [725, 402], [725, 405], [726, 407], [727, 410], [729, 412], [731, 414], [733, 415], [736, 416], [739, 416], [741, 416], [744, 415], [746, 414], [748, 412], [750, 410], [751, 407], [752, 405], [752, 402]]]",04/16/2026 15:55,via
25,Top Layer.png,"[[[1583, 2388], [1583, 2386], [1582, 2384], [1581, 2382], [1580, 2380], [1578, 2379], [1576, 2377], [1574, 2377], [1572, 2377], [1569, 2377], [1567, 2377], [1565, 2379], [1563, 2380], [1562, 2382], [1561, 2384], [1560, 2386], [1560, 2388], [1560, 2390], [1561, 2392], [1562, 2394], [1563, 2396], [1565, 2398], [1567, 2399], [1569, 2399], [1572, 2400], [1574, 2399], [1576, 2399], [1578, 2398], [1580, 2396], [1581, 2394], [1582, 2392], [1583, 2390], [1583, 2388]]]",04/16/2026 15:55,via
26,Top Layer.png,"[[[1724, 2388], [1724, 2386], [1724, 2384], [1722, 2382], [1721, 2380], [1719, 2379], [1717, 2377], [1715, 2377], [1713, 2377], [1711, 2377], [1709, 2377], [1707, 2379], [1705, 2380], [1703, 2382], [1702, 2384], [1702, 2386], [1701, 2388], [1702, 2390], [1702, 2392], [1703, 2394], [1705, 2396], [1707, 2398], [1709, 2399], [1711, 2399], [1713, 2400], [1715, 2399], [1717, 2399], [1719, 2398], [1721, 2396], [1722, 2394], [1724, 2392], [1724, 2390], [1724, 2388]]]",04/16/2026 15:55,via
27,Top Layer.png,"[[[1830, 2316], [1830, 2313], [1830, 2311], [1828, 2309], [1827, 2308], [1825, 2306], [1823, 2305], [1821, 2304], [1819, 2304], [1817, 2304], [1814, 2305], [1813, 2306], [1811, 2308], [1809, 2309], [1808, 2311], [1808, 2313], [1807, 2316], [1808, 2318], [1808, 2320], [1809, 2322], [1811, 2324], [1813, 2325], [1814, 2326], [1817, 2327], [1819, 2327], [1821, 2327], [1823, 2326], [1825, 2325], [1827, 2324], [1828, 2322], [1830, 2320], [1830, 2318], [1830, 2316]]]",04/16/2026 15:55,via
28,Top Layer.png,"[[[1234, 893], [1234, 891], [1233, 890], [1232, 888], [1231, 887], [1230, 885], [1228, 884], [1226, 884], [1224, 884], [1223, 884], [1221, 884], [1219, 885], [1218, 887], [1217, 888], [1216, 890], [1215, 891], [1215, 893], [1215, 895], [1216, 897], [1217, 898], [1218, 900], [1219, 901], [1221, 902], [1223, 902], [1224, 903], [1226, 902], [1228, 902], [1230, 901], [1231, 900], [1232, 898], [1233, 897], [1234, 895], [1234, 893]]]",04/16/2026 15:55,via
29,Top Layer.png,"[[[1266, 893], [1266, 891], [1266, 890], [1265, 888], [1264, 887], [1262, 885], [1261, 884], [1259, 884], [1257, 884], [1255, 884], [1253, 884], [1252, 885], [1250, 887], [1249, 888], [1248, 890], [1248, 891], [1247, 893], [1248, 895], [1248, 897], [1249, 898], [1250, 900], [1252, 901], [1253, 902], [1255, 902], [1257, 903], [1259, 902], [1261, 902], [1262, 901], [1264, 900], [1265, 898], [1266, 897], [1266, 895], [1266, 893]]]",04/16/2026 15:55,via
30,Top Layer.png,"[[[1169, 893], [1169, 891], [1168, 890], [1167, 888], [1166, 887], [1165, 885], [1163, 884], [1161, 884], [1159, 884], [1158, 884], [1156, 884], [1154, 885], [1153, 887], [1152, 888], [1151, 890], [1150, 891], [1150, 893], [1150, 895], [1151, 897], [1152, 898], [1153, 900], [1154, 901], [1156, 902], [1158, 902], [1159, 903], [1161, 902], [1163, 902], [1165, 901], [1166, 900], [1167, 898], [1168, 897], [1169, 895], [1169, 893]]]",04/16/2026 15:55,via
31,Top Layer.png,"[[[1901, 2316], [1901, 2313], [1900, 2311], [1899, 2309], [1898, 2308], [1896, 2306], [1894, 2305], [1892, 2304], [1890, 2304], [1887, 2304], [1885, 2305], [1883, 2306], [1881, 2308], [1880, 2309], [1879, 2311], [1878, 2313], [1878, 2316], [1878, 2318], [1879, 2320], [1880, 2322], [1881, 2324], [1883, 2325], [1885, 2326], [1887, 2327], [1890, 2327], [1892, 2327], [1894, 2326], [1896, 2325], [1898, 2324], [1899, 2322], [1900, 2320], [1901, 2318], [1901, 2316]]]",04/16/2026 15:55,via
32,Top Layer.png,"[[[1936, 2388], [1936, 2386], [1936, 2384], [1934, 2382], [1933, 2380], [1931, 2379], [1929, 2377], [1927, 2377], [1925, 2377], [1923, 2377], [1920, 2377], [1918, 2379], [1917, 2380], [1915, 2382], [1914, 2384], [1914, 2386], [1913, 2388], [1914, 2390], [1914, 2392], [1915, 2394], [1917, 2396], [1918, 2398], [1920, 2399], [1923, 2399], [1925, 2400], [1927, 2399], [1929, 2399], [1931, 2398], [1933, 2396], [1934, 2394], [1936, 2392], [1936, 2390], [1936, 2388]]]",04/16/2026 15:55,via
33,Top Layer.png,"[[[374, 1446], [374, 1443], [373, 1441], [372, 1439], [370, 1437], [368, 1435], [366, 1434], [363, 1433], [361, 1433], [358, 1433], [356, 1434], [353, 1435], [351, 1437], [350, 1439], [349, 1441], [348, 1443], [348, 1446], [348, 1448], [349, 1451], [350, 1453], [351, 1455], [353, 1457], [356, 1458], [358, 1459], [361, 1459], [363, 1459], [366, 1458], [368, 1457], [370, 1455], [372, 1453], [373, 1451], [374, 1448], [374, 1446]]]",04/16/2026 15:55,via
34,Top Layer.png,"[[[451, 1446], [450, 1443], [450, 1441], [448, 1439], [447, 1437], [445, 1435], [442, 1434], [440, 1433], [437, 1433], [435, 1433], [433, 1434], [430, 1435], [428, 1437], [427, 1439], [425, 1441], [425, 1443], [424, 1446], [425, 1448], [425, 1451], [427, 1453], [428, 1455], [430, 1457], [433, 1458], [435, 1459], [437, 1459], [440, 1459], [442, 1458], [445, 1457], [447, 1455], [448, 1453], [450, 1451], [450, 1448], [451, 1446]]]",04/16/2026 15:55,via
35,Top Layer.png,"[[[281, 1577], [280, 1571], [279, 1565], [276, 1560], [272, 1555], [267, 1552], [262, 1549], [256, 1547], [250, 1546], [244, 1547], [238, 1549], [233, 1552], [228, 1555], [224, 1560], [222, 1565], [220, 1571], [219, 1577], [220, 1583], [222, 1589], [224, 1594], [228, 1599], [233, 1603], [238, 1606], [244, 1607], [250, 1608], [256, 1607], [262, 1606], [267, 1603], [272, 1599], [276, 1594], [279, 1589], [280, 1583], [281, 1577]]]",04/16/2026 15:55,via
36,Top Layer.png,"[[[281, 1391], [280, 1385], [279, 1379], [276, 1374], [272, 1369], [267, 1365], [262, 1363], [256, 1361], [250, 1360], [244, 1361], [238, 1363], [233, 1365], [228, 1369], [224, 1374], [222, 1379], [220, 1385], [219, 1391], [220, 1397], [222, 1403], [224, 1408], [228, 1413], [233, 1417], [238, 1419], [244, 1421], [250, 1422], [256, 1421], [262, 1419], [267, 1417], [272, 1413], [276, 1408], [279, 1403], [280, 1397], [281, 1391]]]",04/16/2026 15:55,via
37,Top Layer.png,"[[[1201, 893], [1201, 891], [1201, 890], [1200, 888], [1199, 887], [1197, 885], [1196, 884], [1194, 884], [1192, 884], [1190, 884], [1188, 884], [1187, 885], [1185, 887], [1184, 888], [1183, 890], [1183, 891], [1182, 893], [1183, 895], [1183, 897], [1184, 898], [1185, 900], [1187, 901], [1188, 902], [1190, 902], [1192, 903], [1194, 902], [1196, 902], [1197, 901], [1199, 900], [1200, 898], [1201, 897], [1201, 895], [1201, 893]]]",04/16/2026 15:55,via
38,Top Layer.png,"[[[1201, 926], [1201, 924], [1201, 922], [1200, 920], [1199, 919], [1197, 918], [1196, 917], [1194, 916], [1192, 916], [1190, 916], [1188, 917], [1187, 918], [1185, 919], [1184, 920], [1183, 922], [1183, 924], [1182, 926], [1183, 927], [1183, 929], [1184, 931], [1185, 932], [1187, 933], [1188, 934], [1190, 935], [1192, 935], [1194, 935], [1196, 934], [1197, 933], [1199, 932], [1200, 931], [1201, 929], [1201, 927], [1201, 926]]]",04/16/2026 15:55,via
39,Top Layer.png,"[[[1299, 926], [1299, 924], [1298, 922], [1297, 920], [1296, 919], [1295, 918], [1293, 917], [1291, 916], [1289, 916], [1288, 916], [1286, 917], [1284, 918], [1283, 919], [1282, 920], [1281, 922], [1280, 924], [1280, 926], [1280, 927], [1281, 929], [1282, 931], [1283, 932], [1284, 933], [1286, 934], [1288, 935], [1289, 935], [1291, 935], [1293, 934], [1295, 933], [1296, 932], [1297, 931], [1298, 929], [1299, 927], [1299, 926]]]",04/16/2026 15:55,via
40,Top Layer.png,"[[[1169, 926], [1169, 924], [1168, 922], [1167, 920], [1166, 919], [1165, 918], [1163, 917], [1161, 916], [1159, 916], [1158, 916], [1156, 917], [1154, 918], [1153, 919], [1152, 920], [1151, 922], [1150, 924], [1150, 926], [1150, 927], [1151, 929], [1152, 931], [1153, 932], [1154, 933], [1156, 934], [1158, 935], [1159, 935], [1161, 935], [1163, 934], [1165, 933], [1166, 932], [1167, 931], [1168, 929], [1169, 927], [1169, 926]]]",04/16/2026 15:55,via
41,Top Layer.png,"[[[1234, 926], [1234, 924], [1233, 922], [1232, 920], [1231, 919], [1230, 918], [1228, 917], [1226, 916], [1224, 916], [1223, 916], [1221, 917], [1219, 918], [1218, 919], [1217, 920], [1216, 922], [1215, 924], [1215, 926], [1215, 927], [1216, 929], [1217, 931], [1218, 932], [1219, 933], [1221, 934], [1223, 935], [1224, 935], [1226, 935], [1228, 934], [1230, 933], [1231, 932], [1232, 931], [1233, 929], [1234, 927], [1234, 926]]]",04/16/2026 15:55,via
42,Top Layer.png,"[[[1266, 926], [1266, 924], [1266, 922], [1265, 920], [1264, 919], [1262, 918], [1261, 917], [1259, 916], [1257, 916], [1255, 916], [1253, 917], [1252, 918], [1250, 919], [1249, 920], [1248, 922], [1248, 924], [1247, 926], [1248, 927], [1248, 929], [1249, 931], [1250, 932], [1252, 933], [1253, 934], [1255, 935], [1257, 935], [1259, 935], [1261, 934], [1262, 933], [1264, 932], [1265, 931], [1266, 929], [1266, 927], [1266, 926]]]",04/16/2026 15:55,via
43,Top Layer.png,"[[[1686, 2006], [1686, 2004], [1685, 2002], [1684, 2000], [1683, 1998], [1681, 1996], [1679, 1995], [1677, 1995], [1674, 1994], [1672, 1995], [1670, 1995], [1668, 1996], [1666, 1998], [1665, 2000], [1664, 2002], [1663, 2004], [1663, 2006], [1663, 2008], [1664, 2010], [1665, 2012], [1666, 2014], [1668, 2015], [1670, 2017], [1672, 2017], [1674, 2017], [1677, 2017], [1679, 2017], [1681, 2015], [1683, 2014], [1684, 2012], [1685, 2010], [1686, 2008], [1686, 2006]]]",04/16/2026 15:55,via
44,Top Layer.png,"[[[1609, 2006], [1609, 2004], [1608, 2002], [1607, 2000], [1606, 1998], [1604, 1996], [1602, 1995], [1600, 1995], [1598, 1994], [1595, 1995], [1593, 1995], [1591, 1996], [1589, 1998], [1588, 2000], [1587, 2002], [1586, 2004], [1586, 2006], [1586, 2008], [1587, 2010], [1588, 2012], [1589, 2014], [1591, 2015], [1593, 2017], [1595, 2017], [1598, 2017], [1600, 2017], [1602, 2017], [1604, 2015], [1606, 2014], [1607, 2012], [1608, 2010], [1609, 2008], [1609, 2006]]]",04/16/2026 15:55,via
45,Top Layer.png,"[[[1461, 2006], [1461, 2004], [1460, 2002], [1459, 2000], [1458, 1998], [1456, 1996], [1454, 1995], [1452, 1995], [1449, 1994], [1447, 1995], [1445, 1995], [1443, 1996], [1441, 1998], [1440, 2000], [1439, 2002], [1438, 2004], [1438, 2006], [1438, 2008], [1439, 2010], [1440, 2012], [1441, 2014], [1443, 2015], [1445, 2017], [1447, 2017], [1449, 2017], [1452, 2017], [1454, 2017], [1456, 2015], [1458, 2014], [1459, 2012], [1460, 2010], [1461, 2008], [1461, 2006]]]",04/16/2026 15:55,via
46,Top Layer.png,"[[[1384, 2006], [1384, 2004], [1383, 2002], [1382, 2000], [1381, 1998], [1379, 1996], [1377, 1995], [1375, 1995], [1373, 1994], [1370, 1995], [1368, 1995], [1366, 1996], [1364, 1998], [1363, 2000], [1362, 2002], [1361, 2004], [1361, 2006], [1361, 2008], [1362, 2010], [1363, 2012], [1364, 2014], [1366, 2015], [1368, 2017], [1370, 2017], [1373, 2017], [1375, 2017], [1377, 2017], [1379, 2015], [1381, 2014], [1382, 2012], [1383, 2010], [1384, 2008], [1384, 2006]]]",04/16/2026 15:55,via
47,Top Layer.png,"[[[1866, 2388], [1866, 2386], [1865, 2384], [1864, 2382], [1862, 2380], [1861, 2379], [1859, 2377], [1856, 2377], [1854, 2377], [1852, 2377], [1850, 2377], [1848, 2379], [1846, 2380], [1845, 2382], [1844, 2384], [1843, 2386], [1843, 2388], [1843, 2390], [1844, 2392], [1845, 2394], [1846, 2396], [1848, 2398], [1850, 2399], [1852, 2399], [1854, 2400], [1856, 2399], [1859, 2399], [1861, 2398], [1862, 2396], [1864, 2394], [1865, 2392], [1866, 2390], [1866, 2388]]]",04/16/2026 15:55,via
48,Top Layer.png,"[[[1018, 2388], [1018, 2386], [1017, 2384], [1016, 2382], [1015, 2380], [1013, 2379], [1011, 2377], [1009, 2377], [1006, 2377], [1004, 2377], [1002, 2377], [1000, 2379], [998, 2380], [997, 2382], [996, 2384], [995, 2386], [995, 2388], [995, 2390], [996, 2392], [997, 2394], [998, 2396], [1000, 2398], [1002, 2399], [1004, 2399], [1006, 2400], [1009, 2399], [1011, 2399], [1013, 2398], [1015, 2396], [1016, 2394], [1017, 2392], [1018, 2390], [1018, 2388]]]",04/16/2026 15:55,via
49,Top Layer.png,"[[[1230, 2388], [1230, 2386], [1229, 2384], [1228, 2382], [1226, 2380], [1225, 2379], [1223, 2377], [1221, 2377], [1218, 2377], [1216, 2377], [1214, 2377], [1212, 2379], [1210, 2380], [1209, 2382], [1208, 2384], [1207, 2386], [1207, 2388], [1207, 2390], [1208, 2392], [1209, 2394], [1210, 2396], [1212, 2398], [1214, 2399], [1216, 2399], [1218, 2400], [1221, 2399], [1223, 2399], [1225, 2398], [1226, 2396], [1228, 2394], [1229, 2392], [1230, 2390], [1230, 2388]]]",04/16/2026 15:55,via
50,Top Layer.png,"[[[1654, 2388], [1654, 2386], [1653, 2384], [1652, 2382], [1650, 2380], [1649, 2379], [1647, 2377], [1645, 2377], [1642, 2377], [1640, 2377], [1638, 2377], [1636, 2379], [1634, 2380], [1633, 2382], [1632, 2384], [1631, 2386], [1631, 2388], [1631, 2390], [1632, 2392], [1633, 2394], [1634, 2396], [1636, 2398], [1638, 2399], [1640, 2399], [1642, 2400], [1645, 2399], [1647, 2399], [1649, 2398], [1650, 2396], [1652, 2394], [1653, 2392], [1654, 2390], [1654, 2388]]]",04/16/2026 15:55,via
51,Top Layer.png,"[[[1548, 2316], [1548, 2313], [1547, 2311], [1546, 2309], [1544, 2308], [1543, 2306], [1541, 2305], [1539, 2304], [1536, 2304], [1534, 2304], [1532, 2305], [1530, 2306], [1528, 2308], [1527, 2309], [1526, 2311], [1525, 2313], [1525, 2316], [1525, 2318], [1526, 2320], [1527, 2322], [1528, 2324], [1530, 2325], [1532, 2326], [1534, 2327], [1536, 2327], [1539, 2327], [1541, 2326], [1543, 2325], [1544, 2324], [1546, 2322], [1547, 2320], [1548, 2318], [1548, 2316]]]",04/16/2026 15:55,via
52,Top Layer.png,"[[[1795, 2388], [1795, 2386], [1794, 2384], [1793, 2382], [1792, 2380], [1790, 2379], [1788, 2377], [1786, 2377], [1784, 2377], [1781, 2377], [1779, 2377], [1777, 2379], [1775, 2380], [1774, 2382], [1773, 2384], [1772, 2386], [1772, 2388], [1772, 2390], [1773, 2392], [1774, 2394], [1775, 2396], [1777, 2398], [1779, 2399], [1781, 2399], [1784, 2400], [1786, 2399], [1788, 2399], [1790, 2398], [1792, 2396], [1793, 2394], [1794, 2392], [1795, 2390], [1795, 2388]]]",04/16/2026 15:55,via
53,Top Layer.png,"[[[1442, 2388], [1442, 2386], [1441, 2384], [1440, 2382], [1438, 2380], [1437, 2379], [1435, 2377], [1433, 2377], [1430, 2377], [1428, 2377], [1426, 2377], [1424, 2379], [1422, 2380], [1421, 2382], [1420, 2384], [1419, 2386], [1419, 2388], [1419, 2390], [1420, 2392], [1421, 2394], [1422, 2396], [1424, 2398], [1426, 2399], [1428, 2399], [1430, 2400], [1433, 2399], [1435, 2399], [1437, 2398], [1438, 2396], [1440, 2394], [1441, 2392], [1442, 2390], [1442, 2388]]]",04/16/2026 15:55,via
54,Top Layer.png,"[[[1371, 2388], [1371, 2386], [1370, 2384], [1369, 2382], [1368, 2380], [1366, 2379], [1364, 2377], [1362, 2377], [1360, 2377], [1357, 2377], [1355, 2377], [1353, 2379], [1351, 2380], [1350, 2382], [1349, 2384], [1348, 2386], [1348, 2388], [1348, 2390], [1349, 2392], [1350, 2394], [1351, 2396], [1353, 2398], [1355, 2399], [1357, 2399], [1360, 2400], [1362, 2399], [1364, 2399], [1366, 2398], [1368, 2396], [1369, 2394], [1370, 2392], [1371, 2390], [1371, 2388]]]",04/16/2026 15:55,via
55,Top Layer.png,"[[[1301, 2388], [1300, 2386], [1300, 2384], [1299, 2382], [1297, 2380], [1295, 2379], [1293, 2377], [1291, 2377], [1289, 2377], [1287, 2377], [1285, 2377], [1283, 2379], [1281, 2380], [1279, 2382], [1278, 2384], [1278, 2386], [1277, 2388], [1278, 2390], [1278, 2392], [1279, 2394], [1281, 2396], [1283, 2398], [1285, 2399], [1287, 2399], [1289, 2400], [1291, 2399], [1293, 2399], [1295, 2398], [1297, 2396], [1299, 2394], [1300, 2392], [1300, 2390], [1301, 2388]]]",04/16/2026 15:55,via
56,Top Layer.png,"[[[1159, 2388], [1159, 2386], [1158, 2384], [1157, 2382], [1156, 2380], [1154, 2379], [1152, 2377], [1150, 2377], [1148, 2377], [1145, 2377], [1143, 2377], [1141, 2379], [1140, 2380], [1138, 2382], [1137, 2384], [1136, 2386], [1136, 2388], [1136, 2390], [1137, 2392], [1138, 2394], [1140, 2396], [1141, 2398], [1143, 2399], [1145, 2399], [1148, 2400], [1150, 2399], [1152, 2399], [1154, 2398], [1156, 2396], [1157, 2394], [1158, 2392], [1159, 2390], [1159, 2388]]]",04/16/2026 15:55,via
57,Top Layer.png,"[[[1089, 2388], [1088, 2386], [1088, 2384], [1087, 2382], [1085, 2380], [1083, 2379], [1081, 2377], [1079, 2377], [1077, 2377], [1075, 2377], [1073, 2377], [1071, 2379], [1069, 2380], [1067, 2382], [1066, 2384], [1066, 2386], [1065, 2388], [1066, 2390], [1066, 2392], [1067, 2394], [1069, 2396], [1071, 2398], [1073, 2399], [1075, 2399], [1077, 2400], [1079, 2399], [1081, 2399], [1083, 2398], [1085, 2396], [1087, 2394], [1088, 2392], [1088, 2390], [1089, 2388]]]",04/16/2026 15:55,via
58,Top Layer.png,"[[[735, 2388], [735, 2386], [734, 2384], [733, 2382], [732, 2380], [730, 2379], [728, 2377], [726, 2377], [724, 2377], [721, 2377], [719, 2377], [717, 2379], [716, 2380], [714, 2382], [713, 2384], [712, 2386], [712, 2388], [712, 2390], [713, 2392], [714, 2394], [716, 2396], [717, 2398], [719, 2399], [721, 2399], [724, 2400], [726, 2399], [728, 2399], [730, 2398], [732, 2396], [733, 2394], [734, 2392], [735, 2390], [735, 2388]]]",04/16/2026 15:55,via
59,Top Layer.png,"[[[665, 2388], [664, 2386], [664, 2384], [663, 2382], [661, 2380], [659, 2379], [657, 2377], [655, 2377], [653, 2377], [651, 2377], [649, 2377], [647, 2379], [645, 2380], [644, 2382], [642, 2384], [642, 2386], [642, 2388], [642, 2390], [642, 2392], [644, 2394], [645, 2396], [647, 2398], [649, 2399], [651, 2399], [653, 2400], [655, 2399], [657, 2399], [659, 2398], [661, 2396], [663, 2394], [664, 2392], [664, 2390], [665, 2388]]]",04/16/2026 15:55,via
60,Top Layer.png,"[[[1689, 2316], [1689, 2313], [1688, 2311], [1687, 2309], [1686, 2308], [1684, 2306], [1682, 2305], [1680, 2304], [1678, 2304], [1675, 2304], [1673, 2305], [1671, 2306], [1669, 2308], [1668, 2309], [1667, 2311], [1666, 2313], [1666, 2316], [1666, 2318], [1667, 2320], [1668, 2322], [1669, 2324], [1671, 2325], [1673, 2326], [1675, 2327], [1678, 2327], [1680, 2327], [1682, 2326], [1684, 2325], [1686, 2324], [1687, 2322], [1688, 2320], [1689, 2318], [1689, 2316]]]",04/16/2026 15:55,via
61,Top Layer.png,"[[[1618, 2316], [1618, 2313], [1618, 2311], [1617, 2309], [1615, 2308], [1613, 2306], [1611, 2305], [1609, 2304], [1607, 2304], [1605, 2304], [1603, 2305], [1601, 2306], [1599, 2308], [1597, 2309], [1596, 2311], [1596, 2313], [1595, 2316], [1596, 2318], [1596, 2320], [1597, 2322], [1599, 2324], [1601, 2325], [1603, 2326], [1605, 2327], [1607, 2327], [1609, 2327], [1611, 2326], [1613, 2325], [1615, 2324], [1617, 2322], [1618, 2320], [1618, 2318], [1618, 2316]]]",04/16/2026 15:55,via
62,Top Layer.png,"[[[1477, 2316], [1477, 2313], [1476, 2311], [1475, 2309], [1474, 2308], [1472, 2306], [1470, 2305], [1468, 2304], [1466, 2304], [1463, 2304], [1461, 2305], [1459, 2306], [1457, 2308], [1456, 2309], [1455, 2311], [1454, 2313], [1454, 2316], [1454, 2318], [1455, 2320], [1456, 2322], [1457, 2324], [1459, 2325], [1461, 2326], [1463, 2327], [1466, 2327], [1468, 2327], [1470, 2326], [1472, 2325], [1474, 2324], [1475, 2322], [1476, 2320], [1477, 2318], [1477, 2316]]]",04/16/2026 15:55,via
63,Top Layer.png,"[[[1406, 2316], [1406, 2313], [1406, 2311], [1405, 2309], [1403, 2308], [1401, 2306], [1399, 2305], [1397, 2304], [1395, 2304], [1393, 2304], [1391, 2305], [1389, 2306], [1387, 2308], [1385, 2309], [1384, 2311], [1384, 2313], [1383, 2316], [1384, 2318], [1384, 2320], [1385, 2322], [1387, 2324], [1389, 2325], [1391, 2326], [1393, 2327], [1395, 2327], [1397, 2327], [1399, 2326], [1401, 2325], [1403, 2324], [1405, 2322], [1406, 2320], [1406, 2318], [1406, 2316]]]",04/16/2026 15:55,via
64,Top Layer.png,"[[[1265, 2316], [1265, 2313], [1264, 2311], [1263, 2309], [1262, 2308], [1260, 2306], [1258, 2305], [1256, 2304], [1254, 2304], [1251, 2304], [1249, 2305], [1247, 2306], [1246, 2308], [1244, 2309], [1243, 2311], [1242, 2313], [1242, 2316], [1242, 2318], [1243, 2320], [1244, 2322], [1246, 2324], [1247, 2325], [1249, 2326], [1251, 2327], [1254, 2327], [1256, 2327], [1258, 2326], [1260, 2325], [1262, 2324], [1263, 2322], [1264, 2320], [1265, 2318], [1265, 2316]]]",04/16/2026 15:55,via
65,Top Layer.png,"[[[1195, 2316], [1194, 2313], [1194, 2311], [1193, 2309], [1191, 2308], [1189, 2306], [1187, 2305], [1185, 2304], [1183, 2304], [1181, 2304], [1179, 2305], [1177, 2306], [1175, 2308], [1173, 2309], [1172, 2311], [1172, 2313], [1171, 2316], [1172, 2318], [1172, 2320], [1173, 2322], [1175, 2324], [1177, 2325], [1179, 2326], [1181, 2327], [1183, 2327], [1185, 2327], [1187, 2326], [1189, 2325], [1191, 2324], [1193, 2322], [1194, 2320], [1194, 2318], [1195, 2316]]]",04/16/2026 15:55,via
66,Top Layer.png,"[[[1124, 2316], [1124, 2313], [1123, 2311], [1122, 2309], [1120, 2308], [1119, 2306], [1117, 2305], [1115, 2304], [1112, 2304], [1110, 2304], [1108, 2305], [1106, 2306], [1104, 2308], [1103, 2309], [1102, 2311], [1101, 2313], [1101, 2316], [1101, 2318], [1102, 2320], [1103, 2322], [1104, 2324], [1106, 2325], [1108, 2326], [1110, 2327], [1112, 2327], [1115, 2327], [1117, 2326], [1119, 2325], [1120, 2324], [1122, 2322], [1123, 2320], [1124, 2318], [1124, 2316]]]",04/16/2026 15:55,via
67,Top Layer.png,"[[[1053, 2316], [1053, 2313], [1052, 2311], [1051, 2309], [1050, 2308], [1048, 2306], [1046, 2305], [1044, 2304], [1042, 2304], [1039, 2304], [1037, 2305], [1035, 2306], [1034, 2308], [1032, 2309], [1031, 2311], [1030, 2313], [1030, 2316], [1030, 2318], [1031, 2320], [1032, 2322], [1034, 2324], [1035, 2325], [1037, 2326], [1039, 2327], [1042, 2327], [1044, 2327], [1046, 2326], [1048, 2325], [1050, 2324], [1051, 2322], [1052, 2320], [1053, 2318], [1053, 2316]]]",04/16/2026 15:55,via
68,Top Layer.png,"[[[983, 2316], [982, 2313], [982, 2311], [981, 2309], [979, 2308], [977, 2306], [975, 2305], [973, 2304], [971, 2304], [969, 2304], [967, 2305], [965, 2306], [963, 2308], [961, 2309], [960, 2311], [960, 2313], [960, 2316], [960, 2318], [960, 2320], [961, 2322], [963, 2324], [965, 2325], [967, 2326], [969, 2327], [971, 2327], [973, 2327], [975, 2326], [977, 2325], [979, 2324], [981, 2322], [982, 2320], [982, 2318], [983, 2316]]]",04/16/2026 15:55,via
69,Top Layer.png,"[[[912, 2316], [912, 2313], [911, 2311], [910, 2309], [909, 2308], [907, 2306], [905, 2305], [903, 2304], [900, 2304], [898, 2304], [896, 2305], [894, 2306], [892, 2308], [891, 2309], [890, 2311], [889, 2313], [889, 2316], [889, 2318], [890, 2320], [891, 2322], [892, 2324], [894, 2325], [896, 2326], [898, 2327], [900, 2327], [903, 2327], [905, 2326], [907, 2325], [909, 2324], [910, 2322], [911, 2320], [912, 2318], [912, 2316]]]",04/16/2026 15:55,via
70,Top Layer.png,"[[[841, 2316], [841, 2313], [840, 2311], [839, 2309], [838, 2308], [836, 2306], [834, 2305], [832, 2304], [830, 2304], [827, 2304], [825, 2305], [823, 2306], [822, 2308], [820, 2309], [819, 2311], [818, 2313], [818, 2316], [818, 2318], [819, 2320], [820, 2322], [822, 2324], [823, 2325], [825, 2326], [827, 2327], [830, 2327], [832, 2327], [834, 2326], [836, 2325], [838, 2324], [839, 2322], [840, 2320], [841, 2318], [841, 2316]]]",04/16/2026 15:55,via
71,Top Layer.png,"[[[771, 2316], [770, 2313], [770, 2311], [769, 2309], [767, 2308], [765, 2306], [763, 2305], [761, 2304], [759, 2304], [757, 2304], [755, 2305], [753, 2306], [751, 2308], [749, 2309], [748, 2311], [748, 2313], [748, 2316], [748, 2318], [748, 2320], [749, 2322], [751, 2324], [753, 2325], [755, 2326], [757, 2327], [759, 2327], [761, 2327], [763, 2326], [765, 2325], [767, 2324], [769, 2322], [770, 2320], [770, 2318], [771, 2316]]]",04/16/2026 15:55,via
72,Top Layer.png,"[[[700, 2316], [700, 2313], [699, 2311], [698, 2309], [697, 2308], [695, 2306], [693, 2305], [691, 2304], [688, 2304], [686, 2304], [684, 2305], [682, 2306], [680, 2308], [679, 2309], [678, 2311], [677, 2313], [677, 2316], [677, 2318], [678, 2320], [679, 2322], [680, 2324], [682, 2325], [684, 2326], [686, 2327], [688, 2327], [691, 2327], [693, 2326], [695, 2325], [697, 2324], [698, 2322], [699, 2320], [700, 2318], [700, 2316]]]",04/16/2026 15:55,via
73,Top Layer.png,"[[[2143, 2352], [2142, 2344], [2140, 2336], [2136, 2329], [2131, 2323], [2125, 2318], [2117, 2314], [2110, 2312], [2102, 2311], [2094, 2312], [2086, 2314], [2079, 2318], [2073, 2323], [2068, 2329], [2064, 2336], [2062, 2344], [2061, 2352], [2062, 2360], [2064, 2367], [2068, 2375], [2073, 2381], [2079, 2386], [2086, 2390], [2094, 2392], [2102, 2393], [2110, 2392], [2117, 2390], [2125, 2386], [2131, 2381], [2136, 2375], [2140, 2367], [2142, 2360], [2143, 2352]]]",04/16/2026 15:55,via
74,Top Layer.png,"[[[517, 2352], [516, 2344], [514, 2336], [510, 2329], [505, 2323], [499, 2318], [492, 2314], [484, 2312], [476, 2311], [468, 2312], [461, 2314], [453, 2318], [447, 2323], [442, 2329], [438, 2336], [436, 2344], [435, 2352], [436, 2360], [438, 2367], [442, 2375], [447, 2381], [453, 2386], [461, 2390], [468, 2392], [476, 2393], [484, 2392], [492, 2390], [499, 2386], [505, 2381], [510, 2375], [514, 2367], [516, 2360], [517, 2352]]]",04/16/2026 15:55,via
75,Top Layer.png,"[[[877, 2388], [876, 2386], [876, 2384], [875, 2382], [873, 2380], [871, 2379], [869, 2377], [867, 2377], [865, 2377], [863, 2377], [861, 2377], [859, 2379], [857, 2380], [855, 2382], [854, 2384], [854, 2386], [854, 2388], [854, 2390], [854, 2392], [855, 2394], [857, 2396], [859, 2398], [861, 2399], [863, 2399], [865, 2400], [867, 2399], [869, 2399], [871, 2398], [873, 2396], [875, 2394], [876, 2392], [876, 2390], [877, 2388]]]",04/16/2026 15:55,via
76,Top Layer.png,"[[[947, 2388], [947, 2386], [946, 2384], [945, 2382], [944, 2380], [942, 2379], [940, 2377], [938, 2377], [936, 2377], [933, 2377], [931, 2377], [929, 2379], [928, 2380], [926, 2382], [925, 2384], [924, 2386], [924, 2388], [924, 2390], [925, 2392], [926, 2394], [928, 2396], [929, 2398], [931, 2399], [933, 2399], [936, 2400], [938, 2399], [940, 2399], [942, 2398], [944, 2396], [945, 2394], [946, 2392], [947, 2390], [947, 2388]]]",04/16/2026 15:55,via
77,Top Layer.png,"[[[806, 2388], [806, 2386], [805, 2384], [804, 2382], [803, 2380], [801, 2379], [799, 2377], [797, 2377], [794, 2377], [792, 2377], [790, 2377], [788, 2379], [786, 2380], [785, 2382], [784, 2384], [783, 2386], [783, 2388], [783, 2390], [784, 2392], [785, 2394], [786, 2396], [788, 2398], [790, 2399], [792, 2399], [794, 2400], [797, 2399], [799, 2399], [801, 2398], [803, 2396], [804, 2394], [805, 2392], [806, 2390], [806, 2388]]]",04/16/2026 15:55,via
78,Top Layer.png,"[[[1760, 2316], [1760, 2313], [1759, 2311], [1758, 2309], [1756, 2308], [1755, 2306], [1753, 2305], [1750, 2304], [1748, 2304], [1746, 2304], [1744, 2305], [1742, 2306], [1740, 2308], [1739, 2309], [1738, 2311], [1737, 2313], [1737, 2316], [1737, 2318], [1738, 2320], [1739, 2322], [1740, 2324], [1742, 2325], [1744, 2326], [1746, 2327], [1748, 2327], [1750, 2327], [1753, 2326], [1755, 2325], [1756, 2324], [1758, 2322], [1759, 2320], [1760, 2318], [1760, 2316]]]",04/16/2026 15:55,via
79,Top Layer.png,"[[[906, 479], [906, 476], [905, 474], [903, 471], [902, 469], [900, 467], [897, 466], [895, 465], [892, 465], [889, 465], [887, 466], [885, 467], [882, 469], [881, 471], [880, 474], [879, 476], [878, 479], [879, 481], [880, 484], [881, 486], [882, 488], [885, 490], [887, 491], [889, 492], [892, 492], [895, 492], [897, 491], [900, 490], [902, 488], [903, 486], [905, 484], [906, 481], [906, 479]]]",04/16/2026 15:55,via
80,Top Layer.png,"[[[505, 479], [504, 476], [504, 474], [502, 471], [501, 469], [499, 467], [496, 466], [494, 465], [491, 465], [488, 465], [486, 466], [483, 467], [481, 469], [480, 471], [478, 474], [478, 476], [477, 479], [478, 481], [478, 484], [480, 486], [481, 488], [483, 490], [486, 491], [488, 492], [491, 492], [494, 492], [496, 491], [499, 490], [501, 488], [502, 486], [504, 484], [504, 481], [505, 479]]]",04/16/2026 15:55,via
81,Top Layer.png,"[[[829, 479], [829, 476], [828, 474], [827, 471], [825, 469], [823, 467], [821, 466], [818, 465], [815, 465], [813, 465], [810, 466], [808, 467], [806, 469], [804, 471], [803, 474], [802, 476], [802, 479], [802, 481], [803, 484], [804, 486], [806, 488], [808, 490], [810, 491], [813, 492], [815, 492], [818, 492], [821, 491], [823, 490], [825, 488], [827, 486], [828, 484], [829, 481], [829, 479]]]",04/16/2026 15:55,via
82,Top Layer.png,"[[[428, 479], [428, 476], [427, 474], [426, 471], [424, 469], [422, 467], [419, 466], [417, 465], [414, 465], [412, 465], [409, 466], [407, 467], [405, 469], [403, 471], [402, 474], [401, 476], [401, 479], [401, 481], [402, 484], [403, 486], [405, 488], [407, 490], [409, 491], [412, 492], [414, 492], [417, 492], [419, 491], [422, 490], [424, 488], [426, 486], [427, 484], [428, 481], [428, 479]]]",04/16/2026 15:55,via
83,Top Layer.png,"[[[829, 402], [829, 400], [828, 397], [827, 395], [825, 393], [823, 391], [821, 390], [818, 389], [815, 389], [813, 389], [810, 390], [808, 391], [806, 393], [804, 395], [803, 397], [802, 400], [802, 402], [802, 405], [803, 407], [804, 410], [806, 412], [808, 414], [810, 415], [813, 416], [815, 416], [818, 416], [821, 415], [823, 414], [825, 412], [827, 410], [828, 407], [829, 405], [829, 402]]]",04/16/2026 15:55,via
84,Top Layer.png,"[[[752, 479], [752, 476], [751, 474], [750, 471], [748, 469], [746, 467], [744, 466], [741, 465], [739, 465], [736, 465], [733, 466], [731, 467], [729, 469], [727, 471], [726, 474], [725, 476], [725, 479], [725, 481], [726, 484], [727, 486], [729, 488], [731, 490], [733, 491], [736, 492], [739, 492], [741, 492], [744, 491], [746, 490], [748, 488], [750, 486], [751, 484], [752, 481], [752, 479]]]",04/16/2026 15:55,via
85,Top Layer.png,"[[[854, 292], [854, 284], [851, 277], [848, 270], [843, 265], [837, 260], [830, 256], [823, 254], [815, 253], [808, 254], [800, 256], [794, 260], [788, 265], [783, 270], [779, 277], [777, 284], [776, 292], [777, 300], [779, 307], [783, 314], [788, 320], [794, 324], [800, 328], [808, 330], [815, 331], [823, 330], [830, 328], [837, 324], [843, 320], [848, 314], [851, 307], [854, 300], [854, 292]]]",04/16/2026 15:55,via
86,Top Layer.png,"[[[428, 402], [428, 400], [427, 397], [426, 395], [424, 393], [422, 391], [419, 390], [417, 389], [414, 389], [412, 389], [409, 390], [407, 391], [405, 393], [403, 395], [402, 397], [401, 400], [401, 402], [401, 405], [402, 407], [403, 410], [405, 412], [407, 414], [409, 415], [412, 416], [414, 416], [417, 416], [419, 415], [422, 414], [424, 412], [426, 410], [427, 407], [428, 405], [428, 402]]]",04/16/2026 15:55,via
87,Top Layer.png,"[[[351, 479], [351, 476], [350, 474], [349, 471], [347, 469], [345, 467], [343, 466], [340, 465], [337, 465], [335, 465], [332, 466], [330, 467], [328, 469], [326, 471], [325, 474], [324, 476], [324, 479], [324, 481], [325, 484], [326, 486], [328, 488], [330, 490], [332, 491], [335, 492], [337, 492], [340, 492], [343, 491], [345, 490], [347, 488], [349, 486], [350, 484], [351, 481], [351, 479]]]",04/16/2026 15:55,via
88,Top Layer.png,"[[[453, 292], [452, 284], [450, 277], [447, 270], [442, 265], [436, 260], [429, 256], [422, 254], [414, 253], [407, 254], [399, 256], [393, 260], [387, 265], [382, 270], [378, 277], [376, 284], [375, 292], [376, 300], [378, 307], [382, 314], [387, 320], [393, 324], [399, 328], [407, 330], [414, 331], [422, 330], [429, 328], [436, 324], [442, 320], [447, 314], [450, 307], [452, 300], [453, 292]]]",04/16/2026 15:55,via
89,Top Layer.png,"[[[2524, 2474], [2523, 2466], [2521, 2458], [2517, 2451], [2512, 2445], [2506, 2440], [2499, 2436], [2491, 2433], [2483, 2433], [2475, 2433], [2468, 2436], [2460, 2440], [2454, 2445], [2449, 2451], [2445, 2458], [2443, 2466], [2442, 2474], [2443, 2481], [2445, 2489], [2449, 2496], [2454, 2502], [2460, 2507], [2468, 2511], [2475, 2514], [2483, 2514], [2491, 2514], [2499, 2511], [2506, 2507], [2512, 2502], [2517, 2496], [2521, 2489], [2523, 2481], [2524, 2474]]]",04/16/2026 15:55,via
90,Top Layer.png,"[[[2524, 77], [2523, 69], [2521, 61], [2517, 54], [2512, 48], [2506, 43], [2499, 39], [2491, 36], [2483, 36], [2475, 36], [2468, 39], [2460, 43], [2454, 48], [2449, 54], [2445, 61], [2443, 69], [2442, 77], [2443, 84], [2445, 92], [2449, 99], [2454, 105], [2460, 110], [2468, 114], [2475, 117], [2483, 117], [2491, 117], [2499, 114], [2506, 110], [2512, 105], [2517, 99], [2521, 92], [2523, 84], [2524, 77]]]",04/16/2026 15:55,via
91,Top Layer.png,"[[[118, 77], [117, 69], [115, 61], [111, 54], [106, 48], [100, 43], [92, 39], [85, 36], [77, 36], [69, 36], [61, 39], [54, 43], [48, 48], [43, 54], [39, 61], [37, 69], [36, 77], [37, 84], [39, 92], [43, 99], [48, 105], [54, 110], [61, 114], [69, 117], [77, 117], [85, 117], [92, 114], [100, 110], [106, 105], [111, 99], [115, 92], [117, 84], [118, 77]]]",04/16/2026 15:55,via
92,Top Layer.png,"[[[118, 2474], [117, 2466], [115, 2458], [111, 2451], [106, 2445], [100, 2440], [92, 2436], [85, 2433], [77, 2433], [69, 2433], [61, 2436], [54, 2440], [48, 2445], [43, 2451], [39, 2458], [37, 2466], [36, 2474], [37, 2481], [39, 2489], [43, 2496], [48, 2502], [54, 2507], [61, 2511], [69, 2514], [77, 2514], [85, 2514], [92, 2511], [100, 2507], [106, 2502], [111, 2496], [115, 2489], [117, 2481], [118, 2474]]]",04/16/2026 15:55,via
93,Top Layer.png,"[[[356, 694], [356, 692], [355, 689], [354, 687], [352, 685], [350, 684], [348, 682], [345, 682], [343, 681], [340, 682], [338, 682], [335, 684], [334, 685], [332, 687], [331, 689], [330, 692], [330, 694], [330, 697], [331, 699], [332, 702], [334, 704], [335, 705], [338, 706], [340, 707], [343, 707], [345, 707], [348, 706], [350, 705], [352, 704], [354, 702], [355, 699], [356, 697], [356, 694]]]",04/16/2026 15:55,via
94,Top Layer.png,"[[[186, 749], [186, 743], [184, 737], [181, 732], [177, 727], [172, 724], [167, 721], [161, 719], [155, 718], [149, 719], [144, 721], [138, 724], [134, 727], [130, 732], [127, 737], [125, 743], [125, 749], [125, 755], [127, 761], [130, 766], [134, 771], [138, 775], [144, 778], [149, 779], [155, 780], [161, 779], [167, 778], [172, 775], [177, 771], [181, 766], [184, 761], [186, 755], [186, 749]]]",04/16/2026 15:55,via
95,Top Layer.png,"[[[186, 640], [186, 634], [184, 628], [181, 622], [177, 618], [172, 614], [167, 611], [161, 609], [155, 609], [149, 609], [144, 611], [138, 614], [134, 618], [130, 622], [127, 628], [125, 634], [125, 640], [125, 646], [127, 651], [130, 657], [134, 661], [138, 665], [144, 668], [149, 670], [155, 670], [161, 670], [167, 668], [172, 665], [177, 661], [181, 657], [184, 651], [186, 646], [186, 640]]]",04/16/2026 15:55,via
96,Top Layer.png,"[[[1796, 2151], [1795, 2151], [1795, 2150], [1795, 2149], [1794, 2149], [1794, 2148], [1793, 2148], [1792, 2148], [1792, 2148], [1791, 2148], [1790, 2148], [1790, 2148], [1789, 2149], [1789, 2149], [1788, 2150], [1788, 2151], [1788, 2151], [1788, 2152], [1788, 2153], [1789, 2153], [1789, 2154], [1790, 2155], [1790, 2155], [1791, 2155], [1792, 2155], [1792, 2155], [1793, 2155], [1794, 2155], [1794, 2154], [1795, 2153], [1795, 2153], [1795, 2152], [1796, 2151]]]",04/16/2026 15:55,via
97,Top Layer.png,"[[[2120, 535], [2120, 534], [2120, 533], [2120, 533], [2119, 532], [2119, 532], [2118, 531], [2117, 531], [2117, 531], [2116, 531], [2115, 531], [2114, 532], [2114, 532], [2113, 533], [2113, 533], [2113, 534], [2113, 535], [2113, 536], [2113, 537], [2113, 537], [2114, 538], [2114, 538], [2115, 539], [2116, 539], [2117, 539], [2117, 539], [2118, 539], [2119, 538], [2119, 538], [2120, 537], [2120, 537], [2120, 536], [2120, 535]]]",04/16/2026 15:55,via
98,Top Layer.png,"[[[2119, 507], [2119, 506], [2119, 506], [2119, 505], [2118, 504], [2117, 504], [2117, 504], [2116, 503], [2115, 503], [2114, 503], [2114, 504], [2113, 504], [2112, 504], [2112, 505], [2112, 506], [2111, 506], [2111, 507], [2111, 508], [2112, 509], [2112, 509], [2112, 510], [2113, 510], [2114, 511], [2114, 511], [2115, 511], [2116, 511], [2117, 511], [2117, 510], [2118, 510], [2119, 509], [2119, 509], [2119, 508], [2119, 507]]]",04/16/2026 15:55,via
99,Top Layer.png,"[[[2118, 473], [2118, 472], [2118, 471], [2117, 471], [2117, 470], [2116, 470], [2115, 469], [2115, 469], [2114, 469], [2113, 469], [2112, 469], [2112, 470], [2111, 470], [2111, 471], [2110, 471], [2110, 472], [2110, 473], [2110, 474], [2110, 474], [2111, 475], [2111, 476], [2112, 476], [2112, 476], [2113, 477], [2114, 477], [2115, 477], [2115, 476], [2116, 476], [2117, 476], [2117, 475], [2118, 474], [2118, 474], [2118, 473]]]",04/16/2026 15:55,via
100,Top Layer.png,"[[[2080, 472], [2080, 471], [2080, 470], [2080, 469], [2079, 469], [2078, 468], [2078, 468], [2077, 468], [2076, 468], [2075, 468], [2075, 468], [2074, 468], [2073, 469], [2073, 469], [2073, 470], [2072, 471], [2072, 472], [2072, 472], [2073, 473], [2073, 474], [2073, 474], [2074, 475], [2075, 475], [2075, 475], [2076, 475], [2077, 475], [2078, 475], [2078, 475], [2079, 474], [2080, 474], [2080, 473], [2080, 472], [2080, 472]]]",04/16/2026 15:55,via
101,Top Layer.png,"[[[2042, 470], [2042, 469], [2042, 469], [2041, 468], [2041, 467], [2040, 467], [2039, 467], [2039, 466], [2038, 466], [2037, 466], [2036, 467], [2036, 467], [2035, 467], [2035, 468], [2034, 469], [2034, 469], [2034, 470], [2034, 471], [2034, 472], [2035, 472], [2035, 473], [2036, 474], [2036, 474], [2037, 474], [2038, 474], [2039, 474], [2039, 474], [2040, 474], [2041, 473], [2041, 472], [2042, 472], [2042, 471], [2042, 470]]]",04/16/2026 15:55,via
102,Top Layer.png,"[[[2083, 506], [2083, 505], [2083, 504], [2083, 504], [2082, 503], [2082, 503], [2081, 502], [2080, 502], [2079, 502], [2079, 502], [2078, 502], [2077, 503], [2077, 503], [2076, 504], [2076, 504], [2076, 505], [2075, 506], [2076, 507], [2076, 507], [2076, 508], [2077, 509], [2077, 509], [2078, 510], [2079, 510], [2079, 510], [2080, 510], [2081, 510], [2082, 509], [2082, 509], [2083, 508], [2083, 507], [2083, 507], [2083, 506]]]",04/16/2026 15:55,via
103,Top Layer.png,"[[[2042, 505], [2042, 504], [2042, 504], [2042, 503], [2041, 502], [2041, 502], [2040, 502], [2039, 501], [2039, 501], [2038, 501], [2037, 502], [2036, 502], [2036, 502], [2035, 503], [2035, 504], [2035, 504], [2035, 505], [2035, 506], [2035, 507], [2035, 507], [2036, 508], [2036, 508], [2037, 509], [2038, 509], [2039, 509], [2039, 509], [2040, 509], [2041, 508], [2041, 508], [2042, 507], [2042, 507], [2042, 506], [2042, 505]]]",04/16/2026 15:55,via
104,Top Layer.png,"[[[1902, 1735], [1902, 1735], [1902, 1734], [1901, 1734], [1901, 1733], [1901, 1733], [1900, 1733], [1900, 1733], [1899, 1733], [1899, 1733], [1898, 1733], [1898, 1733], [1898, 1733], [1897, 1734], [1897, 1734], [1897, 1735], [1897, 1735], [1897, 1736], [1897, 1736], [1897, 1737], [1898, 1737], [1898, 1737], [1898, 1738], [1899, 1738], [1899, 1738], [1900, 1738], [1900, 1738], [1901, 1737], [1901, 1737], [1901, 1737], [1902, 1736], [1902, 1736], [1902, 1735]]]",04/16/2026 15:55,via
105,Top Layer.png,"[[[1947, 1628], [1947, 1627], [1947, 1626], [1947, 1626], [1946, 1625], [1946, 1624], [1945, 1624], [1944, 1624], [1944, 1624], [1943, 1624], [1942, 1624], [1941, 1624], [1941, 1625], [1940, 1626], [1940, 1626], [1940, 1627], [1940, 1628], [1940, 1628], [1940, 1629], [1940, 1630], [1941, 1630], [1941, 1631], [1942, 1631], [1943, 1631], [1944, 1632], [1944, 1631], [1945, 1631], [1946, 1631], [1946, 1630], [1947, 1630], [1947, 1629], [1947, 1628], [1947, 1628]]]",04/16/2026 15:55,via
106,Top Layer.png,"[[[2360, 1763], [2359, 1762], [2359, 1760], [2358, 1759], [2357, 1758], [2356, 1757], [2355, 1756], [2353, 1756], [2352, 1755], [2350, 1756], [2349, 1756], [2348, 1757], [2346, 1758], [2346, 1759], [2345, 1760], [2344, 1762], [2344, 1763], [2344, 1765], [2345, 1766], [2346, 1767], [2346, 1768], [2348, 1769], [2349, 1770], [2350, 1771], [2352, 1771], [2353, 1771], [2355, 1770], [2356, 1769], [2357, 1768], [2358, 1767], [2359, 1766], [2359, 1765], [2360, 1763]]]",04/16/2026 15:55,via
107,Top Layer.png,"[[[1804, 865], [1803, 864], [1803, 862], [1802, 861], [1801, 860], [1800, 859], [1799, 858], [1797, 858], [1796, 858], [1794, 858], [1793, 858], [1792, 859], [1791, 860], [1790, 861], [1789, 862], [1788, 864], [1788, 865], [1788, 867], [1789, 868], [1790, 870], [1791, 871], [1792, 872], [1793, 872], [1794, 873], [1796, 873], [1797, 873], [1799, 872], [1800, 872], [1801, 871], [1802, 870], [1803, 868], [1803, 867], [1804, 865]]]",04/16/2026 15:55,via
108,Top Layer.png,"[[[1847, 1107], [1847, 1106], [1847, 1105], [1847, 1105], [1846, 1104], [1846, 1104], [1845, 1103], [1844, 1103], [1843, 1103], [1843, 1103], [1842, 1103], [1841, 1104], [1841, 1104], [1840, 1105], [1840, 1105], [1840, 1106], [1840, 1107], [1840, 1108], [1840, 1108], [1840, 1109], [1841, 1110], [1841, 1110], [1842, 1110], [1843, 1111], [1843, 1111], [1844, 1111], [1845, 1110], [1846, 1110], [1846, 1110], [1847, 1109], [1847, 1108], [1847, 1108], [1847, 1107]]]",04/16/2026 15:55,via
109,Top Layer.png,"[[[1884, 1140], [1884, 1139], [1884, 1138], [1883, 1138], [1883, 1137], [1882, 1137], [1882, 1136], [1881, 1136], [1880, 1136], [1880, 1136], [1879, 1136], [1878, 1137], [1878, 1137], [1877, 1138], [1877, 1138], [1877, 1139], [1876, 1140], [1877, 1140], [1877, 1141], [1877, 1142], [1878, 1142], [1878, 1143], [1879, 1143], [1880, 1143], [1880, 1144], [1881, 1143], [1882, 1143], [1882, 1143], [1883, 1142], [1883, 1142], [1884, 1141], [1884, 1140], [1884, 1140]]]",04/16/2026 15:55,via
110,Top Layer.png,"[[[1884, 1107], [1884, 1106], [1884, 1105], [1884, 1105], [1883, 1104], [1883, 1104], [1882, 1103], [1881, 1103], [1880, 1103], [1880, 1103], [1879, 1103], [1878, 1104], [1878, 1104], [1877, 1105], [1877, 1105], [1877, 1106], [1877, 1107], [1877, 1108], [1877, 1108], [1877, 1109], [1878, 1110], [1878, 1110], [1879, 1110], [1880, 1111], [1880, 1111], [1881, 1111], [1882, 1110], [1883, 1110], [1883, 1110], [1884, 1109], [1884, 1108], [1884, 1108], [1884, 1107]]]",04/16/2026 15:55,via
111,Top Layer.png,"[[[1884, 973], [1884, 973], [1884, 972], [1884, 971], [1883, 971], [1883, 970], [1882, 970], [1881, 970], [1880, 970], [1880, 970], [1879, 970], [1878, 970], [1878, 971], [1877, 971], [1877, 972], [1877, 973], [1877, 973], [1877, 974], [1877, 975], [1877, 976], [1878, 976], [1878, 977], [1879, 977], [1880, 977], [1880, 977], [1881, 977], [1882, 977], [1883, 977], [1883, 976], [1884, 976], [1884, 975], [1884, 974], [1884, 973]]]",04/16/2026 15:55,via
112,Top Layer.png,"[[[1906, 1140], [1905, 1140], [1905, 1139], [1905, 1138], [1904, 1138], [1904, 1137], [1903, 1137], [1902, 1137], [1902, 1137], [1901, 1137], [1900, 1137], [1900, 1137], [1899, 1138], [1899, 1138], [1898, 1139], [1898, 1140], [1898, 1140], [1898, 1141], [1898, 1142], [1899, 1142], [1899, 1143], [1900, 1144], [1900, 1144], [1901, 1144], [1902, 1144], [1902, 1144], [1903, 1144], [1904, 1144], [1904, 1143], [1905, 1142], [1905, 1142], [1905, 1141], [1906, 1140]]]",04/16/2026 15:55,via
113,Top Layer.png,"[[[1947, 1547], [1947, 1546], [1947, 1545], [1947, 1545], [1946, 1544], [1946, 1544], [1945, 1543], [1944, 1543], [1944, 1543], [1943, 1543], [1942, 1543], [1941, 1544], [1941, 1544], [1940, 1545], [1940, 1545], [1940, 1546], [1940, 1547], [1940, 1547], [1940, 1548], [1940, 1549], [1941, 1549], [1941, 1550], [1942, 1550], [1943, 1550], [1944, 1551], [1944, 1550], [1945, 1550], [1946, 1550], [1946, 1549], [1947, 1549], [1947, 1548], [1947, 1547], [1947, 1547]]]",04/16/2026 15:55,via
114,Top Layer.png,"[[[1957, 982], [1957, 981], [1957, 980], [1957, 980], [1956, 979], [1955, 979], [1955, 978], [1954, 978], [1953, 978], [1953, 978], [1952, 978], [1951, 979], [1951, 979], [1950, 980], [1950, 980], [1950, 981], [1949, 982], [1950, 983], [1950, 983], [1950, 984], [1951, 985], [1951, 985], [1952, 985], [1953, 986], [1953, 986], [1954, 986], [1955, 985], [1955, 985], [1956, 985], [1957, 984], [1957, 983], [1957, 983], [1957, 982]]]",04/16/2026 15:55,via
115,Top Layer.png,"[[[2004, 1546], [2004, 1545], [2004, 1545], [2003, 1544], [2003, 1543], [2002, 1543], [2002, 1543], [2001, 1542], [2000, 1542], [1999, 1542], [1999, 1543], [1998, 1543], [1997, 1543], [1997, 1544], [1997, 1545], [1996, 1545], [1996, 1546], [1996, 1547], [1997, 1548], [1997, 1548], [1997, 1549], [1998, 1549], [1999, 1550], [1999, 1550], [2000, 1550], [2001, 1550], [2002, 1550], [2002, 1549], [2003, 1549], [2003, 1548], [2004, 1548], [2004, 1547], [2004, 1546]]]",04/16/2026 15:55,via
116,Top Layer.png,"[[[2013, 1272], [2013, 1271], [2012, 1270], [2011, 1268], [2011, 1267], [2009, 1266], [2008, 1265], [2007, 1265], [2005, 1265], [2004, 1265], [2002, 1265], [2001, 1266], [2000, 1267], [1999, 1268], [1998, 1270], [1998, 1271], [1997, 1272], [1998, 1274], [1998, 1275], [1999, 1277], [2000, 1278], [2001, 1279], [2002, 1280], [2004, 1280], [2005, 1280], [2007, 1280], [2008, 1280], [2009, 1279], [2011, 1278], [2011, 1277], [2012, 1275], [2013, 1274], [2013, 1272]]]",04/16/2026 15:55,via
117,Top Layer.png,"[[[2099, 1548], [2099, 1547], [2099, 1547], [2098, 1546], [2098, 1545], [2097, 1545], [2097, 1544], [2096, 1544], [2095, 1544], [2094, 1544], [2094, 1544], [2093, 1545], [2092, 1545], [2092, 1546], [2092, 1547], [2091, 1547], [2091, 1548], [2091, 1549], [2092, 1549], [2092, 1550], [2092, 1551], [2093, 1551], [2094, 1552], [2094, 1552], [2095, 1552], [2096, 1552], [2097, 1552], [2097, 1551], [2098, 1551], [2098, 1550], [2099, 1549], [2099, 1549], [2099, 1548]]]",04/16/2026 15:55,via
118,Top Layer.png,"[[[1504, 1961], [1504, 1960], [1504, 1960], [1504, 1959], [1503, 1959], [1503, 1958], [1502, 1958], [1502, 1958], [1501, 1958], [1501, 1958], [1500, 1958], [1500, 1958], [1500, 1959], [1499, 1959], [1499, 1960], [1499, 1960], [1499, 1961], [1499, 1961], [1499, 1962], [1499, 1962], [1500, 1962], [1500, 1963], [1500, 1963], [1501, 1963], [1501, 1963], [1502, 1963], [1502, 1963], [1503, 1963], [1503, 1962], [1504, 1962], [1504, 1962], [1504, 1961], [1504, 1961]]]",04/16/2026 15:55,via
119,Top Layer.png,"[[[1738, 1936], [1738, 1935], [1738, 1935], [1738, 1935], [1737, 1934], [1737, 1934], [1736, 1934], [1736, 1933], [1735, 1933], [1735, 1933], [1735, 1934], [1734, 1934], [1734, 1934], [1733, 1935], [1733, 1935], [1733, 1935], [1733, 1936], [1733, 1936], [1733, 1937], [1733, 1937], [1734, 1938], [1734, 1938], [1735, 1938], [1735, 1938], [1735, 1939], [1736, 1938], [1736, 1938], [1737, 1938], [1737, 1938], [1738, 1937], [1738, 1937], [1738, 1936], [1738, 1936]]]",04/16/2026 15:55,via
120,Top Layer.png,"[[[880, 1223], [880, 1222], [879, 1221], [879, 1221], [879, 1220], [878, 1220], [877, 1219], [877, 1219], [876, 1219], [875, 1219], [874, 1219], [874, 1220], [873, 1220], [873, 1221], [872, 1221], [872, 1222], [872, 1223], [872, 1224], [872, 1224], [873, 1225], [873, 1226], [874, 1226], [874, 1226], [875, 1227], [876, 1227], [877, 1227], [877, 1226], [878, 1226], [879, 1226], [879, 1225], [879, 1224], [880, 1224], [880, 1223]]]",04/16/2026 15:55,via
121,Top Layer.png,"[[[488, 600], [488, 600], [487, 599], [487, 598], [487, 598], [486, 597], [485, 597], [485, 597], [484, 596], [483, 597], [482, 597], [482, 597], [481, 598], [480, 598], [480, 599], [480, 600], [480, 600], [480, 601], [480, 602], [480, 603], [481, 603], [482, 604], [482, 604], [483, 604], [484, 604], [485, 604], [485, 604], [486, 604], [487, 603], [487, 603], [487, 602], [488, 601], [488, 600]]]",04/16/2026 15:55,via
122,Top Layer.png,"[[[1216, 1104], [1216, 1103], [1216, 1102], [1216, 1102], [1215, 1101], [1215, 1101], [1214, 1100], [1213, 1100], [1212, 1100], [1212, 1100], [1211, 1100], [1210, 1101], [1210, 1101], [1209, 1102], [1209, 1102], [1209, 1103], [1209, 1104], [1209, 1104], [1209, 1105], [1209, 1106], [1210, 1106], [1210, 1107], [1211, 1107], [1212, 1107], [1212, 1108], [1213, 1107], [1214, 1107], [1215, 1107], [1215, 1106], [1216, 1106], [1216, 1105], [1216, 1104], [1216, 1104]]]",04/16/2026 15:55,via
123,Top Layer.png,"[[[2087, 539], [2087, 538], [2086, 537], [2086, 537], [2086, 536], [2085, 536], [2084, 535], [2083, 535], [2083, 535], [2082, 535], [2081, 535], [2081, 536], [2080, 536], [2079, 537], [2079, 537], [2079, 538], [2079, 539], [2079, 540], [2079, 540], [2079, 541], [2080, 542], [2081, 542], [2081, 543], [2082, 543], [2083, 543], [2083, 543], [2084, 543], [2085, 542], [2086, 542], [2086, 541], [2086, 540], [2087, 540], [2087, 539]]]",04/16/2026 15:55,via
124,Top Layer.png,"[[[2362, 225], [2362, 224], [2362, 223], [2362, 223], [2361, 222], [2361, 221], [2360, 221], [2359, 221], [2358, 221], [2358, 221], [2357, 221], [2356, 221], [2356, 222], [2355, 223], [2355, 223], [2355, 224], [2354, 225], [2355, 226], [2355, 226], [2355, 227], [2356, 228], [2356, 228], [2357, 228], [2358, 229], [2358, 229], [2359, 229], [2360, 228], [2361, 228], [2361, 228], [2362, 227], [2362, 226], [2362, 226], [2362, 225]]]",04/16/2026 15:55,via
125,Top Layer.png,"[[[1407, 1372], [1407, 1371], [1407, 1370], [1406, 1370], [1406, 1369], [1405, 1369], [1405, 1368], [1404, 1368], [1403, 1368], [1402, 1368], [1402, 1368], [1401, 1369], [1401, 1369], [1400, 1370], [1400, 1370], [1399, 1371], [1399, 1372], [1399, 1373], [1400, 1373], [1400, 1374], [1401, 1375], [1401, 1375], [1402, 1375], [1402, 1376], [1403, 1376], [1404, 1376], [1405, 1375], [1405, 1375], [1406, 1375], [1406, 1374], [1407, 1373], [1407, 1373], [1407, 1372]]]",04/16/2026 15:55,via
126,Top Layer.png,"[[[705, 1047], [705, 1046], [705, 1045], [705, 1045], [704, 1044], [704, 1044], [703, 1043], [702, 1043], [702, 1043], [701, 1043], [700, 1043], [699, 1044], [699, 1044], [698, 1045], [698, 1045], [698, 1046], [698, 1047], [698, 1047], [698, 1048], [698, 1049], [699, 1049], [699, 1050], [700, 1050], [701, 1050], [702, 1051], [702, 1050], [703, 1050], [704, 1050], [704, 1049], [705, 1049], [705, 1048], [705, 1047], [705, 1047]]]",04/16/2026 15:55,via
127,Top Layer.png,"[[[619, 1047], [619, 1047], [619, 1046], [618, 1045], [618, 1045], [617, 1044], [617, 1044], [616, 1044], [615, 1044], [614, 1044], [614, 1044], [613, 1044], [612, 1045], [612, 1045], [612, 1046], [611, 1047], [611, 1047], [611, 1048], [612, 1049], [612, 1049], [612, 1050], [613, 1051], [614, 1051], [614, 1051], [615, 1051], [616, 1051], [617, 1051], [617, 1051], [618, 1050], [618, 1049], [619, 1049], [619, 1048], [619, 1047]]]",04/16/2026 15:55,via
128,Top Layer.png,"[[[2043, 538], [2043, 537], [2042, 536], [2042, 536], [2042, 535], [2041, 535], [2040, 534], [2040, 534], [2039, 534], [2038, 534], [2037, 534], [2037, 535], [2036, 535], [2035, 536], [2035, 536], [2035, 537], [2035, 538], [2035, 539], [2035, 539], [2035, 540], [2036, 541], [2037, 541], [2037, 542], [2038, 542], [2039, 542], [2040, 542], [2040, 542], [2041, 541], [2042, 541], [2042, 540], [2042, 539], [2043, 539], [2043, 538]]]",04/16/2026 15:55,via
129,Top Layer.png,"[[[1538, 855], [1538, 855], [1537, 854], [1537, 853], [1537, 853], [1536, 852], [1535, 852], [1535, 852], [1534, 852], [1533, 852], [1532, 852], [1532, 852], [1531, 853], [1531, 853], [1530, 854], [1530, 855], [1530, 855], [1530, 856], [1530, 857], [1531, 858], [1531, 858], [1532, 859], [1532, 859], [1533, 859], [1534, 859], [1535, 859], [1535, 859], [1536, 859], [1537, 858], [1537, 858], [1537, 857], [1538, 856], [1538, 855]]]",04/16/2026 15:55,via
130,Top Layer.png,"[[[1732, 1328], [1731, 1328], [1731, 1327], [1731, 1326], [1730, 1326], [1730, 1325], [1729, 1325], [1728, 1325], [1728, 1325], [1727, 1325], [1726, 1325], [1726, 1325], [1725, 1326], [1724, 1326], [1724, 1327], [1724, 1328], [1724, 1328], [1724, 1329], [1724, 1330], [1724, 1331], [1725, 1331], [1726, 1332], [1726, 1332], [1727, 1332], [1728, 1332], [1728, 1332], [1729, 1332], [1730, 1332], [1730, 1331], [1731, 1331], [1731, 1330], [1731, 1329], [1732, 1328]]]",04/16/2026 15:55,via
131,Top Layer.png,"[[[1784, 1123], [1784, 1122], [1784, 1122], [1784, 1121], [1783, 1120], [1782, 1120], [1782, 1120], [1781, 1119], [1780, 1119], [1780, 1119], [1779, 1120], [1778, 1120], [1778, 1120], [1777, 1121], [1777, 1122], [1777, 1122], [1777, 1123], [1777, 1124], [1777, 1125], [1777, 1125], [1778, 1126], [1778, 1126], [1779, 1127], [1780, 1127], [1780, 1127], [1781, 1127], [1782, 1127], [1782, 1126], [1783, 1126], [1784, 1125], [1784, 1125], [1784, 1124], [1784, 1123]]]",04/16/2026 15:55,via
132,Top Layer.png,"[[[1207, 1388], [1207, 1387], [1207, 1387], [1206, 1386], [1206, 1385], [1205, 1385], [1204, 1384], [1204, 1384], [1203, 1384], [1202, 1384], [1201, 1384], [1201, 1385], [1200, 1385], [1200, 1386], [1199, 1387], [1199, 1387], [1199, 1388], [1199, 1389], [1199, 1390], [1200, 1390], [1200, 1391], [1201, 1391], [1201, 1392], [1202, 1392], [1203, 1392], [1204, 1392], [1204, 1392], [1205, 1391], [1206, 1391], [1206, 1390], [1207, 1390], [1207, 1389], [1207, 1388]]]",04/16/2026 15:55,via
133,Top Layer.png,"[[[1352, 979], [1352, 979], [1352, 978], [1352, 977], [1351, 977], [1351, 976], [1350, 976], [1349, 976], [1349, 976], [1348, 976], [1347, 976], [1346, 976], [1346, 977], [1345, 977], [1345, 978], [1345, 979], [1345, 979], [1345, 980], [1345, 981], [1345, 981], [1346, 982], [1346, 983], [1347, 983], [1348, 983], [1349, 983], [1349, 983], [1350, 983], [1351, 983], [1351, 982], [1352, 981], [1352, 981], [1352, 980], [1352, 979]]]",04/16/2026 15:55,via
134,Top Layer.png,"[[[1572, 1578], [1572, 1577], [1572, 1577], [1571, 1576], [1571, 1575], [1570, 1575], [1570, 1575], [1569, 1574], [1568, 1574], [1567, 1574], [1567, 1575], [1566, 1575], [1565, 1575], [1565, 1576], [1564, 1577], [1564, 1577], [1564, 1578], [1564, 1579], [1564, 1580], [1565, 1580], [1565, 1581], [1566, 1581], [1567, 1582], [1567, 1582], [1568, 1582], [1569, 1582], [1570, 1582], [1570, 1581], [1571, 1581], [1571, 1580], [1572, 1580], [1572, 1579], [1572, 1578]]]",04/16/2026 15:55,via
135,Top Layer.png,"[[[2108, 244], [2108, 243], [2108, 242], [2107, 241], [2107, 241], [2106, 240], [2106, 240], [2105, 240], [2104, 240], [2103, 240], [2103, 240], [2102, 240], [2101, 241], [2101, 241], [2101, 242], [2100, 243], [2100, 244], [2100, 244], [2101, 245], [2101, 246], [2101, 246], [2102, 247], [2103, 247], [2103, 247], [2104, 247], [2105, 247], [2106, 247], [2106, 247], [2107, 246], [2107, 246], [2108, 245], [2108, 244], [2108, 244]]]",04/16/2026 15:55,via
136,Top Layer.png,"[[[2044, 231], [2044, 230], [2043, 229], [2043, 228], [2043, 228], [2042, 227], [2041, 227], [2041, 227], [2040, 227], [2039, 227], [2038, 227], [2038, 227], [2037, 228], [2037, 228], [2036, 229], [2036, 230], [2036, 231], [2036, 231], [2036, 232], [2037, 233], [2037, 233], [2038, 234], [2038, 234], [2039, 234], [2040, 235], [2041, 234], [2041, 234], [2042, 234], [2043, 233], [2043, 233], [2043, 232], [2044, 231], [2044, 231]]]",04/16/2026 15:55,via
137,Top Layer.png,"[[[1928, 423], [1928, 422], [1928, 422], [1927, 422], [1927, 421], [1927, 421], [1926, 421], [1926, 420], [1925, 420], [1925, 420], [1924, 421], [1924, 421], [1924, 421], [1923, 422], [1923, 422], [1923, 422], [1923, 423], [1923, 423], [1923, 424], [1923, 424], [1924, 425], [1924, 425], [1924, 425], [1925, 425], [1925, 426], [1926, 425], [1926, 425], [1927, 425], [1927, 425], [1927, 424], [1928, 424], [1928, 423], [1928, 423]]]",04/16/2026 15:55,via
138,Top Layer.png,"[[[1881, 396], [1880, 396], [1880, 395], [1880, 394], [1879, 394], [1879, 393], [1878, 393], [1877, 393], [1877, 392], [1876, 393], [1875, 393], [1874, 393], [1874, 394], [1873, 394], [1873, 395], [1873, 396], [1873, 396], [1873, 397], [1873, 398], [1873, 399], [1874, 399], [1874, 400], [1875, 400], [1876, 400], [1877, 400], [1877, 400], [1878, 400], [1879, 400], [1879, 399], [1880, 399], [1880, 398], [1880, 397], [1881, 396]]]",04/16/2026 15:55,via
139,Top Layer.png,"[[[1813, 1838], [1813, 1837], [1813, 1837], [1812, 1836], [1812, 1836], [1812, 1835], [1811, 1835], [1811, 1835], [1810, 1835], [1810, 1835], [1809, 1835], [1809, 1835], [1808, 1836], [1808, 1836], [1808, 1837], [1808, 1837], [1808, 1838], [1808, 1838], [1808, 1839], [1808, 1839], [1808, 1839], [1809, 1840], [1809, 1840], [1810, 1840], [1810, 1840], [1811, 1840], [1811, 1840], [1812, 1840], [1812, 1839], [1812, 1839], [1813, 1839], [1813, 1838], [1813, 1838]]]",04/16/2026 15:55,via
140,Top Layer.png,"[[[1468, 1836], [1468, 1836], [1468, 1835], [1468, 1835], [1467, 1834], [1467, 1834], [1467, 1834], [1466, 1834], [1466, 1834], [1465, 1834], [1465, 1834], [1464, 1834], [1464, 1834], [1464, 1835], [1463, 1835], [1463, 1836], [1463, 1836], [1463, 1837], [1463, 1837], [1464, 1838], [1464, 1838], [1464, 1838], [1465, 1839], [1465, 1839], [1466, 1839], [1466, 1839], [1467, 1839], [1467, 1838], [1467, 1838], [1468, 1838], [1468, 1837], [1468, 1837], [1468, 1836]]]",04/16/2026 15:55,via
141,Top Layer.png,"[[[1486, 880], [1486, 880], [1486, 879], [1486, 879], [1486, 878], [1485, 878], [1485, 878], [1484, 878], [1484, 878], [1483, 878], [1483, 878], [1482, 878], [1482, 878], [1482, 879], [1481, 879], [1481, 880], [1481, 880], [1481, 881], [1481, 881], [1482, 882], [1482, 882], [1482, 882], [1483, 883], [1483, 883], [1484, 883], [1484, 883], [1485, 883], [1485, 882], [1486, 882], [1486, 882], [1486, 881], [1486, 881], [1486, 880]]]",04/16/2026 15:55,via
142,Top Layer.png,"[[[1879, 563], [1879, 562], [1879, 562], [1879, 561], [1878, 561], [1878, 561], [1878, 561], [1877, 560], [1877, 560], [1876, 560], [1876, 561], [1875, 561], [1875, 561], [1874, 561], [1874, 562], [1874, 562], [1874, 563], [1874, 563], [1874, 564], [1874, 564], [1875, 565], [1875, 565], [1876, 565], [1876, 565], [1877, 565], [1877, 565], [1878, 565], [1878, 565], [1878, 565], [1879, 564], [1879, 564], [1879, 563], [1879, 563]]]",04/16/2026 15:55,via
143,Top Layer.png,"[[[1673, 1445], [1673, 1444], [1673, 1444], [1672, 1443], [1672, 1442], [1671, 1442], [1671, 1441], [1670, 1441], [1669, 1441], [1668, 1441], [1668, 1441], [1667, 1442], [1666, 1442], [1666, 1443], [1666, 1444], [1665, 1444], [1665, 1445], [1665, 1446], [1666, 1446], [1666, 1447], [1666, 1448], [1667, 1448], [1668, 1449], [1668, 1449], [1669, 1449], [1670, 1449], [1671, 1449], [1671, 1448], [1672, 1448], [1672, 1447], [1673, 1446], [1673, 1446], [1673, 1445]]]",04/16/2026 15:55,via
144,Top Layer.png,"[[[1614, 1444], [1614, 1444], [1614, 1443], [1614, 1442], [1613, 1442], [1613, 1441], [1612, 1441], [1611, 1441], [1611, 1441], [1610, 1441], [1609, 1441], [1609, 1441], [1608, 1442], [1607, 1442], [1607, 1443], [1607, 1444], [1607, 1444], [1607, 1445], [1607, 1446], [1607, 1447], [1608, 1447], [1609, 1448], [1609, 1448], [1610, 1448], [1611, 1448], [1611, 1448], [1612, 1448], [1613, 1448], [1613, 1447], [1614, 1447], [1614, 1446], [1614, 1445], [1614, 1444]]]",04/16/2026 15:55,via
145,Top Layer.png,"[[[1618, 1699], [1618, 1698], [1617, 1697], [1617, 1697], [1616, 1696], [1616, 1696], [1615, 1695], [1614, 1695], [1614, 1695], [1613, 1695], [1612, 1695], [1612, 1696], [1611, 1696], [1611, 1697], [1610, 1697], [1610, 1698], [1610, 1699], [1610, 1700], [1610, 1700], [1611, 1701], [1611, 1701], [1612, 1702], [1612, 1702], [1613, 1703], [1614, 1703], [1614, 1703], [1615, 1702], [1616, 1702], [1616, 1701], [1617, 1701], [1617, 1700], [1618, 1700], [1618, 1699]]]",04/16/2026 15:55,via
146,Top Layer.png,"[[[1450, 1659], [1450, 1659], [1450, 1658], [1449, 1657], [1449, 1657], [1448, 1656], [1448, 1656], [1447, 1656], [1446, 1656], [1445, 1656], [1445, 1656], [1444, 1656], [1443, 1657], [1443, 1657], [1443, 1658], [1442, 1659], [1442, 1659], [1442, 1660], [1443, 1661], [1443, 1662], [1443, 1662], [1444, 1663], [1445, 1663], [1445, 1663], [1446, 1663], [1447, 1663], [1448, 1663], [1448, 1663], [1449, 1662], [1449, 1662], [1450, 1661], [1450, 1660], [1450, 1659]]]",04/16/2026 15:55,via
147,Top Layer.png,"[[[1534, 1578], [1533, 1577], [1533, 1577], [1533, 1576], [1532, 1575], [1532, 1575], [1531, 1575], [1530, 1574], [1530, 1574], [1529, 1574], [1528, 1575], [1528, 1575], [1527, 1575], [1526, 1576], [1526, 1577], [1526, 1577], [1526, 1578], [1526, 1579], [1526, 1580], [1526, 1580], [1527, 1581], [1528, 1581], [1528, 1582], [1529, 1582], [1530, 1582], [1530, 1582], [1531, 1582], [1532, 1581], [1532, 1581], [1533, 1580], [1533, 1580], [1533, 1579], [1534, 1578]]]",04/16/2026 15:55,via
148,Top Layer.png,"[[[938, 1968], [938, 1967], [938, 1967], [938, 1966], [937, 1966], [937, 1965], [936, 1965], [935, 1964], [934, 1964], [934, 1964], [933, 1965], [932, 1965], [932, 1966], [931, 1966], [931, 1967], [931, 1967], [931, 1968], [931, 1969], [931, 1970], [931, 1970], [932, 1971], [932, 1971], [933, 1972], [934, 1972], [934, 1972], [935, 1972], [936, 1972], [937, 1971], [937, 1971], [938, 1970], [938, 1970], [938, 1969], [938, 1968]]]",04/16/2026 15:55,via
149,Top Layer.png,"[[[1068, 1848], [1068, 1847], [1067, 1846], [1067, 1846], [1067, 1845], [1066, 1845], [1065, 1844], [1065, 1844], [1064, 1844], [1063, 1844], [1062, 1844], [1062, 1845], [1061, 1845], [1061, 1846], [1060, 1846], [1060, 1847], [1060, 1848], [1060, 1849], [1060, 1849], [1061, 1850], [1061, 1851], [1062, 1851], [1062, 1851], [1063, 1852], [1064, 1852], [1065, 1852], [1065, 1851], [1066, 1851], [1067, 1851], [1067, 1850], [1067, 1849], [1068, 1849], [1068, 1848]]]",04/16/2026 15:55,via
150,Top Layer.png,"[[[841, 1224], [841, 1223], [841, 1222], [841, 1221], [840, 1221], [840, 1220], [839, 1220], [838, 1220], [837, 1220], [837, 1220], [836, 1220], [835, 1220], [835, 1221], [834, 1221], [834, 1222], [833, 1223], [833, 1224], [833, 1224], [834, 1225], [834, 1226], [835, 1226], [835, 1227], [836, 1227], [837, 1227], [837, 1227], [838, 1227], [839, 1227], [840, 1227], [840, 1226], [841, 1226], [841, 1225], [841, 1224], [841, 1224]]]",04/16/2026 15:55,via
151,Top Layer.png,"[[[1204, 1296], [1204, 1295], [1204, 1295], [1204, 1294], [1203, 1293], [1203, 1293], [1202, 1292], [1201, 1292], [1200, 1292], [1200, 1292], [1199, 1292], [1198, 1293], [1198, 1293], [1197, 1294], [1197, 1295], [1196, 1295], [1196, 1296], [1196, 1297], [1197, 1298], [1197, 1298], [1198, 1299], [1198, 1299], [1199, 1300], [1200, 1300], [1200, 1300], [1201, 1300], [1202, 1300], [1203, 1299], [1203, 1299], [1204, 1298], [1204, 1298], [1204, 1297], [1204, 1296]]]",04/16/2026 15:55,via
152,Top Layer.png,"[[[1241, 1232], [1241, 1231], [1240, 1230], [1240, 1230], [1240, 1229], [1239, 1229], [1238, 1228], [1238, 1228], [1237, 1228], [1236, 1228], [1235, 1228], [1235, 1229], [1234, 1229], [1233, 1230], [1233, 1230], [1233, 1231], [1233, 1232], [1233, 1233], [1233, 1233], [1233, 1234], [1234, 1235], [1235, 1235], [1235, 1236], [1236, 1236], [1237, 1236], [1238, 1236], [1238, 1236], [1239, 1235], [1240, 1235], [1240, 1234], [1240, 1233], [1241, 1233], [1241, 1232]]]",04/16/2026 15:55,via
153,Top Layer.png,"[[[1372, 1806], [1372, 1805], [1372, 1805], [1372, 1804], [1371, 1804], [1371, 1804], [1370, 1803], [1370, 1803], [1369, 1803], [1369, 1803], [1368, 1803], [1368, 1804], [1368, 1804], [1367, 1804], [1367, 1805], [1367, 1805], [1367, 1806], [1367, 1806], [1367, 1807], [1367, 1807], [1368, 1808], [1368, 1808], [1368, 1808], [1369, 1808], [1369, 1808], [1370, 1808], [1370, 1808], [1371, 1808], [1371, 1808], [1372, 1807], [1372, 1807], [1372, 1806], [1372, 1806]]]",04/16/2026 15:55,via
154,Top Layer.png,"[[[1380, 1514], [1380, 1514], [1380, 1513], [1380, 1512], [1379, 1512], [1379, 1511], [1378, 1511], [1377, 1511], [1377, 1511], [1376, 1511], [1375, 1511], [1374, 1511], [1374, 1512], [1373, 1512], [1373, 1513], [1373, 1514], [1373, 1514], [1373, 1515], [1373, 1516], [1373, 1516], [1374, 1517], [1374, 1518], [1375, 1518], [1376, 1518], [1377, 1518], [1377, 1518], [1378, 1518], [1379, 1518], [1379, 1517], [1380, 1516], [1380, 1516], [1380, 1515], [1380, 1514]]]",04/16/2026 15:55,via
155,Top Layer.png,"[[[1437, 1513], [1437, 1512], [1437, 1512], [1436, 1511], [1436, 1510], [1435, 1510], [1435, 1509], [1434, 1509], [1433, 1509], [1432, 1509], [1432, 1509], [1431, 1510], [1430, 1510], [1430, 1511], [1430, 1512], [1429, 1512], [1429, 1513], [1429, 1514], [1430, 1514], [1430, 1515], [1430, 1516], [1431, 1516], [1432, 1517], [1432, 1517], [1433, 1517], [1434, 1517], [1435, 1517], [1435, 1516], [1436, 1516], [1436, 1515], [1437, 1514], [1437, 1514], [1437, 1513]]]",04/16/2026 15:55,via
156,Top Layer.png,"[[[1497, 1516], [1497, 1515], [1496, 1514], [1496, 1513], [1496, 1513], [1495, 1512], [1494, 1512], [1494, 1512], [1493, 1512], [1492, 1512], [1491, 1512], [1491, 1512], [1490, 1513], [1490, 1513], [1489, 1514], [1489, 1515], [1489, 1516], [1489, 1516], [1489, 1517], [1490, 1518], [1490, 1518], [1491, 1519], [1491, 1519], [1492, 1519], [1493, 1519], [1494, 1519], [1494, 1519], [1495, 1519], [1496, 1518], [1496, 1518], [1496, 1517], [1497, 1516], [1497, 1516]]]",04/16/2026 15:55,via
157,Top Layer.png,"[[[811, 966], [811, 966], [811, 965], [810, 964], [810, 964], [809, 963], [808, 963], [808, 962], [807, 962], [806, 962], [805, 963], [805, 963], [804, 964], [804, 964], [803, 965], [803, 966], [803, 966], [803, 967], [803, 968], [804, 969], [804, 969], [805, 970], [805, 970], [806, 970], [807, 970], [808, 970], [808, 970], [809, 970], [810, 969], [810, 969], [811, 968], [811, 967], [811, 966]]]",04/16/2026 15:55,via
158,Top Layer.png,"[[[511, 731], [511, 730], [511, 730], [510, 729], [510, 728], [509, 728], [509, 728], [508, 727], [507, 727], [506, 727], [506, 728], [505, 728], [504, 728], [504, 729], [504, 730], [503, 730], [503, 731], [503, 732], [504, 733], [504, 733], [504, 734], [505, 735], [506, 735], [506, 735], [507, 735], [508, 735], [509, 735], [509, 735], [510, 734], [510, 733], [511, 733], [511, 732], [511, 731]]]",04/16/2026 15:55,via
159,Top Layer.png,"[[[860, 912], [860, 911], [860, 910], [860, 910], [859, 909], [859, 909], [858, 908], [857, 908], [856, 908], [856, 908], [855, 908], [854, 909], [854, 909], [853, 910], [853, 910], [852, 911], [852, 912], [852, 913], [853, 913], [853, 914], [854, 915], [854, 915], [855, 916], [856, 916], [856, 916], [857, 916], [858, 916], [859, 915], [859, 915], [860, 914], [860, 913], [860, 913], [860, 912]]]",04/16/2026 15:55,via
160,Top Layer.png,"[[[860, 885], [860, 885], [860, 884], [860, 883], [859, 883], [859, 882], [858, 882], [857, 882], [856, 881], [856, 882], [855, 882], [854, 882], [854, 883], [853, 883], [853, 884], [852, 885], [852, 885], [852, 886], [853, 887], [853, 888], [854, 888], [854, 889], [855, 889], [856, 889], [856, 889], [857, 889], [858, 889], [859, 889], [859, 888], [860, 888], [860, 887], [860, 886], [860, 885]]]",04/16/2026 15:55,via
161,Top Layer.png,"[[[588, 685], [588, 684], [588, 683], [587, 682], [587, 682], [586, 681], [585, 681], [585, 681], [584, 681], [583, 681], [582, 681], [582, 681], [581, 682], [581, 682], [580, 683], [580, 684], [580, 685], [580, 685], [580, 686], [581, 687], [581, 687], [582, 688], [582, 688], [583, 689], [584, 689], [585, 689], [585, 688], [586, 688], [587, 687], [587, 687], [588, 686], [588, 685], [588, 685]]]",04/16/2026 15:55,via
162,Top Layer.png,"[[[583, 600], [583, 600], [582, 599], [582, 598], [582, 598], [581, 597], [580, 597], [579, 597], [579, 596], [578, 597], [577, 597], [577, 597], [576, 598], [575, 598], [575, 599], [575, 600], [575, 600], [575, 601], [575, 602], [575, 603], [576, 603], [577, 604], [577, 604], [578, 604], [579, 604], [579, 604], [580, 604], [581, 604], [582, 603], [582, 603], [582, 602], [583, 601], [583, 600]]]",04/16/2026 15:55,via
163,Top Layer.png,"[[[1069, 297], [1069, 296], [1069, 295], [1068, 294], [1068, 294], [1067, 293], [1067, 293], [1066, 293], [1065, 293], [1064, 293], [1064, 293], [1063, 293], [1062, 294], [1062, 294], [1061, 295], [1061, 296], [1061, 297], [1061, 297], [1061, 298], [1062, 299], [1062, 299], [1063, 300], [1064, 300], [1064, 301], [1065, 301], [1066, 301], [1067, 300], [1067, 300], [1068, 299], [1068, 299], [1069, 298], [1069, 297], [1069, 297]]]",04/16/2026 15:55,via
164,Top Layer.png,"[[[1233, 814], [1233, 813], [1233, 812], [1232, 811], [1232, 811], [1231, 810], [1230, 810], [1230, 810], [1229, 810], [1228, 810], [1227, 810], [1227, 810], [1226, 811], [1226, 811], [1225, 812], [1225, 813], [1225, 814], [1225, 814], [1225, 815], [1226, 816], [1226, 816], [1227, 817], [1227, 817], [1228, 817], [1229, 817], [1230, 817], [1230, 817], [1231, 817], [1232, 816], [1232, 816], [1233, 815], [1233, 814], [1233, 814]]]",04/16/2026 15:55,via
165,Top Layer.png,"[[[1294, 755], [1294, 754], [1294, 753], [1293, 752], [1293, 752], [1292, 751], [1292, 751], [1291, 751], [1290, 751], [1289, 751], [1289, 751], [1288, 751], [1287, 752], [1287, 752], [1287, 753], [1286, 754], [1286, 755], [1286, 755], [1287, 756], [1287, 757], [1287, 757], [1288, 758], [1289, 758], [1289, 758], [1290, 758], [1291, 758], [1292, 758], [1292, 758], [1293, 757], [1293, 757], [1294, 756], [1294, 755], [1294, 755]]]",04/16/2026 15:55,via
166,Top Layer.png,"[[[1486, 666], [1486, 666], [1485, 665], [1485, 664], [1485, 664], [1484, 663], [1483, 663], [1483, 663], [1482, 663], [1481, 663], [1480, 663], [1480, 663], [1479, 664], [1479, 664], [1478, 665], [1478, 666], [1478, 666], [1478, 667], [1478, 668], [1479, 669], [1479, 669], [1480, 670], [1480, 670], [1481, 670], [1482, 670], [1483, 670], [1483, 670], [1484, 670], [1485, 669], [1485, 669], [1485, 668], [1486, 667], [1486, 666]]]",04/16/2026 15:55,via
167,Top Layer.png,"[[[1076, 120], [1076, 119], [1076, 118], [1076, 118], [1075, 117], [1074, 117], [1074, 116], [1073, 116], [1072, 116], [1071, 116], [1071, 116], [1070, 117], [1069, 117], [1069, 118], [1069, 118], [1068, 119], [1068, 120], [1068, 121], [1069, 121], [1069, 122], [1069, 123], [1070, 123], [1071, 123], [1071, 124], [1072, 124], [1073, 124], [1074, 123], [1074, 123], [1075, 123], [1076, 122], [1076, 121], [1076, 121], [1076, 120]]]",04/16/2026 15:55,via
168,Top Layer.png,"[[[1353, 233], [1352, 232], [1352, 232], [1352, 231], [1351, 230], [1351, 230], [1350, 230], [1349, 229], [1349, 229], [1348, 229], [1347, 230], [1346, 230], [1346, 230], [1345, 231], [1345, 232], [1345, 232], [1345, 233], [1345, 234], [1345, 235], [1345, 235], [1346, 236], [1346, 236], [1347, 237], [1348, 237], [1349, 237], [1349, 237], [1350, 237], [1351, 236], [1351, 236], [1352, 235], [1352, 235], [1352, 234], [1353, 233]]]",04/16/2026 15:55,via
169,Top Layer.png,"[[[1507, 138], [1507, 137], [1506, 137], [1506, 136], [1506, 135], [1505, 135], [1504, 135], [1503, 134], [1503, 134], [1502, 134], [1501, 135], [1501, 135], [1500, 135], [1499, 136], [1499, 137], [1499, 137], [1499, 138], [1499, 139], [1499, 140], [1499, 140], [1500, 141], [1501, 142], [1501, 142], [1502, 142], [1503, 142], [1503, 142], [1504, 142], [1505, 142], [1506, 141], [1506, 140], [1506, 140], [1507, 139], [1507, 138]]]",04/16/2026 15:55,via
170,Top Layer.png,"[[[1353, 62], [1353, 61], [1353, 61], [1353, 60], [1352, 59], [1351, 59], [1351, 59], [1350, 58], [1349, 58], [1348, 58], [1348, 59], [1347, 59], [1346, 59], [1346, 60], [1346, 61], [1345, 61], [1345, 62], [1345, 63], [1346, 64], [1346, 64], [1346, 65], [1347, 65], [1348, 66], [1348, 66], [1349, 66], [1350, 66], [1351, 66], [1351, 65], [1352, 65], [1353, 64], [1353, 64], [1353, 63], [1353, 62]]]",04/16/2026 15:55,via
171,Top Layer.png,"[[[1518, 1911], [1518, 1910], [1518, 1910], [1518, 1909], [1518, 1909], [1517, 1909], [1517, 1908], [1516, 1908], [1516, 1908], [1515, 1908], [1515, 1908], [1514, 1909], [1514, 1909], [1514, 1909], [1513, 1910], [1513, 1910], [1513, 1911], [1513, 1911], [1513, 1912], [1514, 1912], [1514, 1913], [1514, 1913], [1515, 1913], [1515, 1913], [1516, 1913], [1516, 1913], [1517, 1913], [1517, 1913], [1518, 1913], [1518, 1912], [1518, 1912], [1518, 1911], [1518, 1911]]]",04/16/2026 15:55,via
172,Top Layer.png,"[[[1619, 1935], [1619, 1934], [1619, 1934], [1619, 1933], [1618, 1933], [1618, 1933], [1617, 1932], [1617, 1932], [1616, 1932], [1616, 1932], [1616, 1932], [1615, 1933], [1615, 1933], [1614, 1933], [1614, 1934], [1614, 1934], [1614, 1935], [1614, 1935], [1614, 1936], [1614, 1936], [1615, 1936], [1615, 1937], [1616, 1937], [1616, 1937], [1616, 1937], [1617, 1937], [1617, 1937], [1618, 1937], [1618, 1936], [1619, 1936], [1619, 1936], [1619, 1935], [1619, 1935]]]",04/16/2026 15:55,via
173,Top Layer.png,"[[[1732, 1369], [1732, 1368], [1732, 1368], [1732, 1367], [1731, 1367], [1730, 1366], [1730, 1366], [1729, 1365], [1728, 1365], [1728, 1365], [1727, 1366], [1726, 1366], [1726, 1367], [1725, 1367], [1725, 1368], [1725, 1368], [1724, 1369], [1725, 1370], [1725, 1371], [1725, 1371], [1726, 1372], [1726, 1372], [1727, 1373], [1728, 1373], [1728, 1373], [1729, 1373], [1730, 1373], [1730, 1372], [1731, 1372], [1732, 1371], [1732, 1371], [1732, 1370], [1732, 1369]]]",04/16/2026 15:55,via
174,Top Layer.png,"[[[1752, 1200], [1752, 1199], [1752, 1199], [1752, 1198], [1751, 1197], [1751, 1197], [1750, 1197], [1749, 1196], [1748, 1196], [1748, 1196], [1747, 1197], [1746, 1197], [1746, 1197], [1745, 1198], [1745, 1199], [1745, 1199], [1745, 1200], [1745, 1201], [1745, 1202], [1745, 1202], [1746, 1203], [1746, 1203], [1747, 1204], [1748, 1204], [1748, 1204], [1749, 1204], [1750, 1204], [1751, 1203], [1751, 1203], [1752, 1202], [1752, 1202], [1752, 1201], [1752, 1200]]]",04/16/2026 15:55,via
175,Top Layer.png,"[[[1538, 666], [1538, 666], [1537, 665], [1537, 664], [1537, 664], [1536, 663], [1535, 663], [1535, 663], [1534, 663], [1533, 663], [1532, 663], [1532, 663], [1531, 664], [1531, 664], [1530, 665], [1530, 666], [1530, 666], [1530, 667], [1530, 668], [1531, 669], [1531, 669], [1532, 670], [1532, 670], [1533, 670], [1534, 670], [1535, 670], [1535, 670], [1536, 670], [1537, 669], [1537, 669], [1537, 668], [1538, 667], [1538, 666]]]",04/16/2026 15:55,via
176,Top Layer.png,"[[[1590, 666], [1590, 666], [1590, 665], [1590, 664], [1589, 664], [1589, 663], [1588, 663], [1587, 663], [1587, 663], [1586, 663], [1585, 663], [1584, 663], [1584, 664], [1583, 664], [1583, 665], [1583, 666], [1583, 666], [1583, 667], [1583, 668], [1583, 669], [1584, 669], [1584, 670], [1585, 670], [1586, 670], [1587, 670], [1587, 670], [1588, 670], [1589, 670], [1589, 669], [1590, 669], [1590, 668], [1590, 667], [1590, 666]]]",04/16/2026 15:55,via
177,Top Layer.png,"[[[1511, 315], [1511, 314], [1511, 314], [1511, 313], [1510, 312], [1509, 312], [1509, 311], [1508, 311], [1507, 311], [1506, 311], [1506, 311], [1505, 312], [1504, 312], [1504, 313], [1504, 314], [1503, 314], [1503, 315], [1503, 316], [1504, 317], [1504, 317], [1504, 318], [1505, 318], [1506, 319], [1506, 319], [1507, 319], [1508, 319], [1509, 319], [1509, 318], [1510, 318], [1511, 317], [1511, 317], [1511, 316], [1511, 315]]]",04/16/2026 15:55,via
178,Top Layer.png,"[[[1657, 316], [1657, 316], [1657, 315], [1656, 314], [1656, 314], [1655, 313], [1654, 313], [1654, 312], [1653, 312], [1652, 312], [1651, 313], [1651, 313], [1650, 314], [1650, 314], [1649, 315], [1649, 316], [1649, 316], [1649, 317], [1649, 318], [1650, 319], [1650, 319], [1651, 320], [1651, 320], [1652, 320], [1653, 320], [1654, 320], [1654, 320], [1655, 320], [1656, 319], [1656, 319], [1657, 318], [1657, 317], [1657, 316]]]",04/16/2026 15:55,via
179,Top Layer.png,"[[[1806, 324], [1806, 323], [1806, 322], [1806, 322], [1805, 321], [1805, 321], [1804, 320], [1803, 320], [1802, 320], [1802, 320], [1801, 320], [1800, 321], [1800, 321], [1799, 322], [1799, 322], [1799, 323], [1798, 324], [1799, 325], [1799, 325], [1799, 326], [1800, 327], [1800, 327], [1801, 328], [1802, 328], [1802, 328], [1803, 328], [1804, 328], [1805, 327], [1805, 327], [1806, 326], [1806, 325], [1806, 325], [1806, 324]]]",04/16/2026 15:55,via
180,Top Layer.png,"[[[1705, 300], [1705, 300], [1705, 299], [1705, 298], [1704, 298], [1704, 297], [1703, 297], [1702, 297], [1701, 296], [1701, 297], [1700, 297], [1699, 297], [1699, 298], [1698, 298], [1698, 299], [1697, 300], [1697, 300], [1697, 301], [1698, 302], [1698, 303], [1699, 303], [1699, 304], [1700, 304], [1701, 304], [1701, 304], [1702, 304], [1703, 304], [1704, 304], [1704, 303], [1705, 303], [1705, 302], [1705, 301], [1705, 300]]]",04/16/2026 15:55,via
181,Top Layer.png,"[[[1806, 297], [1806, 297], [1806, 296], [1806, 295], [1805, 295], [1805, 294], [1804, 294], [1803, 293], [1802, 293], [1802, 293], [1801, 294], [1800, 294], [1800, 295], [1799, 295], [1799, 296], [1799, 297], [1798, 297], [1799, 298], [1799, 299], [1799, 299], [1800, 300], [1800, 301], [1801, 301], [1802, 301], [1802, 301], [1803, 301], [1804, 301], [1805, 301], [1805, 300], [1806, 299], [1806, 299], [1806, 298], [1806, 297]]]",04/16/2026 15:55,via
182,Top Layer.png,"[[[1835, 297], [1835, 297], [1835, 296], [1834, 295], [1834, 295], [1833, 294], [1833, 294], [1832, 293], [1831, 293], [1830, 293], [1830, 294], [1829, 294], [1828, 295], [1828, 295], [1827, 296], [1827, 297], [1827, 297], [1827, 298], [1827, 299], [1828, 299], [1828, 300], [1829, 301], [1830, 301], [1830, 301], [1831, 301], [1832, 301], [1833, 301], [1833, 301], [1834, 300], [1834, 299], [1835, 299], [1835, 298], [1835, 297]]]",04/16/2026 15:55,via
183,Top Layer.png,"[[[1585, 237], [1585, 236], [1585, 235], [1585, 234], [1584, 234], [1584, 233], [1583, 233], [1582, 233], [1581, 233], [1581, 233], [1580, 233], [1579, 233], [1579, 234], [1578, 234], [1578, 235], [1577, 236], [1577, 237], [1577, 237], [1578, 238], [1578, 239], [1579, 239], [1579, 240], [1580, 240], [1581, 241], [1581, 241], [1582, 241], [1583, 240], [1584, 240], [1584, 239], [1585, 239], [1585, 238], [1585, 237], [1585, 237]]]",04/16/2026 15:55,via
184,Top Layer.png,"[[[1671, 138], [1670, 137], [1670, 136], [1670, 135], [1669, 135], [1669, 134], [1668, 134], [1667, 134], [1667, 134], [1666, 134], [1665, 134], [1664, 134], [1664, 135], [1663, 135], [1663, 136], [1663, 137], [1663, 138], [1663, 138], [1663, 139], [1663, 140], [1664, 140], [1664, 141], [1665, 141], [1666, 141], [1667, 142], [1667, 141], [1668, 141], [1669, 141], [1669, 140], [1670, 140], [1670, 139], [1670, 138], [1671, 138]]]",04/16/2026 15:55,via
185,Top Layer.png,"[[[1806, 272], [1806, 271], [1806, 271], [1806, 270], [1805, 269], [1805, 269], [1804, 268], [1803, 268], [1802, 268], [1802, 268], [1801, 268], [1800, 269], [1800, 269], [1799, 270], [1799, 271], [1799, 271], [1798, 272], [1799, 273], [1799, 274], [1799, 274], [1800, 275], [1800, 275], [1801, 276], [1802, 276], [1802, 276], [1803, 276], [1804, 276], [1805, 275], [1805, 275], [1806, 274], [1806, 274], [1806, 273], [1806, 272]]]",04/16/2026 15:55,via
186,Top Layer.png,"[[[1834, 272], [1834, 271], [1834, 271], [1834, 270], [1833, 269], [1833, 269], [1832, 268], [1831, 268], [1830, 268], [1830, 268], [1829, 268], [1828, 269], [1828, 269], [1827, 270], [1827, 271], [1827, 271], [1826, 272], [1827, 273], [1827, 274], [1827, 274], [1828, 275], [1828, 275], [1829, 276], [1830, 276], [1830, 276], [1831, 276], [1832, 276], [1833, 275], [1833, 275], [1834, 274], [1834, 274], [1834, 273], [1834, 272]]]",04/16/2026 15:55,via
187,Top Layer.png,"[[[1806, 218], [1806, 218], [1806, 217], [1806, 216], [1805, 215], [1805, 215], [1804, 215], [1803, 214], [1802, 214], [1802, 214], [1801, 215], [1800, 215], [1800, 215], [1799, 216], [1799, 217], [1799, 218], [1798, 218], [1799, 219], [1799, 220], [1799, 220], [1800, 221], [1800, 222], [1801, 222], [1802, 222], [1802, 222], [1803, 222], [1804, 222], [1805, 222], [1805, 221], [1806, 220], [1806, 220], [1806, 219], [1806, 218]]]",04/16/2026 15:55,via
188,Top Layer.png,"[[[1834, 245], [1834, 244], [1834, 243], [1834, 243], [1833, 242], [1833, 242], [1832, 241], [1831, 241], [1830, 241], [1830, 241], [1829, 241], [1828, 242], [1828, 242], [1827, 243], [1827, 243], [1827, 244], [1826, 245], [1827, 246], [1827, 246], [1827, 247], [1828, 248], [1828, 248], [1829, 248], [1830, 249], [1830, 249], [1831, 249], [1832, 248], [1833, 248], [1833, 248], [1834, 247], [1834, 246], [1834, 246], [1834, 245]]]",04/16/2026 15:55,via
189,Top Layer.png,"[[[1806, 244], [1806, 243], [1806, 243], [1806, 242], [1805, 241], [1805, 241], [1804, 241], [1803, 240], [1802, 240], [1802, 240], [1801, 241], [1800, 241], [1800, 241], [1799, 242], [1799, 243], [1799, 243], [1798, 244], [1799, 245], [1799, 246], [1799, 246], [1800, 247], [1800, 247], [1801, 248], [1802, 248], [1802, 248], [1803, 248], [1804, 248], [1805, 247], [1805, 247], [1806, 246], [1806, 246], [1806, 245], [1806, 244]]]",04/16/2026 15:55,via
190,Top Layer.png,"[[[1834, 218], [1834, 218], [1833, 217], [1833, 216], [1833, 215], [1832, 215], [1831, 215], [1831, 214], [1830, 214], [1829, 214], [1828, 215], [1828, 215], [1827, 215], [1826, 216], [1826, 217], [1826, 218], [1826, 218], [1826, 219], [1826, 220], [1826, 220], [1827, 221], [1828, 222], [1828, 222], [1829, 222], [1830, 222], [1831, 222], [1831, 222], [1832, 222], [1833, 221], [1833, 220], [1833, 220], [1834, 219], [1834, 218]]]",04/16/2026 15:55,via
191,Top Layer.png,"[[[1864, 272], [1864, 271], [1864, 271], [1864, 270], [1863, 269], [1863, 269], [1862, 268], [1861, 268], [1860, 268], [1860, 268], [1859, 268], [1858, 269], [1858, 269], [1857, 270], [1857, 271], [1856, 271], [1856, 272], [1856, 273], [1857, 274], [1857, 274], [1858, 275], [1858, 275], [1859, 276], [1860, 276], [1860, 276], [1861, 276], [1862, 276], [1863, 275], [1863, 275], [1864, 274], [1864, 274], [1864, 273], [1864, 272]]]",04/16/2026 15:55,via
192,Top Layer.png,"[[[1894, 272], [1893, 271], [1893, 271], [1893, 270], [1892, 269], [1892, 269], [1891, 268], [1890, 268], [1890, 268], [1889, 268], [1888, 268], [1887, 269], [1887, 269], [1886, 270], [1886, 271], [1886, 271], [1886, 272], [1886, 273], [1886, 274], [1886, 274], [1887, 275], [1887, 275], [1888, 276], [1889, 276], [1890, 276], [1890, 276], [1891, 276], [1892, 275], [1892, 275], [1893, 274], [1893, 274], [1893, 273], [1894, 272]]]",04/16/2026 15:55,via
193,Top Layer.png,"[[[2132, 268], [2131, 267], [2131, 267], [2131, 266], [2130, 265], [2130, 265], [2129, 265], [2128, 264], [2128, 264], [2127, 264], [2126, 265], [2125, 265], [2125, 265], [2124, 266], [2124, 267], [2124, 267], [2124, 268], [2124, 269], [2124, 270], [2124, 270], [2125, 271], [2125, 271], [2126, 272], [2127, 272], [2128, 272], [2128, 272], [2129, 272], [2130, 271], [2130, 271], [2131, 270], [2131, 270], [2131, 269], [2132, 268]]]",04/16/2026 15:55,via
194,Top Layer.png,"[[[2132, 326], [2132, 325], [2132, 324], [2132, 324], [2131, 323], [2130, 323], [2130, 322], [2129, 322], [2128, 322], [2127, 322], [2127, 322], [2126, 323], [2125, 323], [2125, 324], [2125, 324], [2124, 325], [2124, 326], [2124, 327], [2125, 327], [2125, 328], [2125, 329], [2126, 329], [2127, 329], [2127, 330], [2128, 330], [2129, 330], [2130, 329], [2130, 329], [2131, 329], [2132, 328], [2132, 327], [2132, 327], [2132, 326]]]",04/16/2026 15:55,via
195,Top Layer.png,"[[[2210, 297], [2210, 297], [2210, 296], [2210, 295], [2209, 295], [2208, 294], [2208, 294], [2207, 293], [2206, 293], [2205, 293], [2205, 294], [2204, 294], [2203, 295], [2203, 295], [2203, 296], [2202, 297], [2202, 297], [2202, 298], [2203, 299], [2203, 299], [2203, 300], [2204, 301], [2205, 301], [2205, 301], [2206, 301], [2207, 301], [2208, 301], [2208, 301], [2209, 300], [2210, 299], [2210, 299], [2210, 298], [2210, 297]]]",04/16/2026 15:55,via
196,Top Layer.png,"[[[2132, 297], [2131, 296], [2131, 295], [2131, 294], [2130, 294], [2130, 293], [2129, 293], [2128, 293], [2128, 293], [2127, 293], [2126, 293], [2125, 293], [2125, 294], [2124, 294], [2124, 295], [2124, 296], [2124, 297], [2124, 297], [2124, 298], [2124, 299], [2125, 299], [2125, 300], [2126, 300], [2127, 301], [2128, 301], [2128, 301], [2129, 300], [2130, 300], [2130, 299], [2131, 299], [2131, 298], [2131, 297], [2132, 297]]]",04/16/2026 15:55,via
197,Top Layer.png,"[[[2158, 268], [2157, 267], [2157, 267], [2157, 266], [2156, 265], [2156, 265], [2155, 265], [2154, 264], [2154, 264], [2153, 264], [2152, 265], [2151, 265], [2151, 265], [2150, 266], [2150, 267], [2150, 267], [2150, 268], [2150, 269], [2150, 270], [2150, 270], [2151, 271], [2151, 271], [2152, 272], [2153, 272], [2154, 272], [2154, 272], [2155, 272], [2156, 271], [2156, 271], [2157, 270], [2157, 270], [2157, 269], [2158, 268]]]",04/16/2026 15:55,via
198,Top Layer.png,"[[[2185, 297], [2185, 297], [2185, 296], [2184, 295], [2184, 295], [2183, 294], [2182, 294], [2182, 293], [2181, 293], [2180, 293], [2179, 294], [2179, 294], [2178, 295], [2178, 295], [2177, 296], [2177, 297], [2177, 297], [2177, 298], [2177, 299], [2178, 299], [2178, 300], [2179, 301], [2179, 301], [2180, 301], [2181, 301], [2182, 301], [2182, 301], [2183, 301], [2184, 300], [2184, 299], [2185, 299], [2185, 298], [2185, 297]]]",04/16/2026 15:55,via
199,Top Layer.png,"[[[2158, 297], [2157, 296], [2157, 295], [2157, 294], [2156, 294], [2156, 293], [2155, 293], [2154, 293], [2154, 293], [2153, 293], [2152, 293], [2151, 293], [2151, 294], [2150, 294], [2150, 295], [2150, 296], [2150, 297], [2150, 297], [2150, 298], [2150, 299], [2151, 299], [2151, 300], [2152, 300], [2153, 301], [2154, 301], [2154, 301], [2155, 300], [2156, 300], [2156, 299], [2157, 299], [2157, 298], [2157, 297], [2158, 297]]]",04/16/2026 15:55,via
200,Top Layer.png,"[[[2184, 268], [2184, 267], [2184, 267], [2184, 266], [2183, 265], [2182, 265], [2182, 265], [2181, 264], [2180, 264], [2179, 264], [2179, 265], [2178, 265], [2177, 265], [2177, 266], [2177, 267], [2176, 267], [2176, 268], [2176, 269], [2177, 270], [2177, 270], [2177, 271], [2178, 271], [2179, 272], [2179, 272], [2180, 272], [2181, 272], [2182, 272], [2182, 271], [2183, 271], [2184, 270], [2184, 270], [2184, 269], [2184, 268]]]",04/16/2026 15:55,via
201,Top Layer.png,"[[[2132, 242], [2131, 241], [2131, 241], [2131, 240], [2130, 239], [2130, 239], [2129, 239], [2128, 238], [2128, 238], [2127, 238], [2126, 239], [2125, 239], [2125, 239], [2124, 240], [2124, 241], [2124, 241], [2124, 242], [2124, 243], [2124, 244], [2124, 244], [2125, 245], [2125, 246], [2126, 246], [2127, 246], [2128, 246], [2128, 246], [2129, 246], [2130, 246], [2130, 245], [2131, 244], [2131, 244], [2131, 243], [2132, 242]]]",04/16/2026 15:55,via
202,Top Layer.png,"[[[2091, 227], [2091, 226], [2090, 225], [2090, 225], [2089, 224], [2089, 223], [2088, 223], [2087, 223], [2087, 223], [2086, 223], [2085, 223], [2084, 223], [2084, 224], [2083, 225], [2083, 225], [2083, 226], [2083, 227], [2083, 227], [2083, 228], [2083, 229], [2084, 229], [2084, 230], [2085, 230], [2086, 231], [2087, 231], [2087, 231], [2088, 230], [2089, 230], [2089, 229], [2090, 229], [2090, 228], [2091, 227], [2091, 227]]]",04/16/2026 15:55,via
203,Top Layer.png,"[[[2132, 216], [2131, 215], [2131, 214], [2131, 213], [2130, 213], [2130, 212], [2129, 212], [2128, 212], [2128, 212], [2127, 212], [2126, 212], [2125, 212], [2125, 213], [2124, 213], [2124, 214], [2124, 215], [2124, 216], [2124, 216], [2124, 217], [2124, 218], [2125, 218], [2125, 219], [2126, 219], [2127, 220], [2128, 220], [2128, 220], [2129, 219], [2130, 219], [2130, 218], [2131, 218], [2131, 217], [2131, 216], [2132, 216]]]",04/16/2026 15:55,via
204,Top Layer.png,"[[[2157, 242], [2157, 241], [2157, 241], [2156, 240], [2156, 239], [2155, 239], [2154, 239], [2154, 238], [2153, 238], [2152, 238], [2151, 239], [2151, 239], [2150, 239], [2150, 240], [2149, 241], [2149, 241], [2149, 242], [2149, 243], [2149, 244], [2150, 244], [2150, 245], [2151, 246], [2151, 246], [2152, 246], [2153, 246], [2154, 246], [2154, 246], [2155, 246], [2156, 245], [2156, 244], [2157, 244], [2157, 243], [2157, 242]]]",04/16/2026 15:55,via
205,Top Layer.png,"[[[2210, 268], [2210, 267], [2210, 267], [2210, 266], [2209, 265], [2208, 265], [2208, 265], [2207, 264], [2206, 264], [2205, 264], [2205, 265], [2204, 265], [2203, 265], [2203, 266], [2203, 267], [2202, 267], [2202, 268], [2202, 269], [2203, 270], [2203, 270], [2203, 271], [2204, 271], [2205, 272], [2205, 272], [2206, 272], [2207, 272], [2208, 272], [2208, 271], [2209, 271], [2210, 270], [2210, 270], [2210, 269], [2210, 268]]]",04/16/2026 15:55,via
206,Top Layer.png,"[[[2157, 216], [2157, 215], [2157, 214], [2156, 213], [2156, 213], [2155, 212], [2154, 212], [2154, 212], [2153, 212], [2152, 212], [2151, 212], [2151, 212], [2150, 213], [2150, 213], [2149, 214], [2149, 215], [2149, 216], [2149, 216], [2149, 217], [2150, 218], [2150, 218], [2151, 219], [2151, 219], [2152, 220], [2153, 220], [2154, 220], [2154, 219], [2155, 219], [2156, 218], [2156, 218], [2157, 217], [2157, 216], [2157, 216]]]",04/16/2026 15:55,via
207,Top Layer.png,"[[[2409, 224], [2409, 223], [2409, 223], [2409, 222], [2408, 221], [2407, 221], [2407, 220], [2406, 220], [2405, 220], [2404, 220], [2404, 220], [2403, 221], [2402, 221], [2402, 222], [2402, 223], [2401, 223], [2401, 224], [2401, 225], [2402, 226], [2402, 226], [2402, 227], [2403, 227], [2404, 228], [2404, 228], [2405, 228], [2406, 228], [2407, 228], [2407, 227], [2408, 227], [2409, 226], [2409, 226], [2409, 225], [2409, 224]]]",04/16/2026 15:55,via
208,Top Layer.png,"[[[1894, 297], [1893, 297], [1893, 296], [1893, 295], [1892, 295], [1892, 294], [1891, 294], [1890, 293], [1890, 293], [1889, 293], [1888, 294], [1887, 294], [1887, 295], [1886, 295], [1886, 296], [1886, 297], [1886, 297], [1886, 298], [1886, 299], [1886, 299], [1887, 300], [1887, 301], [1888, 301], [1889, 301], [1890, 301], [1890, 301], [1891, 301], [1892, 301], [1892, 300], [1893, 299], [1893, 299], [1893, 298], [1894, 297]]]",04/16/2026 15:55,via
209,Top Layer.png,"[[[1865, 297], [1865, 297], [1865, 296], [1864, 295], [1864, 295], [1863, 294], [1863, 294], [1862, 293], [1861, 293], [1860, 293], [1859, 294], [1859, 294], [1858, 295], [1858, 295], [1857, 296], [1857, 297], [1857, 297], [1857, 298], [1857, 299], [1858, 299], [1858, 300], [1859, 301], [1859, 301], [1860, 301], [1861, 301], [1862, 301], [1863, 301], [1863, 301], [1864, 300], [1864, 299], [1865, 299], [1865, 298], [1865, 297]]]",04/16/2026 15:55,via
210,Top Layer.png,"[[[1686, 1808], [1686, 1807], [1686, 1807], [1686, 1806], [1686, 1806], [1685, 1806], [1685, 1805], [1684, 1805], [1684, 1805], [1683, 1805], [1683, 1805], [1682, 1806], [1682, 1806], [1682, 1806], [1681, 1807], [1681, 1807], [1681, 1808], [1681, 1808], [1681, 1809], [1682, 1809], [1682, 1810], [1682, 1810], [1683, 1810], [1683, 1810], [1684, 1810], [1684, 1810], [1685, 1810], [1685, 1810], [1686, 1810], [1686, 1809], [1686, 1809], [1686, 1808], [1686, 1808]]]",04/16/2026 15:55,via
211,Top Layer.png,"[[[1784, 1162], [1784, 1161], [1784, 1161], [1784, 1160], [1783, 1159], [1782, 1159], [1782, 1158], [1781, 1158], [1780, 1158], [1780, 1158], [1779, 1158], [1778, 1159], [1778, 1159], [1777, 1160], [1777, 1161], [1777, 1161], [1777, 1162], [1777, 1163], [1777, 1163], [1777, 1164], [1778, 1165], [1778, 1165], [1779, 1166], [1780, 1166], [1780, 1166], [1781, 1166], [1782, 1166], [1782, 1165], [1783, 1165], [1784, 1164], [1784, 1163], [1784, 1163], [1784, 1162]]]",04/16/2026 15:55,via
212,Top Layer.png,"[[[1206, 1350], [1206, 1350], [1206, 1349], [1206, 1348], [1205, 1348], [1204, 1347], [1204, 1347], [1203, 1347], [1202, 1347], [1202, 1347], [1201, 1347], [1200, 1347], [1199, 1348], [1199, 1348], [1199, 1349], [1198, 1350], [1198, 1350], [1198, 1351], [1199, 1352], [1199, 1353], [1199, 1353], [1200, 1354], [1201, 1354], [1202, 1354], [1202, 1354], [1203, 1354], [1204, 1354], [1204, 1354], [1205, 1353], [1206, 1353], [1206, 1352], [1206, 1351], [1206, 1350]]]",04/16/2026 15:55,via
213,Top Layer.png,"[[[1391, 978], [1391, 977], [1391, 977], [1390, 976], [1390, 975], [1389, 975], [1388, 974], [1388, 974], [1387, 974], [1386, 974], [1385, 974], [1385, 975], [1384, 975], [1384, 976], [1383, 977], [1383, 977], [1383, 978], [1383, 979], [1383, 979], [1384, 980], [1384, 981], [1385, 981], [1385, 982], [1386, 982], [1387, 982], [1388, 982], [1388, 982], [1389, 981], [1390, 981], [1390, 980], [1391, 979], [1391, 979], [1391, 978]]]",04/16/2026 15:55,via
214,Top Layer.png,"[[[1858, 1780], [1858, 1779], [1857, 1779], [1857, 1778], [1857, 1778], [1857, 1778], [1856, 1778], [1856, 1777], [1855, 1777], [1855, 1777], [1854, 1778], [1854, 1778], [1853, 1778], [1853, 1778], [1853, 1779], [1853, 1779], [1853, 1780], [1853, 1780], [1853, 1781], [1853, 1781], [1853, 1782], [1854, 1782], [1854, 1782], [1855, 1782], [1855, 1782], [1856, 1782], [1856, 1782], [1857, 1782], [1857, 1782], [1857, 1781], [1857, 1781], [1858, 1780], [1858, 1780]]]",04/16/2026 15:55,via
215,Top Layer.png,"[[[1618, 1474], [1618, 1473], [1617, 1473], [1617, 1472], [1617, 1471], [1616, 1471], [1615, 1471], [1615, 1470], [1614, 1470], [1613, 1470], [1612, 1471], [1612, 1471], [1611, 1471], [1611, 1472], [1610, 1473], [1610, 1473], [1610, 1474], [1610, 1475], [1610, 1476], [1611, 1476], [1611, 1477], [1612, 1477], [1612, 1478], [1613, 1478], [1614, 1478], [1615, 1478], [1615, 1478], [1616, 1477], [1617, 1477], [1617, 1476], [1617, 1476], [1618, 1475], [1618, 1474]]]",04/16/2026 15:55,via
216,Top Layer.png,"[[[1583, 1460], [1583, 1459], [1583, 1458], [1583, 1458], [1582, 1457], [1582, 1457], [1581, 1456], [1580, 1456], [1579, 1456], [1579, 1456], [1578, 1456], [1577, 1457], [1577, 1457], [1576, 1458], [1576, 1458], [1576, 1459], [1576, 1460], [1576, 1461], [1576, 1461], [1576, 1462], [1577, 1463], [1577, 1463], [1578, 1463], [1579, 1464], [1579, 1464], [1580, 1464], [1581, 1463], [1582, 1463], [1582, 1463], [1583, 1462], [1583, 1461], [1583, 1461], [1583, 1460]]]",04/16/2026 15:55,via
217,Top Layer.png,"[[[1207, 1442], [1207, 1442], [1206, 1441], [1206, 1440], [1206, 1440], [1205, 1439], [1204, 1439], [1204, 1439], [1203, 1439], [1202, 1439], [1201, 1439], [1201, 1439], [1200, 1440], [1200, 1440], [1199, 1441], [1199, 1442], [1199, 1442], [1199, 1443], [1199, 1444], [1200, 1445], [1200, 1445], [1201, 1446], [1201, 1446], [1202, 1446], [1203, 1446], [1204, 1446], [1204, 1446], [1205, 1446], [1206, 1445], [1206, 1445], [1206, 1444], [1207, 1443], [1207, 1442]]]",04/16/2026 15:55,via
218,Top Layer.png,"[[[1485, 1309], [1485, 1308], [1485, 1308], [1484, 1307], [1484, 1306], [1483, 1306], [1483, 1305], [1482, 1305], [1481, 1305], [1480, 1305], [1480, 1305], [1479, 1306], [1479, 1306], [1478, 1307], [1478, 1308], [1477, 1308], [1477, 1309], [1477, 1310], [1478, 1310], [1478, 1311], [1479, 1312], [1479, 1312], [1480, 1313], [1480, 1313], [1481, 1313], [1482, 1313], [1483, 1313], [1483, 1312], [1484, 1312], [1484, 1311], [1485, 1310], [1485, 1310], [1485, 1309]]]",04/16/2026 15:55,via
219,Top Layer.png,"[[[1237, 1425], [1237, 1424], [1237, 1423], [1237, 1423], [1236, 1422], [1236, 1422], [1235, 1421], [1234, 1421], [1234, 1421], [1233, 1421], [1232, 1421], [1231, 1422], [1231, 1422], [1230, 1423], [1230, 1423], [1230, 1424], [1230, 1425], [1230, 1426], [1230, 1426], [1230, 1427], [1231, 1428], [1231, 1428], [1232, 1428], [1233, 1429], [1234, 1429], [1234, 1429], [1235, 1428], [1236, 1428], [1236, 1428], [1237, 1427], [1237, 1426], [1237, 1426], [1237, 1425]]]",04/16/2026 15:55,via
220,Top Layer.png,"[[[1259, 1441], [1259, 1440], [1259, 1440], [1258, 1439], [1258, 1438], [1257, 1438], [1256, 1438], [1256, 1437], [1255, 1437], [1254, 1437], [1253, 1438], [1253, 1438], [1252, 1438], [1252, 1439], [1251, 1440], [1251, 1440], [1251, 1441], [1251, 1442], [1251, 1443], [1252, 1443], [1252, 1444], [1253, 1444], [1253, 1445], [1254, 1445], [1255, 1445], [1256, 1445], [1256, 1445], [1257, 1444], [1258, 1444], [1258, 1443], [1259, 1443], [1259, 1442], [1259, 1441]]]",04/16/2026 15:55,via
221,Top Layer.png,"[[[1484, 1335], [1484, 1335], [1484, 1334], [1484, 1333], [1483, 1333], [1483, 1332], [1482, 1332], [1481, 1332], [1480, 1332], [1480, 1332], [1479, 1332], [1478, 1332], [1478, 1333], [1477, 1333], [1477, 1334], [1477, 1335], [1477, 1335], [1477, 1336], [1477, 1337], [1477, 1338], [1478, 1338], [1478, 1339], [1479, 1339], [1480, 1339], [1480, 1339], [1481, 1339], [1482, 1339], [1483, 1339], [1483, 1338], [1484, 1338], [1484, 1337], [1484, 1336], [1484, 1335]]]",04/16/2026 15:55,via
222,Top Layer.png,"[[[1484, 1361], [1484, 1361], [1484, 1360], [1484, 1359], [1483, 1359], [1483, 1358], [1482, 1358], [1481, 1358], [1481, 1358], [1480, 1358], [1479, 1358], [1478, 1358], [1478, 1359], [1477, 1359], [1477, 1360], [1477, 1361], [1477, 1361], [1477, 1362], [1477, 1363], [1477, 1364], [1478, 1364], [1478, 1365], [1479, 1365], [1480, 1365], [1481, 1365], [1481, 1365], [1482, 1365], [1483, 1365], [1483, 1364], [1484, 1364], [1484, 1363], [1484, 1362], [1484, 1361]]]",04/16/2026 15:55,via
223,Top Layer.png,"[[[1288, 1069], [1288, 1068], [1288, 1067], [1287, 1067], [1287, 1066], [1286, 1066], [1286, 1065], [1285, 1065], [1284, 1065], [1283, 1065], [1283, 1065], [1282, 1066], [1282, 1066], [1281, 1067], [1281, 1067], [1280, 1068], [1280, 1069], [1280, 1069], [1281, 1070], [1281, 1071], [1282, 1071], [1282, 1072], [1283, 1072], [1283, 1072], [1284, 1073], [1285, 1072], [1286, 1072], [1286, 1072], [1287, 1071], [1287, 1071], [1288, 1070], [1288, 1069], [1288, 1069]]]",04/16/2026 15:55,via
224,Top Layer.png,"[[[2337, 186], [2337, 185], [2337, 184], [2336, 184], [2336, 183], [2335, 183], [2335, 182], [2334, 182], [2333, 182], [2332, 182], [2332, 182], [2331, 183], [2330, 183], [2330, 184], [2329, 184], [2329, 185], [2329, 186], [2329, 187], [2329, 187], [2330, 188], [2330, 189], [2331, 189], [2332, 190], [2332, 190], [2333, 190], [2334, 190], [2335, 190], [2335, 189], [2336, 189], [2336, 188], [2337, 187], [2337, 187], [2337, 186]]]",04/16/2026 15:55,via
225,Top Layer.png,"[[[2269, 115], [2269, 115], [2269, 114], [2269, 113], [2268, 113], [2268, 112], [2267, 112], [2266, 111], [2265, 111], [2265, 111], [2264, 112], [2263, 112], [2263, 113], [2262, 113], [2262, 114], [2262, 115], [2261, 115], [2262, 116], [2262, 117], [2262, 117], [2263, 118], [2263, 119], [2264, 119], [2265, 119], [2265, 119], [2266, 119], [2267, 119], [2268, 119], [2268, 118], [2269, 117], [2269, 117], [2269, 116], [2269, 115]]]",04/16/2026 15:55,via
226,Top Layer.png,"[[[1950, 127], [1950, 127], [1950, 126], [1950, 125], [1949, 125], [1949, 124], [1948, 124], [1947, 124], [1946, 123], [1946, 124], [1945, 124], [1944, 124], [1944, 125], [1943, 125], [1943, 126], [1942, 127], [1942, 127], [1942, 128], [1943, 129], [1943, 130], [1944, 130], [1944, 131], [1945, 131], [1946, 131], [1946, 131], [1947, 131], [1948, 131], [1949, 131], [1949, 130], [1950, 130], [1950, 129], [1950, 128], [1950, 127]]]",04/16/2026 15:55,via
227,Top Layer.png,"[[[2013, 255], [2013, 254], [2013, 254], [2012, 253], [2012, 252], [2011, 252], [2011, 252], [2010, 251], [2009, 251], [2008, 251], [2008, 252], [2007, 252], [2007, 252], [2006, 253], [2006, 254], [2005, 254], [2005, 255], [2005, 256], [2006, 257], [2006, 257], [2007, 258], [2007, 258], [2008, 259], [2008, 259], [2009, 259], [2010, 259], [2011, 259], [2011, 258], [2012, 258], [2012, 257], [2013, 257], [2013, 256], [2013, 255]]]",04/16/2026 15:55,via
228,Top Layer.png,"[[[2028, 2106], [2028, 2131], [2058, 2131], [2058, 2106], [2028, 2106]]]",04/16/2026 15:55,pad
229,Top Layer.png,"[[[2028, 2145], [2028, 2169], [2058, 2169], [2058, 2145], [2028, 2145]]]",04/16/2026 15:55,pad
230,Top Layer.png,"[[[1977, 2169], [1977, 2145], [1947, 2145], [1947, 2169], [1977, 2169]]]",04/16/2026 15:55,pad
231,Top Layer.png,"[[[1977, 2131], [1977, 2107], [1947, 2107], [1947, 2131], [1977, 2131]]]",04/16/2026 15:55,pad
232,Top Layer.png,"[[[2186, 2110], [2186, 2134], [2216, 2134], [2216, 2110], [2186, 2110]]]",04/16/2026 15:55,pad
233,Top Layer.png,"[[[2186, 2148], [2186, 2172], [2216, 2172], [2216, 2148], [2186, 2148]]]",04/16/2026 15:55,pad
234,Top Layer.png,"[[[2142, 2134], [2142, 2110], [2113, 2110], [2113, 2134], [2142, 2134]]]",04/16/2026 15:55,pad
235,Top Layer.png,"[[[2142, 2173], [2142, 2148], [2113, 2148], [2113, 2173], [2142, 2173]]]",04/16/2026 15:55,pad
236,Top Layer.png,"[[[416, 1501], [416, 1544], [459, 1544], [459, 1501], [416, 1501]]]",04/16/2026 15:55,pad
237,Top Layer.png,"[[[339, 1501], [339, 1544], [382, 1544], [382, 1501], [339, 1501]]]",04/16/2026 15:55,pad
238,Top Layer.png,"[[[339, 1425], [339, 1467], [382, 1467], [382, 1425], [339, 1425]]]",04/16/2026 15:55,pad
239,Top Layer.png,"[[[416, 1425], [416, 1467], [459, 1467], [459, 1425], [416, 1425]]]",04/16/2026 15:55,pad
240,Top Layer.png,"[[[211, 1538], [211, 1616], [289, 1616], [289, 1538], [211, 1538]]]",04/16/2026 15:55,pad
241,Top Layer.png,"[[[211, 1352], [211, 1430], [289, 1430], [289, 1352], [211, 1352]]]",04/16/2026 15:55,pad
242,Top Layer.png,"[[[1654, 1457], [1654, 1432], [1624, 1432], [1624, 1457], [1654, 1457]]]",04/16/2026 15:55,pad
243,Top Layer.png,"[[[1654, 1418], [1654, 1394], [1624, 1394], [1624, 1418], [1654, 1418]]]",04/16/2026 15:55,pad
244,Top Layer.png,"[[[1713, 1457], [1713, 1433], [1683, 1433], [1683, 1457], [1713, 1457]]]",04/16/2026 15:55,pad
245,Top Layer.png,"[[[1713, 1419], [1713, 1395], [1683, 1395], [1683, 1419], [1713, 1419]]]",04/16/2026 15:55,pad
246,Top Layer.png,"[[[1745, 2139], [1745, 2164], [1774, 2164], [1774, 2139], [1745, 2139]]]",04/16/2026 15:55,pad
247,Top Layer.png,"[[[1745, 2101], [1745, 2125], [1774, 2125], [1774, 2101], [1745, 2101]]]",04/16/2026 15:55,pad
248,Top Layer.png,"[[[2109, 1531], [2109, 1507], [2080, 1507], [2080, 1531], [2109, 1531]]]",04/16/2026 15:55,pad
249,Top Layer.png,"[[[2109, 1493], [2109, 1469], [2080, 1469], [2080, 1493], [2109, 1493]]]",04/16/2026 15:55,pad
250,Top Layer.png,"[[[2015, 1531], [2015, 1507], [1985, 1507], [1985, 1531], [2015, 1531]]]",04/16/2026 15:55,pad
251,Top Layer.png,"[[[2015, 1493], [2015, 1469], [1985, 1469], [1985, 1493], [2015, 1493]]]",04/16/2026 15:55,pad
252,Top Layer.png,"[[[2122, 1469], [2122, 1493], [2152, 1493], [2152, 1469], [2122, 1469]]]",04/16/2026 15:55,pad
253,Top Layer.png,"[[[2122, 1507], [2122, 1532], [2152, 1532], [2152, 1507], [2122, 1507]]]",04/16/2026 15:55,pad
254,Top Layer.png,"[[[2027, 1469], [2027, 1493], [2057, 1493], [2057, 1469], [2027, 1469]]]",04/16/2026 15:55,pad
255,Top Layer.png,"[[[2027, 1507], [2027, 1532], [2057, 1532], [2057, 1507], [2027, 1507]]]",04/16/2026 15:55,pad
256,Top Layer.png,"[[[1676, 1821], [1676, 1797], [1647, 1797], [1647, 1821], [1676, 1821]]]",04/16/2026 15:55,pad
257,Top Layer.png,"[[[1676, 1783], [1676, 1758], [1647, 1758], [1647, 1783], [1676, 1783]]]",04/16/2026 15:55,pad
258,Top Layer.png,"[[[1440, 1881], [1465, 1881], [1465, 1852], [1440, 1852], [1440, 1881]]]",04/16/2026 15:55,pad
259,Top Layer.png,"[[[1478, 1881], [1503, 1881], [1503, 1852], [1478, 1852], [1478, 1881]]]",04/16/2026 15:55,pad
260,Top Layer.png,"[[[1566, 1881], [1591, 1881], [1591, 1851], [1566, 1851], [1566, 1881]]]",04/16/2026 15:55,pad
261,Top Layer.png,"[[[1605, 1881], [1629, 1881], [1629, 1851], [1605, 1851], [1605, 1881]]]",04/16/2026 15:55,pad
262,Top Layer.png,"[[[2242, 1589], [2242, 1549], [2202, 1549], [2202, 1589], [2242, 1589]]]",04/16/2026 15:55,pad
263,Top Layer.png,"[[[2242, 1513], [2242, 1473], [2202, 1473], [2202, 1513], [2242, 1513]]]",04/16/2026 15:55,pad
264,Top Layer.png,"[[[2319, 1589], [2319, 1549], [2279, 1549], [2279, 1589], [2319, 1589]]]",04/16/2026 15:55,pad
265,Top Layer.png,"[[[2319, 1513], [2319, 1473], [2279, 1473], [2279, 1513], [2319, 1513]]]",04/16/2026 15:55,pad
266,Top Layer.png,"[[[2448, 1608], [2448, 1531], [2371, 1531], [2371, 1608], [2448, 1608]]]",04/16/2026 15:55,pad
267,Top Layer.png,"[[[2319, 1666], [2319, 1626], [2279, 1626], [2279, 1666], [2319, 1666]]]",04/16/2026 15:55,pad
268,Top Layer.png,"[[[2242, 1666], [2242, 1626], [2202, 1626], [2202, 1666], [2242, 1666]]]",04/16/2026 15:55,pad
269,Top Layer.png,"[[[629, 1125], [629, 1100], [600, 1100], [600, 1125], [629, 1125]]]",04/16/2026 15:55,pad
270,Top Layer.png,"[[[629, 1086], [629, 1062], [600, 1062], [600, 1086], [629, 1086]]]",04/16/2026 15:55,pad
271,Top Layer.png,"[[[716, 1123], [716, 1099], [687, 1099], [687, 1123], [716, 1123]]]",04/16/2026 15:55,pad
272,Top Layer.png,"[[[716, 1085], [716, 1061], [687, 1061], [687, 1085], [716, 1085]]]",04/16/2026 15:55,pad
273,Top Layer.png,"[[[1757, 1136], [1757, 1111], [1727, 1111], [1727, 1136], [1757, 1136]]]",04/16/2026 15:55,pad
274,Top Layer.png,"[[[1757, 1174], [1757, 1149], [1727, 1149], [1727, 1174], [1757, 1174]]]",04/16/2026 15:55,pad
275,Top Layer.png,"[[[1226, 1376], [1226, 1401], [1255, 1401], [1255, 1376], [1226, 1376]]]",04/16/2026 15:55,pad
276,Top Layer.png,"[[[1226, 1338], [1226, 1362], [1255, 1362], [1255, 1338], [1226, 1338]]]",04/16/2026 15:55,pad
277,Top Layer.png,"[[[1361, 1000], [1336, 1000], [1336, 1029], [1361, 1029], [1361, 1000]]]",04/16/2026 15:55,pad
278,Top Layer.png,"[[[1399, 1000], [1374, 1000], [1374, 1029], [1399, 1029], [1399, 1000]]]",04/16/2026 15:55,pad
279,Top Layer.png,"[[[1661, 2019], [1688, 2019], [1688, 1993], [1661, 1993], [1661, 2019]]]",04/16/2026 15:55,pad
280,Top Layer.png,"[[[1584, 2019], [1611, 2019], [1611, 1993], [1584, 1993], [1584, 2019]]]",04/16/2026 15:55,pad
281,Top Layer.png,"[[[1683, 1982], [1705, 1982], [1705, 1940], [1683, 1940], [1683, 1982]]]",04/16/2026 15:55,pad
282,Top Layer.png,"[[[1644, 1982], [1666, 1982], [1666, 1940], [1644, 1940], [1644, 1982]]]",04/16/2026 15:55,pad
283,Top Layer.png,"[[[1715, 1993], [1744, 1993], [1744, 1969], [1715, 1969], [1715, 1993]]]",04/16/2026 15:55,pad
284,Top Layer.png,"[[[1528, 1993], [1557, 1993], [1557, 1969], [1528, 1969], [1528, 1993]]]",04/16/2026 15:55,pad
285,Top Layer.png,"[[[1715, 2043], [1744, 2043], [1744, 2018], [1715, 2018], [1715, 2043]]]",04/16/2026 15:55,pad
286,Top Layer.png,"[[[1528, 2043], [1557, 2043], [1557, 2018], [1528, 2018], [1528, 2043]]]",04/16/2026 15:55,pad
287,Top Layer.png,"[[[1568, 1982], [1589, 1982], [1589, 1940], [1568, 1940], [1568, 1982]]]",04/16/2026 15:55,pad
288,Top Layer.png,"[[[1436, 2019], [1463, 2019], [1463, 1993], [1436, 1993], [1436, 2019]]]",04/16/2026 15:55,pad
289,Top Layer.png,"[[[1359, 2019], [1386, 2019], [1386, 1993], [1359, 1993], [1359, 2019]]]",04/16/2026 15:55,pad
290,Top Layer.png,"[[[1458, 1982], [1479, 1982], [1479, 1940], [1458, 1940], [1458, 1982]]]",04/16/2026 15:55,pad
291,Top Layer.png,"[[[1419, 1982], [1441, 1982], [1441, 1940], [1419, 1940], [1419, 1982]]]",04/16/2026 15:55,pad
292,Top Layer.png,"[[[1490, 1993], [1519, 1993], [1519, 1969], [1490, 1969], [1490, 1993]]]",04/16/2026 15:55,pad
293,Top Layer.png,"[[[1303, 1993], [1332, 1993], [1332, 1969], [1303, 1969], [1303, 1993]]]",04/16/2026 15:55,pad
294,Top Layer.png,"[[[1490, 2043], [1519, 2043], [1519, 2018], [1490, 2018], [1490, 2043]]]",04/16/2026 15:55,pad
295,Top Layer.png,"[[[1303, 2043], [1332, 2043], [1332, 2018], [1303, 2018], [1303, 2043]]]",04/16/2026 15:55,pad
296,Top Layer.png,"[[[1343, 1982], [1364, 1982], [1364, 1940], [1343, 1940], [1343, 1982]]]",04/16/2026 15:55,pad
297,Top Layer.png,"[[[1915, 1046], [1949, 1046], [1949, 1034], [1915, 1034], [1915, 1046]]]",04/16/2026 15:55,pad
298,Top Layer.png,"[[[1915, 1063], [1949, 1063], [1949, 1051], [1915, 1051], [1915, 1063]]]",04/16/2026 15:55,pad
299,Top Layer.png,"[[[1915, 1079], [1949, 1079], [1949, 1068], [1915, 1068], [1915, 1079]]]",04/16/2026 15:55,pad
300,Top Layer.png,"[[[1915, 1096], [1949, 1096], [1949, 1084], [1915, 1084], [1915, 1096]]]",04/16/2026 15:55,pad
301,Top Layer.png,"[[[1915, 1112], [1949, 1112], [1949, 1101], [1915, 1101], [1915, 1112]]]",04/16/2026 15:55,pad
302,Top Layer.png,"[[[1915, 1129], [1949, 1129], [1949, 1117], [1915, 1117], [1915, 1129]]]",04/16/2026 15:55,pad
303,Top Layer.png,"[[[1915, 1162], [1949, 1162], [1949, 1150], [1915, 1150], [1915, 1162]]]",04/16/2026 15:55,pad
304,Top Layer.png,"[[[1915, 1179], [1949, 1179], [1949, 1167], [1915, 1167], [1915, 1179]]]",04/16/2026 15:55,pad
305,Top Layer.png,"[[[1915, 1195], [1949, 1195], [1949, 1184], [1915, 1184], [1915, 1195]]]",04/16/2026 15:55,pad
306,Top Layer.png,"[[[1915, 1212], [1949, 1212], [1949, 1200], [1915, 1200], [1915, 1212]]]",04/16/2026 15:55,pad
307,Top Layer.png,"[[[1915, 1228], [1949, 1228], [1949, 1217], [1915, 1217], [1915, 1228]]]",04/16/2026 15:55,pad
308,Top Layer.png,"[[[2061, 1228], [2095, 1228], [2095, 1217], [2061, 1217], [2061, 1228]]]",04/16/2026 15:55,pad
309,Top Layer.png,"[[[2061, 1212], [2095, 1212], [2095, 1200], [2061, 1200], [2061, 1212]]]",04/16/2026 15:55,pad
310,Top Layer.png,"[[[2061, 1195], [2095, 1195], [2095, 1184], [2061, 1184], [2061, 1195]]]",04/16/2026 15:55,pad
311,Top Layer.png,"[[[2061, 1179], [2095, 1179], [2095, 1167], [2061, 1167], [2061, 1179]]]",04/16/2026 15:55,pad
312,Top Layer.png,"[[[2061, 1162], [2095, 1162], [2095, 1150], [2061, 1150], [2061, 1162]]]",04/16/2026 15:55,pad
313,Top Layer.png,"[[[2061, 1145], [2095, 1145], [2095, 1134], [2061, 1134], [2061, 1145]]]",04/16/2026 15:55,pad
314,Top Layer.png,"[[[2061, 1129], [2095, 1129], [2095, 1117], [2061, 1117], [2061, 1129]]]",04/16/2026 15:55,pad
315,Top Layer.png,"[[[2061, 1112], [2095, 1112], [2095, 1101], [2061, 1101], [2061, 1112]]]",04/16/2026 15:55,pad
316,Top Layer.png,"[[[2061, 1096], [2095, 1096], [2095, 1084], [2061, 1084], [2061, 1096]]]",04/16/2026 15:55,pad
317,Top Layer.png,"[[[2061, 1079], [2095, 1079], [2095, 1068], [2061, 1068], [2061, 1079]]]",04/16/2026 15:55,pad
318,Top Layer.png,"[[[2061, 1063], [2095, 1063], [2095, 1051], [2061, 1051], [2061, 1063]]]",04/16/2026 15:55,pad
319,Top Layer.png,"[[[2061, 1046], [2095, 1046], [2095, 1034], [2061, 1034], [2061, 1046]]]",04/16/2026 15:55,pad
320,Top Layer.png,"[[[1970, 1213], [2041, 1213], [2041, 1050], [1970, 1050], [1970, 1213]]]",04/16/2026 15:55,pad
321,Top Layer.png,"[[[1915, 1145], [1949, 1145], [1949, 1134], [1915, 1134], [1915, 1145]]]",04/16/2026 15:55,pad
322,Top Layer.png,"[[[1692, 2164], [1692, 2139], [1663, 2139], [1663, 2164], [1692, 2164]]]",04/16/2026 15:55,pad
323,Top Layer.png,"[[[1692, 2125], [1692, 2101], [1663, 2101], [1663, 2125], [1692, 2125]]]",04/16/2026 15:55,pad
324,Top Layer.png,"[[[1650, 2164], [1650, 2139], [1621, 2139], [1621, 2164], [1650, 2164]]]",04/16/2026 15:55,pad
325,Top Layer.png,"[[[1650, 2125], [1650, 2101], [1621, 2101], [1621, 2125], [1650, 2125]]]",04/16/2026 15:55,pad
326,Top Layer.png,"[[[1370, 2100], [1370, 2125], [1400, 2125], [1400, 2100], [1370, 2100]]]",04/16/2026 15:55,pad
327,Top Layer.png,"[[[1370, 2139], [1370, 2163], [1400, 2163], [1400, 2139], [1370, 2139]]]",04/16/2026 15:55,pad
328,Top Layer.png,"[[[1412, 2100], [1412, 2125], [1442, 2125], [1442, 2100], [1412, 2100]]]",04/16/2026 15:55,pad
329,Top Layer.png,"[[[1412, 2139], [1412, 2163], [1442, 2163], [1442, 2139], [1412, 2139]]]",04/16/2026 15:55,pad
330,Top Layer.png,"[[[1869, 1015], [1869, 1034], [1892, 1034], [1892, 1015], [1869, 1015]]]",04/16/2026 15:55,pad
331,Top Layer.png,"[[[1869, 989], [1869, 1009], [1892, 1009], [1892, 989], [1869, 989]]]",04/16/2026 15:55,pad
332,Top Layer.png,"[[[1855, 1188], [1835, 1188], [1835, 1210], [1855, 1210], [1855, 1188]]]",04/16/2026 15:55,pad
333,Top Layer.png,"[[[1880, 1188], [1861, 1188], [1861, 1210], [1880, 1210], [1880, 1188]]]",04/16/2026 15:55,pad
334,Top Layer.png,"[[[1854, 1151], [1834, 1151], [1834, 1174], [1854, 1174], [1854, 1151]]]",04/16/2026 15:55,pad
335,Top Layer.png,"[[[1880, 1151], [1860, 1151], [1860, 1174], [1880, 1174], [1880, 1151]]]",04/16/2026 15:55,pad
336,Top Layer.png,"[[[1834, 1072], [1834, 1092], [1856, 1092], [1856, 1072], [1834, 1072]]]",04/16/2026 15:55,pad
337,Top Layer.png,"[[[1834, 1047], [1834, 1066], [1856, 1066], [1856, 1047], [1834, 1047]]]",04/16/2026 15:55,pad
338,Top Layer.png,"[[[1994, 992], [2014, 992], [2014, 970], [1994, 970], [1994, 992]]]",04/16/2026 15:55,pad
339,Top Layer.png,"[[[1968, 992], [1988, 992], [1988, 970], [1968, 970], [1968, 992]]]",04/16/2026 15:55,pad
340,Top Layer.png,"[[[1961, 888], [2047, 888], [2047, 843], [1961, 843], [1961, 888]]]",04/16/2026 15:55,pad
341,Top Layer.png,"[[[1833, 888], [1919, 888], [1919, 843], [1833, 843], [1833, 888]]]",04/16/2026 15:55,pad
342,Top Layer.png,"[[[1869, 1072], [1869, 1092], [1892, 1092], [1892, 1072], [1869, 1072]]]",04/16/2026 15:55,pad
343,Top Layer.png,"[[[1869, 1047], [1869, 1066], [1892, 1066], [1892, 1047], [1869, 1047]]]",04/16/2026 15:55,pad
344,Top Layer.png,"[[[1203, 1160], [1222, 1160], [1222, 1126], [1203, 1126], [1203, 1160]]]",04/16/2026 15:55,pad
345,Top Layer.png,"[[[1227, 1221], [1246, 1221], [1246, 1187], [1227, 1187], [1227, 1221]]]",04/16/2026 15:55,pad
346,Top Layer.png,"[[[1251, 1160], [1271, 1160], [1271, 1126], [1251, 1126], [1251, 1160]]]",04/16/2026 15:55,pad
347,Top Layer.png,"[[[1251, 1221], [1271, 1221], [1271, 1187], [1251, 1187], [1251, 1221]]]",04/16/2026 15:55,pad
348,Top Layer.png,"[[[1203, 1221], [1222, 1221], [1222, 1187], [1203, 1187], [1203, 1221]]]",04/16/2026 15:55,pad
349,Top Layer.png,"[[[1227, 1160], [1246, 1160], [1246, 1126], [1227, 1126], [1227, 1160]]]",04/16/2026 15:55,pad
350,Top Layer.png,"[[[1647, 1335], [1647, 1328], [1616, 1328], [1616, 1335], [1647, 1335]]]",04/16/2026 15:55,pad
351,Top Layer.png,"[[[1647, 1170], [1647, 1162], [1616, 1162], [1616, 1170], [1647, 1170]]]",04/16/2026 15:55,pad
352,Top Layer.png,"[[[1392, 1423], [1392, 1393], [1384, 1393], [1384, 1423], [1392, 1423]]]",04/16/2026 15:55,pad
353,Top Layer.png,"[[[1546, 1423], [1546, 1393], [1538, 1393], [1538, 1423], [1546, 1423]]]",04/16/2026 15:55,pad
354,Top Layer.png,"[[[1352, 1361], [1352, 1353], [1322, 1353], [1322, 1361], [1352, 1361]]]",04/16/2026 15:55,pad
355,Top Layer.png,"[[[1392, 1130], [1392, 1100], [1384, 1100], [1384, 1130], [1392, 1130]]]",04/16/2026 15:55,pad
356,Top Layer.png,"[[[1647, 1246], [1647, 1238], [1616, 1238], [1616, 1246], [1647, 1246]]]",04/16/2026 15:55,pad
357,Top Layer.png,"[[[1647, 1233], [1647, 1226], [1616, 1226], [1616, 1233], [1647, 1233]]]",04/16/2026 15:55,pad
358,Top Layer.png,"[[[1647, 1259], [1647, 1251], [1616, 1251], [1616, 1259], [1647, 1259]]]",04/16/2026 15:55,pad
359,Top Layer.png,"[[[1647, 1297], [1647, 1289], [1616, 1289], [1616, 1297], [1647, 1297]]]",04/16/2026 15:55,pad
360,Top Layer.png,"[[[1647, 1272], [1647, 1264], [1616, 1264], [1616, 1272], [1647, 1272]]]",04/16/2026 15:55,pad
361,Top Layer.png,"[[[1647, 1182], [1647, 1175], [1616, 1175], [1616, 1182], [1647, 1182]]]",04/16/2026 15:55,pad
362,Top Layer.png,"[[[1647, 1348], [1647, 1340], [1616, 1340], [1616, 1348], [1647, 1348]]]",04/16/2026 15:55,pad
363,Top Layer.png,"[[[1533, 1423], [1533, 1393], [1525, 1393], [1525, 1423], [1533, 1423]]]",04/16/2026 15:55,pad
364,Top Layer.png,"[[[1405, 1130], [1405, 1100], [1397, 1100], [1397, 1130], [1405, 1130]]]",04/16/2026 15:55,pad
365,Top Layer.png,"[[[1352, 1348], [1352, 1340], [1322, 1340], [1322, 1348], [1352, 1348]]]",04/16/2026 15:55,pad
366,Top Layer.png,"[[[1469, 1423], [1469, 1393], [1461, 1393], [1461, 1423], [1469, 1423]]]",04/16/2026 15:55,pad
367,Top Layer.png,"[[[1352, 1170], [1352, 1162], [1322, 1162], [1322, 1170], [1352, 1170]]]",04/16/2026 15:55,pad
368,Top Layer.png,"[[[1418, 1130], [1418, 1100], [1410, 1100], [1410, 1130], [1418, 1130]]]",04/16/2026 15:55,pad
369,Top Layer.png,"[[[1352, 1246], [1352, 1238], [1322, 1238], [1322, 1246], [1352, 1246]]]",04/16/2026 15:55,pad
370,Top Layer.png,"[[[1571, 1130], [1571, 1100], [1564, 1100], [1564, 1130], [1571, 1130]]]",04/16/2026 15:55,pad
371,Top Layer.png,"[[[1352, 1335], [1352, 1328], [1322, 1328], [1322, 1335], [1352, 1335]]]",04/16/2026 15:55,pad
372,Top Layer.png,"[[[1352, 1323], [1352, 1315], [1322, 1315], [1322, 1323], [1352, 1323]]]",04/16/2026 15:55,pad
373,Top Layer.png,"[[[1352, 1310], [1352, 1302], [1322, 1302], [1322, 1310], [1352, 1310]]]",04/16/2026 15:55,pad
374,Top Layer.png,"[[[1352, 1297], [1352, 1289], [1322, 1289], [1322, 1297], [1352, 1297]]]",04/16/2026 15:55,pad
375,Top Layer.png,"[[[1352, 1284], [1352, 1277], [1322, 1277], [1322, 1284], [1352, 1284]]]",04/16/2026 15:55,pad
376,Top Layer.png,"[[[1352, 1272], [1352, 1264], [1322, 1264], [1322, 1272], [1352, 1272]]]",04/16/2026 15:55,pad
377,Top Layer.png,"[[[1352, 1259], [1352, 1251], [1322, 1251], [1322, 1259], [1352, 1259]]]",04/16/2026 15:55,pad
378,Top Layer.png,"[[[1352, 1233], [1352, 1226], [1322, 1226], [1322, 1233], [1352, 1233]]]",04/16/2026 15:55,pad
379,Top Layer.png,"[[[1352, 1221], [1352, 1213], [1322, 1213], [1322, 1221], [1352, 1221]]]",04/16/2026 15:55,pad
380,Top Layer.png,"[[[1352, 1208], [1352, 1200], [1322, 1200], [1322, 1208], [1352, 1208]]]",04/16/2026 15:55,pad
381,Top Layer.png,"[[[1352, 1195], [1352, 1187], [1322, 1187], [1322, 1195], [1352, 1195]]]",04/16/2026 15:55,pad
382,Top Layer.png,"[[[1352, 1182], [1352, 1175], [1322, 1175], [1322, 1182], [1352, 1182]]]",04/16/2026 15:55,pad
383,Top Layer.png,"[[[1431, 1130], [1431, 1100], [1423, 1100], [1423, 1130], [1431, 1130]]]",04/16/2026 15:55,pad
384,Top Layer.png,"[[[1443, 1130], [1443, 1100], [1436, 1100], [1436, 1130], [1443, 1130]]]",04/16/2026 15:55,pad
385,Top Layer.png,"[[[1456, 1130], [1456, 1100], [1448, 1100], [1448, 1130], [1456, 1130]]]",04/16/2026 15:55,pad
386,Top Layer.png,"[[[1469, 1130], [1469, 1100], [1461, 1100], [1461, 1130], [1469, 1130]]]",04/16/2026 15:55,pad
387,Top Layer.png,"[[[1482, 1130], [1482, 1100], [1474, 1100], [1474, 1130], [1482, 1130]]]",04/16/2026 15:55,pad
388,Top Layer.png,"[[[1495, 1130], [1495, 1100], [1487, 1100], [1487, 1130], [1495, 1130]]]",04/16/2026 15:55,pad
389,Top Layer.png,"[[[1507, 1130], [1507, 1100], [1500, 1100], [1500, 1130], [1507, 1130]]]",04/16/2026 15:55,pad
390,Top Layer.png,"[[[1520, 1130], [1520, 1100], [1512, 1100], [1512, 1130], [1520, 1130]]]",04/16/2026 15:55,pad
391,Top Layer.png,"[[[1533, 1130], [1533, 1100], [1525, 1100], [1525, 1130], [1533, 1130]]]",04/16/2026 15:55,pad
392,Top Layer.png,"[[[1546, 1130], [1546, 1100], [1538, 1100], [1538, 1130], [1546, 1130]]]",04/16/2026 15:55,pad
393,Top Layer.png,"[[[1559, 1130], [1559, 1100], [1551, 1100], [1551, 1130], [1559, 1130]]]",04/16/2026 15:55,pad
394,Top Layer.png,"[[[1584, 1130], [1584, 1100], [1576, 1100], [1576, 1130], [1584, 1130]]]",04/16/2026 15:55,pad
395,Top Layer.png,"[[[1647, 1195], [1647, 1187], [1616, 1187], [1616, 1195], [1647, 1195]]]",04/16/2026 15:55,pad
396,Top Layer.png,"[[[1647, 1208], [1647, 1200], [1616, 1200], [1616, 1208], [1647, 1208]]]",04/16/2026 15:55,pad
397,Top Layer.png,"[[[1647, 1221], [1647, 1213], [1616, 1213], [1616, 1221], [1647, 1221]]]",04/16/2026 15:55,pad
398,Top Layer.png,"[[[1647, 1284], [1647, 1277], [1616, 1277], [1616, 1284], [1647, 1284]]]",04/16/2026 15:55,pad
399,Top Layer.png,"[[[1647, 1361], [1647, 1353], [1616, 1353], [1616, 1361], [1647, 1361]]]",04/16/2026 15:55,pad
400,Top Layer.png,"[[[1584, 1423], [1584, 1393], [1576, 1393], [1576, 1423], [1584, 1423]]]",04/16/2026 15:55,pad
401,Top Layer.png,"[[[1571, 1423], [1571, 1393], [1564, 1393], [1564, 1423], [1571, 1423]]]",04/16/2026 15:55,pad
402,Top Layer.png,"[[[1559, 1423], [1559, 1393], [1551, 1393], [1551, 1423], [1559, 1423]]]",04/16/2026 15:55,pad
403,Top Layer.png,"[[[1520, 1423], [1520, 1393], [1512, 1393], [1512, 1423], [1520, 1423]]]",04/16/2026 15:55,pad
404,Top Layer.png,"[[[1507, 1423], [1507, 1393], [1500, 1393], [1500, 1423], [1507, 1423]]]",04/16/2026 15:55,pad
405,Top Layer.png,"[[[1495, 1423], [1495, 1393], [1487, 1393], [1487, 1423], [1495, 1423]]]",04/16/2026 15:55,pad
406,Top Layer.png,"[[[1482, 1423], [1482, 1393], [1474, 1393], [1474, 1423], [1482, 1423]]]",04/16/2026 15:55,pad
407,Top Layer.png,"[[[1456, 1423], [1456, 1393], [1448, 1393], [1448, 1423], [1456, 1423]]]",04/16/2026 15:55,pad
408,Top Layer.png,"[[[1443, 1423], [1443, 1393], [1436, 1393], [1436, 1423], [1443, 1423]]]",04/16/2026 15:55,pad
409,Top Layer.png,"[[[1431, 1423], [1431, 1393], [1423, 1393], [1423, 1423], [1431, 1423]]]",04/16/2026 15:55,pad
410,Top Layer.png,"[[[1418, 1423], [1418, 1393], [1410, 1393], [1410, 1423], [1418, 1423]]]",04/16/2026 15:55,pad
411,Top Layer.png,"[[[1405, 1423], [1405, 1393], [1397, 1393], [1397, 1423], [1405, 1423]]]",04/16/2026 15:55,pad
412,Top Layer.png,"[[[1647, 1323], [1647, 1315], [1616, 1315], [1616, 1323], [1647, 1323]]]",04/16/2026 15:55,pad
413,Top Layer.png,"[[[1647, 1310], [1647, 1302], [1616, 1302], [1616, 1310], [1647, 1310]]]",04/16/2026 15:55,pad
414,Top Layer.png,"[[[1344, 2296], [1304, 2296], [1304, 2335], [1344, 2335], [1344, 2296]]]",04/16/2026 15:55,pad
415,Top Layer.png,"[[[1521, 2368], [1481, 2368], [1481, 2408], [1521, 2408], [1521, 2368]]]",04/16/2026 15:55,pad
416,Top Layer.png,"[[[1591, 2368], [1552, 2368], [1552, 2408], [1591, 2408], [1591, 2368]]]",04/16/2026 15:55,pad
417,Top Layer.png,"[[[1733, 2368], [1693, 2368], [1693, 2408], [1733, 2408], [1733, 2368]]]",04/16/2026 15:55,pad
418,Top Layer.png,"[[[1839, 2296], [1799, 2296], [1799, 2335], [1839, 2335], [1839, 2296]]]",04/16/2026 15:55,pad
419,Top Layer.png,"[[[1909, 2296], [1870, 2296], [1870, 2335], [1909, 2335], [1909, 2296]]]",04/16/2026 15:55,pad
420,Top Layer.png,"[[[1945, 2368], [1905, 2368], [1905, 2408], [1945, 2408], [1945, 2368]]]",04/16/2026 15:55,pad
421,Top Layer.png,"[[[1874, 2368], [1834, 2368], [1834, 2408], [1874, 2408], [1874, 2368]]]",04/16/2026 15:55,pad
422,Top Layer.png,"[[[1026, 2368], [987, 2368], [987, 2408], [1026, 2408], [1026, 2368]]]",04/16/2026 15:55,pad
423,Top Layer.png,"[[[1238, 2368], [1198, 2368], [1198, 2408], [1238, 2408], [1238, 2368]]]",04/16/2026 15:55,pad
424,Top Layer.png,"[[[1662, 2368], [1622, 2368], [1622, 2408], [1662, 2408], [1662, 2368]]]",04/16/2026 15:55,pad
425,Top Layer.png,"[[[1556, 2296], [1516, 2296], [1516, 2335], [1556, 2335], [1556, 2296]]]",04/16/2026 15:55,pad
426,Top Layer.png,"[[[1803, 2368], [1764, 2368], [1764, 2408], [1803, 2408], [1803, 2368]]]",04/16/2026 15:55,pad
427,Top Layer.png,"[[[1450, 2368], [1410, 2368], [1410, 2408], [1450, 2408], [1450, 2368]]]",04/16/2026 15:55,pad
428,Top Layer.png,"[[[1379, 2368], [1340, 2368], [1340, 2408], [1379, 2408], [1379, 2368]]]",04/16/2026 15:55,pad
429,Top Layer.png,"[[[1309, 2368], [1269, 2368], [1269, 2408], [1309, 2408], [1309, 2368]]]",04/16/2026 15:55,pad
430,Top Layer.png,"[[[1168, 2368], [1128, 2368], [1128, 2408], [1168, 2408], [1168, 2368]]]",04/16/2026 15:55,pad
431,Top Layer.png,"[[[1097, 2368], [1057, 2368], [1057, 2408], [1097, 2408], [1097, 2368]]]",04/16/2026 15:55,pad
432,Top Layer.png,"[[[744, 2368], [704, 2368], [704, 2408], [744, 2408], [744, 2368]]]",04/16/2026 15:55,pad
433,Top Layer.png,"[[[673, 2368], [633, 2368], [633, 2408], [673, 2408], [673, 2368]]]",04/16/2026 15:55,pad
434,Top Layer.png,"[[[1697, 2296], [1658, 2296], [1658, 2335], [1697, 2335], [1697, 2296]]]",04/16/2026 15:55,pad
435,Top Layer.png,"[[[1627, 2296], [1587, 2296], [1587, 2335], [1627, 2335], [1627, 2296]]]",04/16/2026 15:55,pad
436,Top Layer.png,"[[[1485, 2296], [1446, 2296], [1446, 2335], [1485, 2335], [1485, 2296]]]",04/16/2026 15:55,pad
437,Top Layer.png,"[[[1415, 2296], [1375, 2296], [1375, 2335], [1415, 2335], [1415, 2296]]]",04/16/2026 15:55,pad
438,Top Layer.png,"[[[1273, 2296], [1234, 2296], [1234, 2335], [1273, 2335], [1273, 2296]]]",04/16/2026 15:55,pad
439,Top Layer.png,"[[[1203, 2296], [1163, 2296], [1163, 2335], [1203, 2335], [1203, 2296]]]",04/16/2026 15:55,pad
440,Top Layer.png,"[[[1132, 2296], [1093, 2296], [1093, 2335], [1132, 2335], [1132, 2296]]]",04/16/2026 15:55,pad
441,Top Layer.png,"[[[1062, 2296], [1022, 2296], [1022, 2335], [1062, 2335], [1062, 2296]]]",04/16/2026 15:55,pad
442,Top Layer.png,"[[[991, 2296], [951, 2296], [951, 2335], [991, 2335], [991, 2296]]]",04/16/2026 15:55,pad
443,Top Layer.png,"[[[920, 2296], [881, 2296], [881, 2335], [920, 2335], [920, 2296]]]",04/16/2026 15:55,pad
444,Top Layer.png,"[[[850, 2296], [810, 2296], [810, 2335], [850, 2335], [850, 2296]]]",04/16/2026 15:55,pad
445,Top Layer.png,"[[[779, 2296], [739, 2296], [739, 2335], [779, 2335], [779, 2296]]]",04/16/2026 15:55,pad
446,Top Layer.png,"[[[708, 2296], [669, 2296], [669, 2335], [708, 2335], [708, 2296]]]",04/16/2026 15:55,pad
447,Top Layer.png,"[[[2165, 2289], [2038, 2289], [2038, 2415], [2165, 2415], [2165, 2289]]]",04/16/2026 15:55,pad
448,Top Layer.png,"[[[540, 2289], [413, 2289], [413, 2415], [540, 2415], [540, 2289]]]",04/16/2026 15:55,pad
449,Top Layer.png,"[[[885, 2368], [845, 2368], [845, 2408], [885, 2408], [885, 2368]]]",04/16/2026 15:55,pad
450,Top Layer.png,"[[[956, 2368], [916, 2368], [916, 2408], [956, 2408], [956, 2368]]]",04/16/2026 15:55,pad
451,Top Layer.png,"[[[814, 2368], [775, 2368], [775, 2408], [814, 2408], [814, 2368]]]",04/16/2026 15:55,pad
452,Top Layer.png,"[[[1768, 2296], [1728, 2296], [1728, 2335], [1768, 2335], [1768, 2296]]]",04/16/2026 15:55,pad
453,Top Layer.png,"[[[1385, 1790], [1385, 1766], [1355, 1766], [1355, 1790], [1385, 1790]]]",04/16/2026 15:55,pad
454,Top Layer.png,"[[[1385, 1752], [1385, 1728], [1355, 1728], [1355, 1752], [1385, 1752]]]",04/16/2026 15:55,pad
455,Top Layer.png,"[[[1724, 1820], [1724, 1796], [1694, 1796], [1694, 1820], [1724, 1820]]]",04/16/2026 15:55,pad
456,Top Layer.png,"[[[1724, 1782], [1724, 1757], [1694, 1757], [1694, 1782], [1724, 1782]]]",04/16/2026 15:55,pad
457,Top Layer.png,"[[[864, 1208], [888, 1208], [888, 1179], [864, 1179], [864, 1208]]]",04/16/2026 15:55,pad
458,Top Layer.png,"[[[826, 1208], [850, 1208], [850, 1179], [826, 1179], [826, 1208]]]",04/16/2026 15:55,pad
459,Top Layer.png,"[[[511, 382], [471, 382], [471, 422], [511, 422], [511, 382]]]",04/16/2026 15:55,pad
460,Top Layer.png,"[[[358, 382], [317, 382], [317, 422], [358, 422], [358, 382]]]",04/16/2026 15:55,pad
461,Top Layer.png,"[[[511, 459], [471, 459], [471, 499], [511, 499], [511, 459]]]",04/16/2026 15:55,pad
462,Top Layer.png,"[[[434, 459], [394, 459], [394, 499], [434, 499], [434, 459]]]",04/16/2026 15:55,pad
463,Top Layer.png,"[[[434, 382], [394, 382], [394, 422], [434, 422], [434, 382]]]",04/16/2026 15:55,pad
464,Top Layer.png,"[[[358, 459], [317, 459], [317, 499], [358, 499], [358, 459]]]",04/16/2026 15:55,pad
465,Top Layer.png,"[[[453, 253], [375, 253], [375, 331], [453, 331], [453, 253]]]",04/16/2026 15:55,pad
466,Top Layer.png,"[[[1272, 776], [1272, 728], [1243, 728], [1243, 776], [1272, 776]]]",04/16/2026 15:55,pad
467,Top Layer.png,"[[[1272, 615], [1272, 568], [1243, 568], [1243, 615], [1272, 615]]]",04/16/2026 15:55,pad
468,Top Layer.png,"[[[1175, 776], [1175, 728], [1145, 728], [1145, 776], [1175, 776]]]",04/16/2026 15:55,pad
469,Top Layer.png,"[[[1175, 615], [1175, 568], [1145, 568], [1145, 615], [1175, 615]]]",04/16/2026 15:55,pad
470,Top Layer.png,"[[[920, 2112], [920, 2136], [949, 2136], [949, 2112], [920, 2112]]]",04/16/2026 15:55,pad
471,Top Layer.png,"[[[920, 2073], [920, 2098], [949, 2098], [949, 2073], [920, 2073]]]",04/16/2026 15:55,pad
472,Top Layer.png,"[[[2303, 265], [2279, 265], [2279, 294], [2303, 294], [2303, 265]]]",04/16/2026 15:55,pad
473,Top Layer.png,"[[[2342, 265], [2317, 265], [2317, 294], [2342, 294], [2342, 265]]]",04/16/2026 15:55,pad
474,Top Layer.png,"[[[2323, 235], [2323, 207], [2307, 207], [2307, 235], [2323, 235]]]",04/16/2026 15:55,pad
475,Top Layer.png,"[[[2298, 166], [2298, 138], [2283, 138], [2283, 166], [2298, 166]]]",04/16/2026 15:55,pad
476,Top Layer.png,"[[[2274, 235], [2274, 207], [2259, 207], [2259, 235], [2274, 235]]]",04/16/2026 15:55,pad
477,Top Layer.png,"[[[2298, 235], [2298, 207], [2283, 207], [2283, 235], [2298, 235]]]",04/16/2026 15:55,pad
478,Top Layer.png,"[[[2323, 166], [2323, 138], [2307, 138], [2307, 166], [2323, 166]]]",04/16/2026 15:55,pad
479,Top Layer.png,"[[[2274, 166], [2274, 138], [2259, 138], [2259, 166], [2274, 166]]]",04/16/2026 15:55,pad
480,Top Layer.png,"[[[2390, 138], [2390, 162], [2419, 162], [2419, 138], [2390, 138]]]",04/16/2026 15:55,pad
481,Top Layer.png,"[[[2390, 176], [2390, 201], [2419, 201], [2419, 176], [2390, 176]]]",04/16/2026 15:55,pad
482,Top Layer.png,"[[[2344, 138], [2344, 162], [2374, 162], [2374, 138], [2344, 138]]]",04/16/2026 15:55,pad
483,Top Layer.png,"[[[2344, 176], [2344, 201], [2374, 201], [2374, 176], [2344, 176]]]",04/16/2026 15:55,pad
484,Top Layer.png,"[[[2255, 316], [2234, 316], [2234, 398], [2255, 398], [2255, 316]]]",04/16/2026 15:55,pad
485,Top Layer.png,"[[[2301, 316], [2281, 316], [2281, 398], [2301, 398], [2301, 316]]]",04/16/2026 15:55,pad
486,Top Layer.png,"[[[2237, 208], [2237, 183], [2208, 183], [2208, 208], [2237, 208]]]",04/16/2026 15:55,pad
487,Top Layer.png,"[[[2237, 246], [2237, 222], [2208, 222], [2208, 246], [2237, 246]]]",04/16/2026 15:55,pad
488,Top Layer.png,"[[[920, 1985], [920, 2010], [949, 2010], [949, 1985], [920, 1985]]]",04/16/2026 15:55,pad
489,Top Layer.png,"[[[920, 2024], [920, 2048], [949, 2048], [949, 2024], [920, 2024]]]",04/16/2026 15:55,pad
490,Top Layer.png,"[[[2192, 208], [2192, 183], [2162, 183], [2162, 208], [2192, 208]]]",04/16/2026 15:55,pad
491,Top Layer.png,"[[[2192, 246], [2192, 222], [2162, 222], [2162, 246], [2192, 246]]]",04/16/2026 15:55,pad
492,Top Layer.png,"[[[1470, 1623], [1442, 1595], [1418, 1619], [1446, 1647], [1470, 1623]]]",04/16/2026 15:55,pad
493,Top Layer.png,"[[[1461, 1552], [1433, 1525], [1409, 1549], [1437, 1577], [1461, 1552]]]",04/16/2026 15:55,pad
494,Top Layer.png,"[[[1430, 1583], [1402, 1555], [1378, 1580], [1406, 1607], [1430, 1583]]]",04/16/2026 15:55,pad
495,Top Layer.png,"[[[1501, 1592], [1473, 1564], [1448, 1589], [1476, 1616], [1501, 1592]]]",04/16/2026 15:55,pad
496,Top Layer.png,"[[[530, 640], [496, 640], [496, 650], [530, 650], [530, 640]]]",04/16/2026 15:55,pad
497,Top Layer.png,"[[[639, 691], [605, 691], [605, 701], [639, 701], [639, 691]]]",04/16/2026 15:55,pad
498,Top Layer.png,"[[[530, 652], [496, 652], [496, 663], [530, 663], [530, 652]]]",04/16/2026 15:55,pad
499,Top Layer.png,"[[[639, 678], [605, 678], [605, 688], [639, 688], [639, 678]]]",04/16/2026 15:55,pad
500,Top Layer.png,"[[[639, 640], [605, 640], [605, 650], [639, 650], [639, 640]]]",04/16/2026 15:55,pad
501,Top Layer.png,"[[[639, 652], [605, 652], [605, 663], [639, 663], [639, 652]]]",04/16/2026 15:55,pad
502,Top Layer.png,"[[[530, 665], [496, 665], [496, 676], [530, 676], [530, 665]]]",04/16/2026 15:55,pad
503,Top Layer.png,"[[[530, 678], [496, 678], [496, 688], [530, 688], [530, 678]]]",04/16/2026 15:55,pad
504,Top Layer.png,"[[[530, 691], [496, 691], [496, 701], [530, 701], [530, 691]]]",04/16/2026 15:55,pad
505,Top Layer.png,"[[[639, 665], [605, 665], [605, 676], [639, 676], [639, 665]]]",04/16/2026 15:55,pad
506,Top Layer.png,"[[[1253, 235], [1312, 235], [1312, 217], [1253, 217], [1253, 235]]]",04/16/2026 15:55,pad
507,Top Layer.png,"[[[1130, 138], [1189, 138], [1189, 120], [1130, 120], [1130, 138]]]",04/16/2026 15:55,pad
508,Top Layer.png,"[[[1253, 138], [1312, 138], [1312, 120], [1253, 120], [1253, 138]]]",04/16/2026 15:55,pad
509,Top Layer.png,"[[[1253, 170], [1312, 170], [1312, 152], [1253, 152], [1253, 170]]]",04/16/2026 15:55,pad
510,Top Layer.png,"[[[1253, 203], [1312, 203], [1312, 185], [1253, 185], [1253, 203]]]",04/16/2026 15:55,pad
511,Top Layer.png,"[[[1130, 235], [1189, 235], [1189, 217], [1130, 217], [1130, 235]]]",04/16/2026 15:55,pad
512,Top Layer.png,"[[[1130, 203], [1189, 203], [1189, 185], [1130, 185], [1130, 203]]]",04/16/2026 15:55,pad
513,Top Layer.png,"[[[1130, 170], [1189, 170], [1189, 152], [1130, 152], [1130, 170]]]",04/16/2026 15:55,pad
514,Top Layer.png,"[[[2004, 242], [2004, 214], [1988, 214], [1988, 242], [2004, 242]]]",04/16/2026 15:55,pad
515,Top Layer.png,"[[[1979, 173], [1979, 145], [1964, 145], [1964, 173], [1979, 173]]]",04/16/2026 15:55,pad
516,Top Layer.png,"[[[1955, 242], [1955, 214], [1939, 214], [1939, 242], [1955, 242]]]",04/16/2026 15:55,pad
517,Top Layer.png,"[[[1979, 242], [1979, 214], [1964, 214], [1964, 242], [1979, 242]]]",04/16/2026 15:55,pad
518,Top Layer.png,"[[[2004, 173], [2004, 145], [1988, 145], [1988, 173], [2004, 173]]]",04/16/2026 15:55,pad
519,Top Layer.png,"[[[1955, 173], [1955, 145], [1939, 145], [1939, 173], [1955, 173]]]",04/16/2026 15:55,pad
520,Top Layer.png,"[[[1486, 1802], [1446, 1802], [1446, 1817], [1486, 1817], [1486, 1802]]]",04/16/2026 15:55,pad
521,Top Layer.png,"[[[1624, 1705], [1584, 1705], [1584, 1720], [1624, 1720], [1624, 1705]]]",04/16/2026 15:55,pad
522,Top Layer.png,"[[[1624, 1770], [1584, 1770], [1584, 1785], [1624, 1785], [1624, 1770]]]",04/16/2026 15:55,pad
523,Top Layer.png,"[[[1624, 1802], [1584, 1802], [1584, 1817], [1624, 1817], [1624, 1802]]]",04/16/2026 15:55,pad
524,Top Layer.png,"[[[1486, 1770], [1446, 1770], [1446, 1785], [1486, 1785], [1486, 1770]]]",04/16/2026 15:55,pad
525,Top Layer.png,"[[[1486, 1737], [1446, 1737], [1446, 1753], [1486, 1753], [1486, 1737]]]",04/16/2026 15:55,pad
526,Top Layer.png,"[[[1486, 1705], [1446, 1705], [1446, 1720], [1486, 1720], [1486, 1705]]]",04/16/2026 15:55,pad
527,Top Layer.png,"[[[1624, 1737], [1584, 1737], [1584, 1753], [1624, 1753], [1624, 1737]]]",04/16/2026 15:55,pad
528,Top Layer.png,"[[[245, 673], [245, 716], [287, 716], [287, 673], [245, 673]]]",04/16/2026 15:55,pad
529,Top Layer.png,"[[[321, 673], [321, 716], [364, 716], [364, 673], [321, 673]]]",04/16/2026 15:55,pad
530,Top Layer.png,"[[[116, 710], [116, 788], [195, 788], [195, 710], [116, 710]]]",04/16/2026 15:55,pad
531,Top Layer.png,"[[[116, 600], [116, 679], [195, 679], [195, 600], [116, 600]]]",04/16/2026 15:55,pad
532,Top Layer.png,"[[[756, 703], [756, 737], [810, 737], [810, 703], [756, 703]]]",04/16/2026 15:55,pad
533,Top Layer.png,"[[[756, 575], [756, 610], [810, 610], [810, 575], [756, 575]]]",04/16/2026 15:55,pad
534,Top Layer.png,"[[[901, 703], [901, 737], [955, 737], [955, 703], [901, 703]]]",04/16/2026 15:55,pad
535,Top Layer.png,"[[[901, 575], [901, 610], [955, 610], [955, 575], [901, 575]]]",04/16/2026 15:55,pad
536,Top Layer.png,"[[[901, 639], [901, 674], [955, 674], [955, 639], [901, 639]]]",04/16/2026 15:55,pad
537,Top Layer.png,"[[[756, 639], [756, 674], [810, 674], [810, 639], [756, 639]]]",04/16/2026 15:55,pad
538,Top Layer.png,"[[[1572, 684], [1572, 708], [1601, 708], [1601, 684], [1572, 684]]]",04/16/2026 15:55,pad
539,Top Layer.png,"[[[1572, 722], [1572, 746], [1601, 746], [1601, 722], [1572, 722]]]",04/16/2026 15:55,pad
540,Top Layer.png,"[[[1884, 1751], [1884, 1775], [1914, 1775], [1914, 1751], [1884, 1751]]]",04/16/2026 15:55,pad
541,Top Layer.png,"[[[1884, 1789], [1884, 1813], [1914, 1813], [1914, 1789], [1884, 1789]]]",04/16/2026 15:55,pad
542,Top Layer.png,"[[[1929, 1750], [1929, 1775], [1959, 1775], [1959, 1750], [1929, 1750]]]",04/16/2026 15:55,pad
543,Top Layer.png,"[[[1929, 1788], [1929, 1813], [1959, 1813], [1959, 1788], [1929, 1788]]]",04/16/2026 15:55,pad
544,Top Layer.png,"[[[1177, 1817], [1202, 1817], [1202, 1787], [1177, 1787], [1177, 1817]]]",04/16/2026 15:55,pad
545,Top Layer.png,"[[[1215, 1817], [1240, 1817], [1240, 1787], [1215, 1787], [1215, 1817]]]",04/16/2026 15:55,pad
546,Top Layer.png,"[[[1080, 1817], [1104, 1817], [1104, 1787], [1080, 1787], [1080, 1817]]]",04/16/2026 15:55,pad
547,Top Layer.png,"[[[1118, 1817], [1143, 1817], [1143, 1787], [1118, 1787], [1118, 1817]]]",04/16/2026 15:55,pad
548,Top Layer.png,"[[[1177, 1768], [1201, 1768], [1201, 1739], [1177, 1739], [1177, 1768]]]",04/16/2026 15:55,pad
549,Top Layer.png,"[[[1215, 1768], [1240, 1768], [1240, 1739], [1215, 1739], [1215, 1768]]]",04/16/2026 15:55,pad
550,Top Layer.png,"[[[1080, 1768], [1105, 1768], [1105, 1739], [1080, 1739], [1080, 1768]]]",04/16/2026 15:55,pad
551,Top Layer.png,"[[[1119, 1768], [1143, 1768], [1143, 1739], [1119, 1739], [1119, 1768]]]",04/16/2026 15:55,pad
552,Top Layer.png,"[[[435, 637], [435, 667], [483, 667], [483, 637], [435, 637]]]",04/16/2026 15:55,pad
553,Top Layer.png,"[[[435, 686], [435, 715], [483, 715], [483, 686], [435, 686]]]",04/16/2026 15:55,pad
554,Top Layer.png,"[[[1363, 218], [1363, 194], [1333, 194], [1333, 218], [1363, 218]]]",04/16/2026 15:55,pad
555,Top Layer.png,"[[[1363, 180], [1363, 156], [1333, 156], [1333, 180], [1363, 180]]]",04/16/2026 15:55,pad
556,Top Layer.png,"[[[1333, 75], [1333, 99], [1363, 99], [1363, 75], [1333, 75]]]",04/16/2026 15:55,pad
557,Top Layer.png,"[[[1333, 113], [1333, 138], [1363, 138], [1363, 113], [1333, 113]]]",04/16/2026 15:55,pad
558,Top Layer.png,"[[[1298, 69], [1274, 69], [1274, 98], [1298, 98], [1298, 69]]]",04/16/2026 15:55,pad
559,Top Layer.png,"[[[1260, 69], [1235, 69], [1235, 98], [1260, 98], [1260, 69]]]",04/16/2026 15:55,pad
560,Top Layer.png,"[[[1427, 1790], [1427, 1766], [1398, 1766], [1398, 1790], [1427, 1790]]]",04/16/2026 15:55,pad
561,Top Layer.png,"[[[1427, 1752], [1427, 1728], [1398, 1728], [1398, 1752], [1427, 1752]]]",04/16/2026 15:55,pad
562,Top Layer.png,"[[[766, 824], [790, 824], [790, 795], [766, 795], [766, 824]]]",04/16/2026 15:55,pad
563,Top Layer.png,"[[[804, 824], [829, 824], [829, 795], [804, 795], [804, 824]]]",04/16/2026 15:55,pad
564,Top Layer.png,"[[[1086, 185], [1086, 209], [1116, 209], [1116, 185], [1086, 185]]]",04/16/2026 15:55,pad
565,Top Layer.png,"[[[1086, 223], [1086, 248], [1116, 248], [1116, 223], [1086, 223]]]",04/16/2026 15:55,pad
566,Top Layer.png,"[[[490, 748], [490, 772], [520, 772], [520, 748], [490, 748]]]",04/16/2026 15:55,pad
567,Top Layer.png,"[[[490, 786], [490, 811], [520, 811], [520, 786], [490, 786]]]",04/16/2026 15:55,pad
568,Top Layer.png,"[[[473, 811], [473, 786], [444, 786], [444, 811], [473, 811]]]",04/16/2026 15:55,pad
569,Top Layer.png,"[[[473, 772], [473, 748], [444, 748], [444, 772], [473, 772]]]",04/16/2026 15:55,pad
570,Top Layer.png,"[[[1668, 300], [1668, 276], [1638, 276], [1638, 300], [1668, 300]]]",04/16/2026 15:55,pad
571,Top Layer.png,"[[[1668, 262], [1668, 238], [1638, 238], [1638, 262], [1668, 262]]]",04/16/2026 15:55,pad
572,Top Layer.png,"[[[1523, 299], [1523, 275], [1494, 275], [1494, 299], [1523, 299]]]",04/16/2026 15:55,pad
573,Top Layer.png,"[[[1523, 261], [1523, 236], [1494, 236], [1494, 261], [1523, 261]]]",04/16/2026 15:55,pad
574,Top Layer.png,"[[[1519, 684], [1519, 708], [1549, 708], [1549, 684], [1519, 684]]]",04/16/2026 15:55,pad
575,Top Layer.png,"[[[1519, 722], [1519, 746], [1549, 746], [1549, 722], [1519, 722]]]",04/16/2026 15:55,pad
576,Top Layer.png,"[[[1467, 683], [1467, 708], [1497, 708], [1497, 683], [1467, 683]]]",04/16/2026 15:55,pad
577,Top Layer.png,"[[[1467, 722], [1467, 746], [1497, 746], [1497, 722], [1467, 722]]]",04/16/2026 15:55,pad
578,Top Layer.png,"[[[1216, 1310], [1240, 1310], [1240, 1281], [1216, 1281], [1216, 1310]]]",04/16/2026 15:55,pad
579,Top Layer.png,"[[[1254, 1310], [1279, 1310], [1279, 1281], [1254, 1281], [1254, 1310]]]",04/16/2026 15:55,pad
580,Top Layer.png,"[[[883, 824], [908, 824], [908, 795], [883, 795], [883, 824]]]",04/16/2026 15:55,pad
581,Top Layer.png,"[[[922, 824], [946, 824], [946, 795], [922, 795], [922, 824]]]",04/16/2026 15:55,pad
582,Top Layer.png,"[[[2071, 145], [2071, 169], [2100, 169], [2100, 145], [2071, 145]]]",04/16/2026 15:55,pad
583,Top Layer.png,"[[[2071, 183], [2071, 208], [2100, 208], [2100, 183], [2071, 183]]]",04/16/2026 15:55,pad
584,Top Layer.png,"[[[2025, 145], [2025, 169], [2055, 169], [2055, 145], [2025, 145]]]",04/16/2026 15:55,pad
585,Top Layer.png,"[[[2025, 183], [2025, 208], [2055, 208], [2055, 183], [2025, 183]]]",04/16/2026 15:55,pad
586,Top Layer.png,"[[[1870, 1796], [1835, 1796], [1835, 1815], [1870, 1815], [1870, 1796]]]",04/16/2026 15:55,pad
587,Top Layer.png,"[[[1806, 1772], [1771, 1772], [1771, 1791], [1806, 1791], [1806, 1772]]]",04/16/2026 15:55,pad
588,Top Layer.png,"[[[1870, 1747], [1835, 1747], [1835, 1767], [1870, 1767], [1870, 1747]]]",04/16/2026 15:55,pad
589,Top Layer.png,"[[[1232, 1830], [1232, 1864], [1251, 1864], [1251, 1830], [1232, 1830]]]",04/16/2026 15:55,pad
590,Top Layer.png,"[[[1207, 1894], [1207, 1928], [1226, 1928], [1226, 1894], [1207, 1894]]]",04/16/2026 15:55,pad
591,Top Layer.png,"[[[1183, 1830], [1183, 1864], [1202, 1864], [1202, 1830], [1183, 1830]]]",04/16/2026 15:55,pad
592,Top Layer.png,"[[[1137, 1830], [1137, 1864], [1157, 1864], [1157, 1830], [1137, 1830]]]",04/16/2026 15:55,pad
593,Top Layer.png,"[[[1113, 1894], [1113, 1928], [1132, 1928], [1132, 1894], [1113, 1894]]]",04/16/2026 15:55,pad
594,Top Layer.png,"[[[1089, 1830], [1089, 1864], [1108, 1864], [1108, 1830], [1089, 1830]]]",04/16/2026 15:55,pad
595,Top Layer.png,"[[[1055, 313], [1055, 368], [1075, 368], [1075, 313], [1055, 313]]]",04/16/2026 15:55,pad
596,Top Layer.png,"[[[1088, 313], [1088, 368], [1108, 368], [1108, 313], [1088, 313]]]",04/16/2026 15:55,pad
597,Top Layer.png,"[[[1120, 313], [1120, 368], [1140, 368], [1140, 313], [1120, 313]]]",04/16/2026 15:55,pad
598,Top Layer.png,"[[[1153, 313], [1153, 368], [1173, 368], [1173, 313], [1153, 313]]]",04/16/2026 15:55,pad
599,Top Layer.png,"[[[1055, 439], [1055, 494], [1075, 494], [1075, 439], [1055, 439]]]",04/16/2026 15:55,pad
600,Top Layer.png,"[[[1088, 439], [1088, 494], [1108, 494], [1108, 439], [1088, 439]]]",04/16/2026 15:55,pad
601,Top Layer.png,"[[[1120, 439], [1120, 494], [1140, 494], [1140, 439], [1120, 439]]]",04/16/2026 15:55,pad
602,Top Layer.png,"[[[1153, 439], [1153, 494], [1173, 494], [1173, 439], [1153, 439]]]",04/16/2026 15:55,pad
603,Top Layer.png,"[[[2315, 1244], [2315, 1201], [2272, 1201], [2272, 1244], [2315, 1244]]]",04/16/2026 15:55,pad
604,Top Layer.png,"[[[2238, 1244], [2238, 1201], [2195, 1201], [2195, 1244], [2238, 1244]]]",04/16/2026 15:55,pad
605,Top Layer.png,"[[[2443, 1207], [2443, 1129], [2365, 1129], [2365, 1207], [2443, 1207]]]",04/16/2026 15:55,pad
606,Top Layer.png,"[[[2443, 1316], [2443, 1238], [2365, 1238], [2365, 1316], [2443, 1316]]]",04/16/2026 15:55,pad
607,Top Layer.png,"[[[1936, 323], [1915, 323], [1915, 405], [1936, 405], [1936, 323]]]",04/16/2026 15:55,pad
608,Top Layer.png,"[[[1982, 323], [1961, 323], [1961, 405], [1982, 405], [1982, 323]]]",04/16/2026 15:55,pad
609,Top Layer.png,"[[[1924, 2070], [1944, 2070], [1944, 2024], [1924, 2024], [1924, 2070]]]",04/16/2026 15:55,pad
610,Top Layer.png,"[[[1867, 2070], [1888, 2070], [1888, 2024], [1867, 2024], [1867, 2070]]]",04/16/2026 15:55,pad
611,Top Layer.png,"[[[1980, 2070], [2000, 2070], [2000, 2024], [1980, 2024], [1980, 2070]]]",04/16/2026 15:55,pad
612,Top Layer.png,"[[[1867, 1891], [1888, 1891], [1888, 1845], [1867, 1845], [1867, 1891]]]",04/16/2026 15:55,pad
613,Top Layer.png,"[[[1924, 1891], [1944, 1891], [1944, 1845], [1924, 1845], [1924, 1891]]]",04/16/2026 15:55,pad
614,Top Layer.png,"[[[1980, 1891], [2000, 1891], [2000, 1845], [1980, 1845], [1980, 1891]]]",04/16/2026 15:55,pad
615,Top Layer.png,"[[[1785, 1891], [1806, 1891], [1806, 1845], [1785, 1845], [1785, 1891]]]",04/16/2026 15:55,pad
616,Top Layer.png,"[[[1785, 2070], [1806, 2070], [1806, 2024], [1785, 2024], [1785, 2070]]]",04/16/2026 15:55,pad
617,Top Layer.png,"[[[912, 382], [872, 382], [872, 422], [912, 422], [912, 382]]]",04/16/2026 15:55,pad
618,Top Layer.png,"[[[759, 382], [718, 382], [718, 422], [759, 422], [759, 382]]]",04/16/2026 15:55,pad
619,Top Layer.png,"[[[912, 459], [872, 459], [872, 499], [912, 499], [912, 459]]]",04/16/2026 15:55,pad
620,Top Layer.png,"[[[835, 459], [795, 459], [795, 499], [835, 499], [835, 459]]]",04/16/2026 15:55,pad
621,Top Layer.png,"[[[835, 382], [795, 382], [795, 422], [835, 422], [835, 382]]]",04/16/2026 15:55,pad
622,Top Layer.png,"[[[759, 459], [718, 459], [718, 499], [759, 499], [759, 459]]]",04/16/2026 15:55,pad
623,Top Layer.png,"[[[854, 253], [776, 253], [776, 331], [854, 331], [854, 253]]]",04/16/2026 15:55,pad
624,Top Layer.png,"[[[1711, 134], [1681, 134], [1681, 184], [1711, 184], [1711, 134]]]",04/16/2026 15:55,pad
625,Top Layer.png,"[[[1489, 134], [1460, 134], [1460, 184], [1489, 184], [1489, 134]]]",04/16/2026 15:55,pad
626,Top Layer.png,"[[[1711, 27], [1681, 27], [1681, 87], [1711, 87], [1711, 27]]]",04/16/2026 15:55,pad
627,Top Layer.png,"[[[1489, 27], [1460, 27], [1460, 87], [1489, 87], [1489, 27]]]",04/16/2026 15:55,pad
628,Top Layer.png,"[[[1513, 157], [1494, 157], [1494, 190], [1513, 190], [1513, 157]]]",04/16/2026 15:55,pad
629,Top Layer.png,"[[[1677, 157], [1658, 157], [1658, 190], [1677, 190], [1677, 157]]]",04/16/2026 15:55,pad
630,Top Layer.png,"[[[1610, 157], [1599, 157], [1599, 190], [1610, 190], [1610, 157]]]",04/16/2026 15:55,pad
631,Top Layer.png,"[[[1585, 157], [1573, 157], [1573, 190], [1585, 190], [1585, 157]]]",04/16/2026 15:55,pad
632,Top Layer.png,"[[[1597, 157], [1586, 157], [1586, 190], [1597, 190], [1597, 157]]]",04/16/2026 15:55,pad
633,Top Layer.png,"[[[1572, 157], [1560, 157], [1560, 190], [1572, 190], [1572, 157]]]",04/16/2026 15:55,pad
634,Top Layer.png,"[[[1623, 157], [1612, 157], [1612, 190], [1623, 190], [1623, 157]]]",04/16/2026 15:55,pad
635,Top Layer.png,"[[[1636, 157], [1624, 157], [1624, 190], [1636, 190], [1636, 157]]]",04/16/2026 15:55,pad
636,Top Layer.png,"[[[1559, 157], [1548, 157], [1548, 190], [1559, 190], [1559, 157]]]",04/16/2026 15:55,pad
637,Top Layer.png,"[[[1546, 157], [1535, 157], [1535, 190], [1546, 190], [1546, 157]]]",04/16/2026 15:55,pad
638,Top Layer.png,"[[[1656, 157], [1637, 157], [1637, 190], [1656, 190], [1656, 157]]]",04/16/2026 15:55,pad
639,Top Layer.png,"[[[1533, 157], [1514, 157], [1514, 190], [1533, 190], [1533, 157]]]",04/16/2026 15:55,pad
640,Top Layer.png,"[[[1334, 391], [1334, 415], [1364, 415], [1364, 391], [1334, 391]]]",04/16/2026 15:55,pad
641,Top Layer.png,"[[[1334, 353], [1334, 377], [1364, 377], [1364, 353], [1334, 353]]]",04/16/2026 15:55,pad
642,Top Layer.png,"[[[1304, 879], [1275, 879], [1275, 908], [1304, 908], [1304, 879]]]",04/16/2026 15:55,pad
643,Top Layer.png,"[[[1239, 879], [1210, 879], [1210, 908], [1239, 908], [1239, 879]]]",04/16/2026 15:55,pad
644,Top Layer.png,"[[[1272, 879], [1242, 879], [1242, 908], [1272, 908], [1272, 879]]]",04/16/2026 15:55,pad
645,Top Layer.png,"[[[1174, 879], [1145, 879], [1145, 908], [1174, 908], [1174, 879]]]",04/16/2026 15:55,pad
646,Top Layer.png,"[[[1207, 879], [1177, 879], [1177, 908], [1207, 908], [1207, 879]]]",04/16/2026 15:55,pad
647,Top Layer.png,"[[[1207, 911], [1177, 911], [1177, 940], [1207, 940], [1207, 911]]]",04/16/2026 15:55,pad
648,Top Layer.png,"[[[1304, 911], [1275, 911], [1275, 940], [1304, 940], [1304, 911]]]",04/16/2026 15:55,pad
649,Top Layer.png,"[[[1174, 911], [1145, 911], [1145, 940], [1174, 940], [1174, 911]]]",04/16/2026 15:55,pad
650,Top Layer.png,"[[[1239, 911], [1210, 911], [1210, 940], [1239, 940], [1239, 911]]]",04/16/2026 15:55,pad
651,Top Layer.png,"[[[1272, 911], [1242, 911], [1242, 940], [1272, 940], [1272, 911]]]",04/16/2026 15:55,pad
652,Top Layer.png,"[[[1307, 335], [1307, 268], [1259, 268], [1259, 335], [1307, 335]]]",04/16/2026 15:55,pad
653,Top Layer.png,"[[[1307, 437], [1307, 370], [1259, 370], [1259, 437], [1307, 437]]]",04/16/2026 15:55,pad
654,Top Layer.png,"[[[1571, 810], [1571, 834], [1601, 834], [1601, 810], [1571, 810]]]",04/16/2026 15:55,pad
655,Top Layer.png,"[[[1571, 772], [1571, 796], [1601, 796], [1601, 772], [1571, 772]]]",04/16/2026 15:55,pad
656,Top Layer.png,"[[[1572, 265], [1572, 301], [1591, 301], [1591, 265], [1572, 265]]]",04/16/2026 15:55,pad
657,Top Layer.png,"[[[1596, 211], [1596, 247], [1615, 247], [1615, 211], [1596, 211]]]",04/16/2026 15:55,pad
658,Top Layer.png,"[[[1547, 211], [1547, 247], [1567, 247], [1567, 211], [1547, 211]]]",04/16/2026 15:55,pad
659,Top Layer.png,"[[[1695, 268], [1695, 283], [1707, 283], [1707, 268], [1695, 268]]]",04/16/2026 15:55,pad
660,Top Layer.png,"[[[1695, 215], [1695, 230], [1707, 230], [1707, 215], [1695, 215]]]",04/16/2026 15:55,pad
661,Top Layer.png,"[[[1519, 810], [1519, 834], [1549, 834], [1549, 810], [1519, 810]]]",04/16/2026 15:55,pad
662,Top Layer.png,"[[[1519, 771], [1519, 796], [1549, 796], [1549, 771], [1519, 771]]]",04/16/2026 15:55,pad
663,Top Layer.png,"[[[1467, 809], [1467, 834], [1497, 834], [1497, 809], [1467, 809]]]",04/16/2026 15:55,pad
664,Top Layer.png,"[[[1467, 771], [1467, 795], [1497, 795], [1497, 771], [1467, 771]]]",04/16/2026 15:55,pad
665,Top Layer.png,"[[[1503, 1894], [1479, 1894], [1479, 1923], [1503, 1923], [1503, 1894]]]",04/16/2026 15:55,pad
666,Top Layer.png,"[[[1464, 1894], [1440, 1894], [1440, 1923], [1464, 1923], [1464, 1894]]]",04/16/2026 15:55,pad
667,Top Layer.png,"[[[540, 615], [565, 615], [565, 585], [540, 585], [540, 615]]]",04/16/2026 15:55,pad
668,Top Layer.png,"[[[502, 615], [526, 615], [526, 585], [502, 585], [502, 615]]]",04/16/2026 15:55,pad
669,Top Layer.png,"[[[1629, 1893], [1605, 1893], [1605, 1923], [1629, 1923], [1629, 1893]]]",04/16/2026 15:55,pad
670,Top Layer.png,"[[[1591, 1893], [1566, 1893], [1566, 1923], [1591, 1923], [1591, 1893]]]",04/16/2026 15:55,pad
671,Top Layer.png,"[[[1086, 146], [1086, 170], [1116, 170], [1116, 146], [1086, 146]]]",04/16/2026 15:55,pad
672,Top Layer.png,"[[[1086, 107], [1086, 132], [1116, 132], [1116, 107], [1086, 107]]]",04/16/2026 15:55,pad
673,Top Layer.png,"[[[1402, 1499], [1426, 1499], [1426, 1469], [1402, 1469], [1402, 1499]]]",04/16/2026 15:55,pad
674,Top Layer.png,"[[[1363, 1499], [1388, 1499], [1388, 1469], [1363, 1469], [1363, 1499]]]",04/16/2026 15:55,pad
675,Top Layer.png,"[[[2181, 355], [2181, 379], [2211, 379], [2211, 355], [2181, 355]]]",04/16/2026 15:55,pad
676,Top Layer.png,"[[[2181, 316], [2181, 341], [2211, 341], [2211, 316], [2181, 316]]]",04/16/2026 15:55,pad
677,Top Layer.png,"[[[2139, 354], [2139, 379], [2169, 379], [2169, 354], [2139, 354]]]",04/16/2026 15:55,pad
678,Top Layer.png,"[[[2139, 316], [2139, 341], [2169, 341], [2169, 316], [2139, 316]]]",04/16/2026 15:55,pad
679,Top Layer.png,"[[[1692, 1186], [1667, 1186], [1667, 1216], [1692, 1216], [1692, 1186]]]",04/16/2026 15:55,pad
680,Top Layer.png,"[[[1730, 1186], [1706, 1186], [1706, 1216], [1730, 1216], [1730, 1186]]]",04/16/2026 15:55,pad
681,Top Layer.png,"[[[1709, 1136], [1709, 1111], [1679, 1111], [1679, 1136], [1709, 1136]]]",04/16/2026 15:55,pad
682,Top Layer.png,"[[[1709, 1174], [1709, 1149], [1679, 1149], [1679, 1174], [1709, 1174]]]",04/16/2026 15:55,pad
683,Top Layer.png,"[[[1361, 1046], [1336, 1046], [1336, 1076], [1361, 1076], [1361, 1046]]]",04/16/2026 15:55,pad
684,Top Layer.png,"[[[1399, 1046], [1374, 1046], [1374, 1076], [1399, 1076], [1399, 1046]]]",04/16/2026 15:55,pad
685,Top Layer.png,"[[[1555, 1499], [1579, 1499], [1579, 1469], [1555, 1469], [1555, 1499]]]",04/16/2026 15:55,pad
686,Top Layer.png,"[[[1516, 1499], [1541, 1499], [1541, 1469], [1516, 1469], [1516, 1499]]]",04/16/2026 15:55,pad
687,Top Layer.png,"[[[1272, 1376], [1272, 1400], [1302, 1400], [1302, 1376], [1272, 1376]]]",04/16/2026 15:55,pad
688,Top Layer.png,"[[[1272, 1337], [1272, 1362], [1302, 1362], [1302, 1337], [1272, 1337]]]",04/16/2026 15:55,pad
689,Top Layer.png,"[[[1555, 1541], [1580, 1541], [1580, 1511], [1555, 1511], [1555, 1541]]]",04/16/2026 15:55,pad
690,Top Layer.png,"[[[1517, 1541], [1541, 1541], [1541, 1511], [1517, 1511], [1517, 1541]]]",04/16/2026 15:55,pad
691,Top Layer.png,"[[[1709, 1342], [1709, 1318], [1679, 1318], [1679, 1342], [1709, 1342]]]",04/16/2026 15:55,pad
692,Top Layer.png,"[[[1709, 1380], [1709, 1356], [1679, 1356], [1679, 1380], [1709, 1380]]]",04/16/2026 15:55,pad
693,Top Layer.png,"[[[1211, 800], [1187, 800], [1187, 829], [1211, 829], [1211, 800]]]",04/16/2026 15:55,pad
694,Top Layer.png,"[[[1172, 800], [1148, 800], [1148, 829], [1172, 829], [1172, 800]]]",04/16/2026 15:55,pad
695,Top Layer.png,"[[[1464, 1469], [1440, 1469], [1440, 1499], [1464, 1499], [1464, 1469]]]",04/16/2026 15:55,pad
696,Top Layer.png,"[[[1503, 1469], [1478, 1469], [1478, 1499], [1503, 1499], [1503, 1469]]]",04/16/2026 15:55,pad
697,Top Layer.png,"[[[871, 822], [871, 798], [842, 798], [842, 822], [871, 822]]]",04/16/2026 15:55,pad
698,Top Layer.png,"[[[871, 860], [871, 836], [842, 836], [842, 860], [871, 860]]]",04/16/2026 15:55,pad
699,Top Layer.png,"[[[1817, 355], [1817, 379], [1847, 379], [1847, 355], [1817, 355]]]",04/16/2026 15:55,pad
700,Top Layer.png,"[[[1817, 316], [1817, 341], [1847, 341], [1847, 316], [1817, 316]]]",04/16/2026 15:55,pad
701,Top Layer.png,"[[[1862, 355], [1862, 379], [1892, 379], [1892, 355], [1862, 355]]]",04/16/2026 15:55,pad
702,Top Layer.png,"[[[1862, 316], [1862, 341], [1892, 341], [1892, 316], [1862, 316]]]",04/16/2026 15:55,pad
703,Top Layer.png,"[[[1918, 215], [1918, 190], [1888, 190], [1888, 215], [1918, 215]]]",04/16/2026 15:55,pad
704,Top Layer.png,"[[[1918, 253], [1918, 228], [1888, 228], [1888, 253], [1918, 253]]]",04/16/2026 15:55,pad
705,Top Layer.png,"[[[1873, 215], [1873, 190], [1843, 190], [1843, 215], [1873, 215]]]",04/16/2026 15:55,pad
706,Top Layer.png,"[[[1873, 253], [1873, 228], [1843, 228], [1843, 253], [1873, 253]]]",04/16/2026 15:55,pad
707,Top Layer.png,"[[[1984, 272], [1960, 272], [1960, 301], [1984, 301], [1984, 272]]]",04/16/2026 15:55,pad
708,Top Layer.png,"[[[2022, 272], [1998, 272], [1998, 301], [2022, 301], [2022, 272]]]",04/16/2026 15:55,pad
709,Top Layer.png,"[[[847, 926], [847, 962], [866, 962], [866, 926], [847, 926]]]",04/16/2026 15:55,pad
710,Top Layer.png,"[[[871, 873], [871, 908], [890, 908], [890, 873], [871, 873]]]",04/16/2026 15:55,pad
711,Top Layer.png,"[[[822, 873], [822, 908], [842, 908], [842, 873], [822, 873]]]",04/16/2026 15:55,pad
712,Top Layer.png,"[[[883, 1164], [883, 1122], [862, 1122], [862, 1164], [883, 1164]]]",04/16/2026 15:55,pad
713,Top Layer.png,"[[[850, 1164], [850, 1122], [830, 1122], [830, 1164], [850, 1164]]]",04/16/2026 15:55,pad
714,Top Layer.png,"[[[818, 1026], [818, 983], [797, 983], [797, 1026], [818, 1026]]]",04/16/2026 15:55,pad
715,Top Layer.png,"[[[915, 1164], [915, 1122], [895, 1122], [895, 1164], [915, 1164]]]",04/16/2026 15:55,pad
716,Top Layer.png,"[[[818, 1164], [818, 1122], [797, 1122], [797, 1164], [818, 1164]]]",04/16/2026 15:55,pad
717,Top Layer.png,"[[[915, 1026], [915, 983], [895, 983], [895, 1026], [915, 1026]]]",04/16/2026 15:55,pad
718,Top Layer.png,"[[[850, 1026], [850, 983], [830, 983], [830, 1026], [850, 1026]]]",04/16/2026 15:55,pad
719,Top Layer.png,"[[[883, 1026], [883, 983], [862, 983], [862, 1026], [883, 1026]]]",04/16/2026 15:55,pad
720,Top Layer.png,"[[[2315, 991], [2315, 949], [2272, 949], [2272, 991], [2315, 991]]]",04/16/2026 15:55,pad
721,Top Layer.png,"[[[2238, 991], [2238, 949], [2195, 949], [2195, 991], [2238, 991]]]",04/16/2026 15:55,pad
722,Top Layer.png,"[[[2443, 954], [2443, 876], [2365, 876], [2365, 954], [2443, 954]]]",04/16/2026 15:55,pad
723,Top Layer.png,"[[[2443, 1064], [2443, 986], [2365, 986], [2365, 1064], [2443, 1064]]]",04/16/2026 15:55,pad
724,Top Layer.png,"[[[1798, 2151], [1798, 2150], [1798, 2149], [1797, 2148], [1796, 2147], [1795, 2146], [1794, 2145], [1793, 2145], [1792, 2145], [1790, 2145], [1789, 2145], [1788, 2146], [1787, 2147], [1786, 2148], [1786, 2149], [1785, 2150], [1785, 2151], [1785, 2153], [1786, 2154], [1786, 2155], [1787, 2156], [1788, 2157], [1789, 2157], [1790, 2158], [1792, 2158], [1793, 2158], [1794, 2157], [1795, 2157], [1796, 2156], [1797, 2155], [1798, 2154], [1798, 2153], [1798, 2151]]]",04/16/2026 15:55,pad
725,Top Layer.png,"[[[2124, 535], [2124, 534], [2124, 532], [2123, 531], [2122, 530], [2121, 529], [2119, 528], [2118, 528], [2117, 527], [2115, 528], [2114, 528], [2112, 529], [2111, 530], [2110, 531], [2109, 532], [2109, 534], [2109, 535], [2109, 536], [2109, 538], [2110, 539], [2111, 540], [2112, 541], [2114, 542], [2115, 543], [2117, 543], [2118, 543], [2119, 542], [2121, 541], [2122, 540], [2123, 539], [2124, 538], [2124, 536], [2124, 535]]]",04/16/2026 15:55,pad
726,Top Layer.png,"[[[2123, 507], [2123, 506], [2122, 504], [2122, 503], [2121, 502], [2119, 501], [2118, 500], [2117, 500], [2115, 500], [2114, 500], [2112, 500], [2111, 501], [2110, 502], [2109, 503], [2108, 504], [2108, 506], [2108, 507], [2108, 509], [2108, 510], [2109, 511], [2110, 513], [2111, 514], [2112, 514], [2114, 515], [2115, 515], [2117, 515], [2118, 514], [2119, 514], [2121, 513], [2122, 511], [2122, 510], [2123, 509], [2123, 507]]]",04/16/2026 15:55,pad
727,Top Layer.png,"[[[2122, 473], [2121, 471], [2121, 470], [2120, 469], [2119, 467], [2118, 466], [2117, 466], [2115, 465], [2114, 465], [2112, 465], [2111, 466], [2110, 466], [2108, 467], [2108, 469], [2107, 470], [2106, 471], [2106, 473], [2106, 474], [2107, 476], [2108, 477], [2108, 478], [2110, 479], [2111, 480], [2112, 480], [2114, 480], [2115, 480], [2117, 480], [2118, 479], [2119, 478], [2120, 477], [2121, 476], [2121, 474], [2122, 473]]]",04/16/2026 15:55,pad
728,Top Layer.png,"[[[2084, 472], [2084, 470], [2083, 469], [2083, 467], [2082, 466], [2080, 465], [2079, 464], [2078, 464], [2076, 464], [2075, 464], [2073, 464], [2072, 465], [2071, 466], [2070, 467], [2069, 469], [2069, 470], [2069, 472], [2069, 473], [2069, 474], [2070, 476], [2071, 477], [2072, 478], [2073, 479], [2075, 479], [2076, 479], [2078, 479], [2079, 479], [2080, 478], [2082, 477], [2083, 476], [2083, 474], [2084, 473], [2084, 472]]]",04/16/2026 15:55,pad
729,Top Layer.png,"[[[2046, 470], [2045, 469], [2045, 467], [2044, 466], [2043, 465], [2042, 464], [2041, 463], [2039, 463], [2038, 463], [2036, 463], [2035, 463], [2034, 464], [2032, 465], [2031, 466], [2031, 467], [2030, 469], [2030, 470], [2030, 472], [2031, 473], [2031, 474], [2032, 476], [2034, 477], [2035, 477], [2036, 478], [2038, 478], [2039, 478], [2041, 477], [2042, 477], [2043, 476], [2044, 474], [2045, 473], [2045, 472], [2046, 470]]]",04/16/2026 15:55,pad
730,Top Layer.png,"[[[2087, 506], [2087, 504], [2087, 503], [2086, 502], [2085, 500], [2084, 499], [2082, 499], [2081, 498], [2079, 498], [2078, 498], [2077, 499], [2075, 499], [2074, 500], [2073, 502], [2072, 503], [2072, 504], [2072, 506], [2072, 507], [2072, 509], [2073, 510], [2074, 511], [2075, 512], [2077, 513], [2078, 513], [2079, 514], [2081, 513], [2082, 513], [2084, 512], [2085, 511], [2086, 510], [2087, 509], [2087, 507], [2087, 506]]]",04/16/2026 15:55,pad
731,Top Layer.png,"[[[2046, 505], [2046, 504], [2046, 502], [2045, 501], [2044, 500], [2043, 499], [2041, 498], [2040, 498], [2039, 498], [2037, 498], [2036, 498], [2034, 499], [2033, 500], [2032, 501], [2031, 502], [2031, 504], [2031, 505], [2031, 507], [2031, 508], [2032, 509], [2033, 511], [2034, 512], [2036, 512], [2037, 513], [2039, 513], [2040, 513], [2041, 512], [2043, 512], [2044, 511], [2045, 509], [2046, 508], [2046, 507], [2046, 505]]]",04/16/2026 15:55,pad
732,Top Layer.png,"[[[1905, 1735], [1905, 1734], [1905, 1733], [1904, 1732], [1903, 1731], [1903, 1730], [1902, 1730], [1900, 1730], [1899, 1729], [1898, 1730], [1897, 1730], [1896, 1730], [1895, 1731], [1895, 1732], [1894, 1733], [1894, 1734], [1894, 1735], [1894, 1736], [1894, 1737], [1895, 1738], [1895, 1739], [1896, 1740], [1897, 1740], [1898, 1741], [1899, 1741], [1900, 1741], [1902, 1740], [1903, 1740], [1903, 1739], [1904, 1738], [1905, 1737], [1905, 1736], [1905, 1735]]]",04/16/2026 15:55,pad
733,Top Layer.png,"[[[1951, 1628], [1951, 1626], [1951, 1625], [1950, 1623], [1949, 1622], [1948, 1621], [1947, 1621], [1945, 1620], [1944, 1620], [1942, 1620], [1941, 1621], [1939, 1621], [1938, 1622], [1937, 1623], [1936, 1625], [1936, 1626], [1936, 1628], [1936, 1629], [1936, 1631], [1937, 1632], [1938, 1633], [1939, 1634], [1941, 1635], [1942, 1635], [1944, 1635], [1945, 1635], [1947, 1635], [1948, 1634], [1949, 1633], [1950, 1632], [1951, 1631], [1951, 1629], [1951, 1628]]]",04/16/2026 15:55,pad
734,Top Layer.png,"[[[2362, 1763], [2362, 1761], [2361, 1759], [2360, 1757], [2359, 1756], [2358, 1755], [2356, 1754], [2354, 1753], [2352, 1753], [2350, 1753], [2348, 1754], [2346, 1755], [2345, 1756], [2343, 1757], [2342, 1759], [2342, 1761], [2342, 1763], [2342, 1765], [2342, 1767], [2343, 1769], [2345, 1770], [2346, 1772], [2348, 1772], [2350, 1773], [2352, 1773], [2354, 1773], [2356, 1772], [2358, 1772], [2359, 1770], [2360, 1769], [2361, 1767], [2362, 1765], [2362, 1763]]]",04/16/2026 15:55,pad
735,Top Layer.png,"[[[1809, 865], [1809, 863], [1808, 860], [1807, 858], [1805, 856], [1803, 855], [1801, 854], [1798, 853], [1796, 853], [1793, 853], [1791, 854], [1789, 855], [1787, 856], [1785, 858], [1784, 860], [1783, 863], [1783, 865], [1783, 868], [1784, 870], [1785, 872], [1787, 874], [1789, 876], [1791, 877], [1793, 878], [1796, 878], [1798, 878], [1801, 877], [1803, 876], [1805, 874], [1807, 872], [1808, 870], [1809, 868], [1809, 865]]]",04/16/2026 15:55,pad
736,Top Layer.png,"[[[1851, 1107], [1851, 1105], [1851, 1104], [1850, 1103], [1849, 1102], [1848, 1101], [1846, 1100], [1845, 1099], [1843, 1099], [1842, 1099], [1840, 1100], [1839, 1101], [1838, 1102], [1837, 1103], [1836, 1104], [1836, 1105], [1836, 1107], [1836, 1108], [1836, 1110], [1837, 1111], [1838, 1112], [1839, 1113], [1840, 1114], [1842, 1114], [1843, 1115], [1845, 1114], [1846, 1114], [1848, 1113], [1849, 1112], [1850, 1111], [1851, 1110], [1851, 1108], [1851, 1107]]]",04/16/2026 15:55,pad
737,Top Layer.png,"[[[1888, 1140], [1888, 1138], [1887, 1137], [1887, 1135], [1886, 1134], [1885, 1133], [1883, 1133], [1882, 1132], [1880, 1132], [1879, 1132], [1877, 1133], [1876, 1133], [1875, 1134], [1874, 1135], [1873, 1137], [1873, 1138], [1873, 1140], [1873, 1141], [1873, 1143], [1874, 1144], [1875, 1145], [1876, 1146], [1877, 1147], [1879, 1147], [1880, 1147], [1882, 1147], [1883, 1147], [1885, 1146], [1886, 1145], [1887, 1144], [1887, 1143], [1888, 1141], [1888, 1140]]]",04/16/2026 15:55,pad
738,Top Layer.png,"[[[1888, 1107], [1888, 1105], [1888, 1104], [1887, 1103], [1886, 1102], [1885, 1101], [1883, 1100], [1882, 1099], [1880, 1099], [1879, 1099], [1878, 1100], [1876, 1101], [1875, 1102], [1874, 1103], [1873, 1104], [1873, 1105], [1873, 1107], [1873, 1108], [1873, 1110], [1874, 1111], [1875, 1112], [1876, 1113], [1878, 1114], [1879, 1114], [1880, 1115], [1882, 1114], [1883, 1114], [1885, 1113], [1886, 1112], [1887, 1111], [1888, 1110], [1888, 1108], [1888, 1107]]]",04/16/2026 15:55,pad
739,Top Layer.png,"[[[1888, 973], [1888, 972], [1888, 971], [1887, 969], [1886, 968], [1885, 967], [1883, 966], [1882, 966], [1880, 966], [1879, 966], [1878, 966], [1876, 967], [1875, 968], [1874, 969], [1873, 971], [1873, 972], [1873, 973], [1873, 975], [1873, 976], [1874, 978], [1875, 979], [1876, 980], [1878, 981], [1879, 981], [1880, 981], [1882, 981], [1883, 981], [1885, 980], [1886, 979], [1887, 978], [1888, 976], [1888, 975], [1888, 973]]]",04/16/2026 15:55,pad
740,Top Layer.png,"[[[1909, 1140], [1909, 1139], [1909, 1137], [1908, 1136], [1907, 1135], [1906, 1134], [1905, 1133], [1903, 1133], [1902, 1133], [1900, 1133], [1899, 1133], [1897, 1134], [1896, 1135], [1895, 1136], [1895, 1137], [1894, 1139], [1894, 1140], [1894, 1142], [1895, 1143], [1895, 1145], [1896, 1146], [1897, 1147], [1899, 1147], [1900, 1148], [1902, 1148], [1903, 1148], [1905, 1147], [1906, 1147], [1907, 1146], [1908, 1145], [1909, 1143], [1909, 1142], [1909, 1140]]]",04/16/2026 15:55,pad
741,Top Layer.png,"[[[1951, 1547], [1951, 1545], [1951, 1544], [1950, 1542], [1949, 1541], [1948, 1540], [1947, 1540], [1945, 1539], [1944, 1539], [1942, 1539], [1941, 1540], [1939, 1540], [1938, 1541], [1937, 1542], [1936, 1544], [1936, 1545], [1936, 1547], [1936, 1548], [1936, 1550], [1937, 1551], [1938, 1552], [1939, 1553], [1941, 1554], [1942, 1554], [1944, 1554], [1945, 1554], [1947, 1554], [1948, 1553], [1949, 1552], [1950, 1551], [1951, 1550], [1951, 1548], [1951, 1547]]]",04/16/2026 15:55,pad
742,Top Layer.png,"[[[1961, 982], [1961, 980], [1960, 979], [1960, 978], [1959, 977], [1958, 976], [1956, 975], [1955, 974], [1953, 974], [1952, 974], [1950, 975], [1949, 976], [1948, 977], [1947, 978], [1946, 979], [1946, 980], [1946, 982], [1946, 983], [1946, 985], [1947, 986], [1948, 987], [1949, 988], [1950, 989], [1952, 989], [1953, 990], [1955, 989], [1956, 989], [1958, 988], [1959, 987], [1960, 986], [1960, 985], [1961, 983], [1961, 982]]]",04/16/2026 15:55,pad
743,Top Layer.png,"[[[2008, 1546], [2008, 1545], [2007, 1543], [2007, 1542], [2006, 1541], [2004, 1540], [2003, 1539], [2002, 1539], [2000, 1538], [1999, 1539], [1997, 1539], [1996, 1540], [1995, 1541], [1994, 1542], [1993, 1543], [1993, 1545], [1992, 1546], [1993, 1548], [1993, 1549], [1994, 1550], [1995, 1551], [1996, 1552], [1997, 1553], [1999, 1554], [2000, 1554], [2002, 1554], [2003, 1553], [2004, 1552], [2006, 1551], [2007, 1550], [2007, 1549], [2008, 1548], [2008, 1546]]]",04/16/2026 15:55,pad
744,Top Layer.png,"[[[2015, 1272], [2015, 1270], [2015, 1269], [2014, 1267], [2012, 1265], [2011, 1264], [2009, 1263], [2007, 1262], [2005, 1262], [2003, 1262], [2001, 1263], [1999, 1264], [1998, 1265], [1997, 1267], [1996, 1269], [1995, 1270], [1995, 1272], [1995, 1274], [1996, 1276], [1997, 1278], [1998, 1280], [1999, 1281], [2001, 1282], [2003, 1282], [2005, 1283], [2007, 1282], [2009, 1282], [2011, 1281], [2012, 1280], [2014, 1278], [2015, 1276], [2015, 1274], [2015, 1272]]]",04/16/2026 15:55,pad
745,Top Layer.png,"[[[2103, 1548], [2103, 1547], [2102, 1545], [2101, 1544], [2101, 1543], [2099, 1542], [2098, 1541], [2097, 1541], [2095, 1540], [2094, 1541], [2092, 1541], [2091, 1542], [2090, 1543], [2089, 1544], [2088, 1545], [2088, 1547], [2087, 1548], [2088, 1550], [2088, 1551], [2089, 1552], [2090, 1553], [2091, 1554], [2092, 1555], [2094, 1556], [2095, 1556], [2097, 1556], [2098, 1555], [2099, 1554], [2101, 1553], [2101, 1552], [2102, 1551], [2103, 1550], [2103, 1548]]]",04/16/2026 15:55,pad
746,Top Layer.png,"[[[1507, 1961], [1507, 1959], [1507, 1958], [1506, 1957], [1505, 1957], [1505, 1956], [1504, 1955], [1503, 1955], [1501, 1955], [1500, 1955], [1499, 1955], [1498, 1956], [1497, 1957], [1497, 1957], [1496, 1958], [1496, 1959], [1496, 1961], [1496, 1962], [1496, 1963], [1497, 1964], [1497, 1965], [1498, 1965], [1499, 1966], [1500, 1966], [1501, 1966], [1503, 1966], [1504, 1966], [1505, 1965], [1505, 1965], [1506, 1964], [1507, 1963], [1507, 1962], [1507, 1961]]]",04/16/2026 15:55,pad
747,Top Layer.png,"[[[1741, 1936], [1741, 1935], [1741, 1934], [1740, 1933], [1740, 1932], [1739, 1931], [1738, 1931], [1737, 1930], [1735, 1930], [1734, 1930], [1733, 1931], [1732, 1931], [1731, 1932], [1731, 1933], [1730, 1934], [1730, 1935], [1730, 1936], [1730, 1937], [1730, 1938], [1731, 1939], [1731, 1940], [1732, 1941], [1733, 1941], [1734, 1942], [1735, 1942], [1737, 1942], [1738, 1941], [1739, 1941], [1740, 1940], [1740, 1939], [1741, 1938], [1741, 1937], [1741, 1936]]]",04/16/2026 15:55,pad
748,Top Layer.png,"[[[884, 1223], [883, 1221], [883, 1220], [882, 1219], [881, 1217], [880, 1217], [879, 1216], [877, 1215], [876, 1215], [874, 1215], [873, 1216], [872, 1217], [870, 1217], [869, 1219], [869, 1220], [868, 1221], [868, 1223], [868, 1224], [869, 1226], [869, 1227], [870, 1228], [872, 1229], [873, 1230], [874, 1230], [876, 1231], [877, 1230], [879, 1230], [880, 1229], [881, 1228], [882, 1227], [883, 1226], [883, 1224], [884, 1223]]]",04/16/2026 15:55,pad
749,Top Layer.png,"[[[491, 600], [491, 599], [491, 597], [490, 596], [489, 595], [488, 594], [487, 593], [485, 593], [484, 593], [482, 593], [481, 593], [480, 594], [478, 595], [477, 596], [477, 597], [476, 599], [476, 600], [476, 602], [477, 603], [477, 605], [478, 606], [480, 607], [481, 607], [482, 608], [484, 608], [485, 608], [487, 607], [488, 607], [489, 606], [490, 605], [491, 603], [491, 602], [491, 600]]]",04/16/2026 15:55,pad
750,Top Layer.png,"[[[1220, 1104], [1220, 1102], [1220, 1101], [1219, 1099], [1218, 1098], [1217, 1097], [1215, 1097], [1214, 1096], [1212, 1096], [1211, 1096], [1209, 1097], [1208, 1097], [1207, 1098], [1206, 1099], [1205, 1101], [1205, 1102], [1205, 1104], [1205, 1105], [1205, 1107], [1206, 1108], [1207, 1109], [1208, 1110], [1209, 1111], [1211, 1111], [1212, 1111], [1214, 1111], [1215, 1111], [1217, 1110], [1218, 1109], [1219, 1108], [1220, 1107], [1220, 1105], [1220, 1104]]]",04/16/2026 15:55,pad
751,Top Layer.png,"[[[2090, 539], [2090, 537], [2090, 536], [2089, 535], [2088, 533], [2087, 533], [2086, 532], [2084, 531], [2083, 531], [2081, 531], [2080, 532], [2078, 533], [2077, 533], [2076, 535], [2076, 536], [2075, 537], [2075, 539], [2075, 540], [2076, 542], [2076, 543], [2077, 544], [2078, 545], [2080, 546], [2081, 546], [2083, 547], [2084, 546], [2086, 546], [2087, 545], [2088, 544], [2089, 543], [2090, 542], [2090, 540], [2090, 539]]]",04/16/2026 15:55,pad
752,Top Layer.png,"[[[2366, 225], [2366, 223], [2366, 222], [2365, 221], [2364, 219], [2363, 218], [2361, 218], [2360, 217], [2358, 217], [2357, 217], [2355, 218], [2354, 218], [2353, 219], [2352, 221], [2351, 222], [2351, 223], [2351, 225], [2351, 226], [2351, 228], [2352, 229], [2353, 230], [2354, 231], [2355, 232], [2357, 232], [2358, 232], [2360, 232], [2361, 232], [2363, 231], [2364, 230], [2365, 229], [2366, 228], [2366, 226], [2366, 225]]]",04/16/2026 15:55,pad
753,Top Layer.png,"[[[1411, 1372], [1411, 1370], [1410, 1369], [1410, 1368], [1409, 1366], [1407, 1365], [1406, 1365], [1405, 1364], [1403, 1364], [1402, 1364], [1400, 1365], [1399, 1365], [1398, 1366], [1397, 1368], [1396, 1369], [1396, 1370], [1396, 1372], [1396, 1373], [1396, 1375], [1397, 1376], [1398, 1377], [1399, 1378], [1400, 1379], [1402, 1379], [1403, 1379], [1405, 1379], [1406, 1379], [1407, 1378], [1409, 1377], [1410, 1376], [1410, 1375], [1411, 1373], [1411, 1372]]]",04/16/2026 15:55,pad
754,Top Layer.png,"[[[709, 1047], [709, 1045], [709, 1044], [708, 1042], [707, 1041], [706, 1040], [705, 1040], [703, 1039], [702, 1039], [700, 1039], [699, 1040], [697, 1040], [696, 1041], [695, 1042], [695, 1044], [694, 1045], [694, 1047], [694, 1048], [695, 1050], [695, 1051], [696, 1052], [697, 1053], [699, 1054], [700, 1054], [702, 1054], [703, 1054], [705, 1054], [706, 1053], [707, 1052], [708, 1051], [709, 1050], [709, 1048], [709, 1047]]]",04/16/2026 15:55,pad
755,Top Layer.png,"[[[623, 1047], [623, 1046], [622, 1044], [622, 1043], [621, 1042], [619, 1041], [618, 1040], [617, 1040], [615, 1040], [614, 1040], [612, 1040], [611, 1041], [610, 1042], [609, 1043], [608, 1044], [608, 1046], [607, 1047], [608, 1049], [608, 1050], [609, 1052], [610, 1053], [611, 1054], [612, 1054], [614, 1055], [615, 1055], [617, 1055], [618, 1054], [619, 1054], [621, 1053], [622, 1052], [622, 1050], [623, 1049], [623, 1047]]]",04/16/2026 15:55,pad
756,Top Layer.png,"[[[2046, 538], [2046, 536], [2046, 535], [2045, 534], [2044, 533], [2043, 532], [2042, 531], [2040, 530], [2039, 530], [2037, 530], [2036, 531], [2035, 532], [2033, 533], [2032, 534], [2032, 535], [2031, 536], [2031, 538], [2031, 539], [2032, 541], [2032, 542], [2033, 543], [2035, 544], [2036, 545], [2037, 545], [2039, 546], [2040, 545], [2042, 545], [2043, 544], [2044, 543], [2045, 542], [2046, 541], [2046, 539], [2046, 538]]]",04/16/2026 15:55,pad
757,Top Layer.png,"[[[1540, 855], [1540, 854], [1540, 853], [1539, 852], [1538, 851], [1537, 850], [1536, 850], [1535, 849], [1534, 849], [1533, 849], [1531, 850], [1530, 850], [1529, 851], [1529, 852], [1528, 853], [1528, 854], [1528, 855], [1528, 857], [1528, 858], [1529, 859], [1529, 860], [1530, 861], [1531, 861], [1533, 862], [1534, 862], [1535, 862], [1536, 861], [1537, 861], [1538, 860], [1539, 859], [1540, 858], [1540, 857], [1540, 855]]]",04/16/2026 15:55,pad
758,Top Layer.png,"[[[1735, 1328], [1735, 1327], [1735, 1326], [1734, 1324], [1733, 1323], [1732, 1322], [1731, 1321], [1729, 1321], [1728, 1321], [1726, 1321], [1725, 1321], [1723, 1322], [1722, 1323], [1721, 1324], [1721, 1326], [1720, 1327], [1720, 1328], [1720, 1330], [1721, 1331], [1721, 1333], [1722, 1334], [1723, 1335], [1725, 1336], [1726, 1336], [1728, 1336], [1729, 1336], [1731, 1336], [1732, 1335], [1733, 1334], [1734, 1333], [1735, 1331], [1735, 1330], [1735, 1328]]]",04/16/2026 15:55,pad
759,Top Layer.png,"[[[1788, 1123], [1788, 1122], [1787, 1120], [1787, 1119], [1786, 1118], [1785, 1117], [1783, 1116], [1782, 1116], [1780, 1115], [1779, 1116], [1777, 1116], [1776, 1117], [1775, 1118], [1774, 1119], [1773, 1120], [1773, 1122], [1773, 1123], [1773, 1125], [1773, 1126], [1774, 1127], [1775, 1129], [1776, 1129], [1777, 1130], [1779, 1131], [1780, 1131], [1782, 1131], [1783, 1130], [1785, 1129], [1786, 1129], [1787, 1127], [1787, 1126], [1788, 1125], [1788, 1123]]]",04/16/2026 15:55,pad
760,Top Layer.png,"[[[1211, 1388], [1210, 1387], [1210, 1385], [1209, 1384], [1208, 1383], [1207, 1382], [1206, 1381], [1204, 1381], [1203, 1380], [1201, 1381], [1200, 1381], [1199, 1382], [1198, 1383], [1197, 1384], [1196, 1385], [1195, 1387], [1195, 1388], [1195, 1390], [1196, 1391], [1197, 1392], [1198, 1393], [1199, 1394], [1200, 1395], [1201, 1396], [1203, 1396], [1204, 1396], [1206, 1395], [1207, 1394], [1208, 1393], [1209, 1392], [1210, 1391], [1210, 1390], [1211, 1388]]]",04/16/2026 15:55,pad
761,Top Layer.png,"[[[1356, 979], [1356, 978], [1356, 976], [1355, 975], [1354, 974], [1353, 973], [1352, 972], [1350, 972], [1349, 972], [1347, 972], [1346, 972], [1344, 973], [1343, 974], [1342, 975], [1342, 976], [1341, 978], [1341, 979], [1341, 981], [1342, 982], [1342, 984], [1343, 985], [1344, 986], [1346, 986], [1347, 987], [1349, 987], [1350, 987], [1352, 986], [1353, 986], [1354, 985], [1355, 984], [1356, 982], [1356, 981], [1356, 979]]]",04/16/2026 15:55,pad
762,Top Layer.png,"[[[1576, 1578], [1576, 1577], [1575, 1575], [1574, 1574], [1573, 1573], [1572, 1572], [1571, 1571], [1570, 1571], [1568, 1571], [1567, 1571], [1565, 1571], [1564, 1572], [1563, 1573], [1562, 1574], [1561, 1575], [1561, 1577], [1560, 1578], [1561, 1580], [1561, 1581], [1562, 1582], [1563, 1584], [1564, 1585], [1565, 1585], [1567, 1586], [1568, 1586], [1570, 1586], [1571, 1585], [1572, 1585], [1573, 1584], [1574, 1582], [1575, 1581], [1576, 1580], [1576, 1578]]]",04/16/2026 15:55,pad
763,Top Layer.png,"[[[2112, 244], [2112, 242], [2111, 241], [2111, 239], [2110, 238], [2108, 237], [2107, 236], [2106, 236], [2104, 236], [2103, 236], [2101, 236], [2100, 237], [2099, 238], [2098, 239], [2097, 241], [2097, 242], [2096, 244], [2097, 245], [2097, 246], [2098, 248], [2099, 249], [2100, 250], [2101, 251], [2103, 251], [2104, 251], [2106, 251], [2107, 251], [2108, 250], [2110, 249], [2111, 248], [2111, 246], [2112, 245], [2112, 244]]]",04/16/2026 15:55,pad
764,Top Layer.png,"[[[2047, 231], [2047, 229], [2047, 228], [2046, 226], [2045, 225], [2044, 224], [2043, 224], [2041, 223], [2040, 223], [2038, 223], [2037, 224], [2036, 224], [2034, 225], [2033, 226], [2033, 228], [2032, 229], [2032, 231], [2032, 232], [2033, 234], [2033, 235], [2034, 236], [2036, 237], [2037, 238], [2038, 238], [2040, 238], [2041, 238], [2043, 238], [2044, 237], [2045, 236], [2046, 235], [2047, 234], [2047, 232], [2047, 231]]]",04/16/2026 15:55,pad
765,Top Layer.png,"[[[1931, 423], [1931, 422], [1931, 421], [1930, 420], [1929, 419], [1929, 418], [1928, 418], [1926, 417], [1925, 417], [1924, 417], [1923, 418], [1922, 418], [1921, 419], [1921, 420], [1920, 421], [1920, 422], [1920, 423], [1920, 424], [1920, 425], [1921, 426], [1921, 427], [1922, 428], [1923, 428], [1924, 429], [1925, 429], [1926, 429], [1928, 428], [1929, 428], [1929, 427], [1930, 426], [1931, 425], [1931, 424], [1931, 423]]]",04/16/2026 15:55,pad
766,Top Layer.png,"[[[1884, 396], [1884, 395], [1884, 393], [1883, 392], [1882, 391], [1881, 390], [1880, 389], [1878, 389], [1877, 389], [1875, 389], [1874, 389], [1872, 390], [1871, 391], [1870, 392], [1869, 393], [1869, 395], [1869, 396], [1869, 398], [1869, 399], [1870, 401], [1871, 402], [1872, 403], [1874, 403], [1875, 404], [1877, 404], [1878, 404], [1880, 403], [1881, 403], [1882, 402], [1883, 401], [1884, 399], [1884, 398], [1884, 396]]]",04/16/2026 15:55,pad
767,Top Layer.png,"[[[1816, 1838], [1816, 1836], [1816, 1835], [1815, 1834], [1814, 1833], [1813, 1833], [1812, 1832], [1811, 1832], [1810, 1832], [1809, 1832], [1808, 1832], [1807, 1833], [1806, 1833], [1805, 1834], [1805, 1835], [1805, 1836], [1805, 1838], [1805, 1839], [1805, 1840], [1805, 1841], [1806, 1842], [1807, 1842], [1808, 1843], [1809, 1843], [1810, 1843], [1811, 1843], [1812, 1843], [1813, 1842], [1814, 1842], [1815, 1841], [1816, 1840], [1816, 1839], [1816, 1838]]]",04/16/2026 15:55,pad
768,Top Layer.png,"[[[1471, 1836], [1471, 1835], [1471, 1834], [1470, 1833], [1470, 1832], [1469, 1831], [1468, 1831], [1467, 1831], [1466, 1830], [1465, 1831], [1463, 1831], [1462, 1831], [1462, 1832], [1461, 1833], [1460, 1834], [1460, 1835], [1460, 1836], [1460, 1837], [1460, 1838], [1461, 1839], [1462, 1840], [1462, 1841], [1463, 1842], [1465, 1842], [1466, 1842], [1467, 1842], [1468, 1842], [1469, 1841], [1470, 1840], [1470, 1839], [1471, 1838], [1471, 1837], [1471, 1836]]]",04/16/2026 15:55,pad
769,Top Layer.png,"[[[1490, 880], [1489, 879], [1489, 878], [1489, 877], [1488, 876], [1487, 875], [1486, 875], [1485, 875], [1484, 874], [1483, 875], [1482, 875], [1481, 875], [1480, 876], [1479, 877], [1479, 878], [1478, 879], [1478, 880], [1478, 881], [1479, 882], [1479, 883], [1480, 884], [1481, 885], [1482, 886], [1483, 886], [1484, 886], [1485, 886], [1486, 886], [1487, 885], [1488, 884], [1489, 883], [1489, 882], [1489, 881], [1490, 880]]]",04/16/2026 15:55,pad
770,Top Layer.png,"[[[1882, 563], [1882, 562], [1882, 561], [1881, 560], [1881, 559], [1880, 558], [1879, 558], [1878, 557], [1877, 557], [1875, 557], [1874, 558], [1873, 558], [1873, 559], [1872, 560], [1871, 561], [1871, 562], [1871, 563], [1871, 564], [1871, 565], [1872, 566], [1873, 567], [1873, 568], [1874, 568], [1875, 568], [1877, 569], [1878, 568], [1879, 568], [1880, 568], [1881, 567], [1881, 566], [1882, 565], [1882, 564], [1882, 563]]]",04/16/2026 15:55,pad
771,Top Layer.png,"[[[1677, 1445], [1677, 1444], [1676, 1442], [1676, 1441], [1675, 1440], [1673, 1439], [1672, 1438], [1671, 1438], [1669, 1437], [1668, 1438], [1666, 1438], [1665, 1439], [1664, 1440], [1663, 1441], [1662, 1442], [1662, 1444], [1661, 1445], [1662, 1447], [1662, 1448], [1663, 1449], [1664, 1450], [1665, 1451], [1666, 1452], [1668, 1453], [1669, 1453], [1671, 1453], [1672, 1452], [1673, 1451], [1675, 1450], [1676, 1449], [1676, 1448], [1677, 1447], [1677, 1445]]]",04/16/2026 15:55,pad
772,Top Layer.png,"[[[1618, 1444], [1618, 1443], [1618, 1441], [1617, 1440], [1616, 1439], [1615, 1438], [1614, 1437], [1612, 1437], [1611, 1437], [1609, 1437], [1608, 1437], [1606, 1438], [1605, 1439], [1604, 1440], [1604, 1441], [1603, 1443], [1603, 1444], [1603, 1446], [1604, 1447], [1604, 1449], [1605, 1450], [1606, 1451], [1608, 1451], [1609, 1452], [1611, 1452], [1612, 1452], [1614, 1451], [1615, 1451], [1616, 1450], [1617, 1449], [1618, 1447], [1618, 1446], [1618, 1444]]]",04/16/2026 15:55,pad
773,Top Layer.png,"[[[1621, 1699], [1621, 1697], [1621, 1696], [1620, 1695], [1619, 1693], [1618, 1692], [1617, 1692], [1615, 1691], [1614, 1691], [1612, 1691], [1611, 1692], [1609, 1692], [1608, 1693], [1607, 1695], [1607, 1696], [1606, 1697], [1606, 1699], [1606, 1700], [1607, 1702], [1607, 1703], [1608, 1704], [1609, 1705], [1611, 1706], [1612, 1706], [1614, 1706], [1615, 1706], [1617, 1706], [1618, 1705], [1619, 1704], [1620, 1703], [1621, 1702], [1621, 1700], [1621, 1699]]]",04/16/2026 15:55,pad
774,Top Layer.png,"[[[1454, 1659], [1454, 1658], [1453, 1656], [1453, 1655], [1452, 1654], [1450, 1653], [1449, 1652], [1448, 1652], [1446, 1652], [1445, 1652], [1443, 1652], [1442, 1653], [1441, 1654], [1440, 1655], [1439, 1656], [1439, 1658], [1438, 1659], [1439, 1661], [1439, 1662], [1440, 1664], [1441, 1665], [1442, 1666], [1443, 1666], [1445, 1667], [1446, 1667], [1448, 1667], [1449, 1666], [1450, 1666], [1452, 1665], [1453, 1664], [1453, 1662], [1454, 1661], [1454, 1659]]]",04/16/2026 15:55,pad
775,Top Layer.png,"[[[1537, 1578], [1537, 1577], [1537, 1575], [1536, 1574], [1535, 1573], [1534, 1572], [1533, 1571], [1531, 1571], [1530, 1571], [1528, 1571], [1527, 1571], [1525, 1572], [1524, 1573], [1523, 1574], [1523, 1575], [1522, 1577], [1522, 1578], [1522, 1580], [1523, 1581], [1523, 1582], [1524, 1584], [1525, 1585], [1527, 1585], [1528, 1586], [1530, 1586], [1531, 1586], [1533, 1585], [1534, 1585], [1535, 1584], [1536, 1582], [1537, 1581], [1537, 1580], [1537, 1578]]]",04/16/2026 15:55,pad
776,Top Layer.png,"[[[942, 1968], [942, 1967], [941, 1965], [941, 1964], [940, 1963], [939, 1962], [937, 1961], [936, 1961], [934, 1961], [933, 1961], [931, 1961], [930, 1962], [929, 1963], [928, 1964], [927, 1965], [927, 1967], [927, 1968], [927, 1970], [927, 1971], [928, 1972], [929, 1974], [930, 1975], [931, 1975], [933, 1976], [934, 1976], [936, 1976], [937, 1975], [939, 1975], [940, 1974], [941, 1972], [941, 1971], [942, 1970], [942, 1968]]]",04/16/2026 15:55,pad
777,Top Layer.png,"[[[1071, 1848], [1071, 1846], [1071, 1845], [1070, 1844], [1069, 1842], [1068, 1842], [1067, 1841], [1065, 1840], [1064, 1840], [1062, 1840], [1061, 1841], [1060, 1842], [1058, 1842], [1057, 1844], [1057, 1845], [1056, 1846], [1056, 1848], [1056, 1849], [1057, 1851], [1057, 1852], [1058, 1853], [1060, 1854], [1061, 1855], [1062, 1855], [1064, 1856], [1065, 1855], [1067, 1855], [1068, 1854], [1069, 1853], [1070, 1852], [1071, 1851], [1071, 1849], [1071, 1848]]]",04/16/2026 15:55,pad
778,Top Layer.png,"[[[845, 1224], [845, 1222], [844, 1221], [844, 1219], [843, 1218], [842, 1217], [840, 1216], [839, 1216], [837, 1216], [836, 1216], [834, 1216], [833, 1217], [832, 1218], [831, 1219], [830, 1221], [830, 1222], [830, 1224], [830, 1225], [830, 1226], [831, 1228], [832, 1229], [833, 1230], [834, 1231], [836, 1231], [837, 1231], [839, 1231], [840, 1231], [842, 1230], [843, 1229], [844, 1228], [844, 1226], [845, 1225], [845, 1224]]]",04/16/2026 15:55,pad
779,Top Layer.png,"[[[1208, 1296], [1208, 1295], [1207, 1293], [1207, 1292], [1206, 1291], [1205, 1290], [1203, 1289], [1202, 1289], [1200, 1288], [1199, 1289], [1197, 1289], [1196, 1290], [1195, 1291], [1194, 1292], [1193, 1293], [1193, 1295], [1193, 1296], [1193, 1298], [1193, 1299], [1194, 1300], [1195, 1301], [1196, 1302], [1197, 1303], [1199, 1304], [1200, 1304], [1202, 1304], [1203, 1303], [1205, 1302], [1206, 1301], [1207, 1300], [1207, 1299], [1208, 1298], [1208, 1296]]]",04/16/2026 15:55,pad
780,Top Layer.png,"[[[1244, 1232], [1244, 1230], [1244, 1229], [1243, 1228], [1242, 1227], [1241, 1226], [1240, 1225], [1238, 1224], [1237, 1224], [1235, 1224], [1234, 1225], [1232, 1226], [1231, 1227], [1230, 1228], [1230, 1229], [1229, 1230], [1229, 1232], [1229, 1233], [1230, 1235], [1230, 1236], [1231, 1237], [1232, 1238], [1234, 1239], [1235, 1239], [1237, 1240], [1238, 1239], [1240, 1239], [1241, 1238], [1242, 1237], [1243, 1236], [1244, 1235], [1244, 1233], [1244, 1232]]]",04/16/2026 15:55,pad
781,Top Layer.png,"[[[1375, 1806], [1375, 1805], [1375, 1804], [1374, 1803], [1373, 1802], [1373, 1801], [1372, 1800], [1371, 1800], [1369, 1800], [1368, 1800], [1367, 1800], [1366, 1801], [1365, 1802], [1365, 1803], [1364, 1804], [1364, 1805], [1364, 1806], [1364, 1807], [1364, 1808], [1365, 1809], [1365, 1810], [1366, 1811], [1367, 1811], [1368, 1811], [1369, 1812], [1371, 1811], [1372, 1811], [1373, 1811], [1373, 1810], [1374, 1809], [1375, 1808], [1375, 1807], [1375, 1806]]]",04/16/2026 15:55,pad
782,Top Layer.png,"[[[1384, 1514], [1384, 1513], [1384, 1511], [1383, 1510], [1382, 1509], [1381, 1508], [1379, 1507], [1378, 1507], [1377, 1507], [1375, 1507], [1374, 1507], [1372, 1508], [1371, 1509], [1370, 1510], [1369, 1511], [1369, 1513], [1369, 1514], [1369, 1516], [1369, 1517], [1370, 1519], [1371, 1520], [1372, 1521], [1374, 1521], [1375, 1522], [1377, 1522], [1378, 1522], [1379, 1521], [1381, 1521], [1382, 1520], [1383, 1519], [1384, 1517], [1384, 1516], [1384, 1514]]]",04/16/2026 15:55,pad
783,Top Layer.png,"[[[1441, 1513], [1441, 1512], [1440, 1510], [1440, 1509], [1439, 1508], [1437, 1507], [1436, 1506], [1435, 1506], [1433, 1505], [1432, 1506], [1430, 1506], [1429, 1507], [1428, 1508], [1427, 1509], [1426, 1510], [1426, 1512], [1425, 1513], [1426, 1515], [1426, 1516], [1427, 1517], [1428, 1518], [1429, 1519], [1430, 1520], [1432, 1521], [1433, 1521], [1435, 1521], [1436, 1520], [1437, 1519], [1439, 1518], [1440, 1517], [1440, 1516], [1441, 1515], [1441, 1513]]]",04/16/2026 15:55,pad
784,Top Layer.png,"[[[1501, 1516], [1500, 1514], [1500, 1513], [1499, 1511], [1498, 1510], [1497, 1509], [1496, 1509], [1494, 1508], [1493, 1508], [1491, 1508], [1490, 1509], [1489, 1509], [1488, 1510], [1487, 1511], [1486, 1513], [1485, 1514], [1485, 1516], [1485, 1517], [1486, 1519], [1487, 1520], [1488, 1521], [1489, 1522], [1490, 1523], [1491, 1523], [1493, 1523], [1494, 1523], [1496, 1523], [1497, 1522], [1498, 1521], [1499, 1520], [1500, 1519], [1500, 1517], [1501, 1516]]]",04/16/2026 15:55,pad
785,Top Layer.png,"[[[815, 966], [814, 965], [814, 963], [813, 962], [812, 961], [811, 960], [810, 959], [808, 959], [807, 959], [805, 959], [804, 959], [803, 960], [802, 961], [801, 962], [800, 963], [799, 965], [799, 966], [799, 968], [800, 969], [801, 971], [802, 972], [803, 973], [804, 973], [805, 974], [807, 974], [808, 974], [810, 973], [811, 973], [812, 972], [813, 971], [814, 969], [814, 968], [815, 966]]]",04/16/2026 15:55,pad
786,Top Layer.png,"[[[515, 731], [515, 730], [514, 728], [514, 727], [513, 726], [511, 725], [510, 724], [509, 724], [507, 724], [506, 724], [504, 724], [503, 725], [502, 726], [501, 727], [500, 728], [500, 730], [500, 731], [500, 733], [500, 734], [501, 736], [502, 737], [503, 738], [504, 738], [506, 739], [507, 739], [509, 739], [510, 738], [511, 738], [513, 737], [514, 736], [514, 734], [515, 733], [515, 731]]]",04/16/2026 15:55,pad
787,Top Layer.png,"[[[864, 912], [864, 910], [863, 909], [863, 908], [862, 907], [861, 906], [859, 905], [858, 904], [856, 904], [855, 904], [853, 905], [852, 906], [851, 907], [850, 908], [849, 909], [849, 910], [849, 912], [849, 913], [849, 915], [850, 916], [851, 917], [852, 918], [853, 919], [855, 919], [856, 920], [858, 919], [859, 919], [861, 918], [862, 917], [863, 916], [863, 915], [864, 913], [864, 912]]]",04/16/2026 15:55,pad
788,Top Layer.png,"[[[864, 885], [864, 884], [863, 882], [863, 881], [862, 880], [861, 879], [859, 878], [858, 878], [856, 878], [855, 878], [853, 878], [852, 879], [851, 880], [850, 881], [849, 882], [849, 884], [849, 885], [849, 887], [849, 888], [850, 890], [851, 891], [852, 892], [853, 892], [855, 893], [856, 893], [858, 893], [859, 892], [861, 892], [862, 891], [863, 890], [863, 888], [864, 887], [864, 885]]]",04/16/2026 15:55,pad
789,Top Layer.png,"[[[592, 685], [591, 683], [591, 682], [590, 680], [589, 679], [588, 678], [587, 678], [585, 677], [584, 677], [582, 677], [581, 678], [580, 678], [578, 679], [578, 680], [577, 682], [576, 683], [576, 685], [576, 686], [577, 688], [578, 689], [578, 690], [580, 691], [581, 692], [582, 692], [584, 692], [585, 692], [587, 692], [588, 691], [589, 690], [590, 689], [591, 688], [591, 686], [592, 685]]]",04/16/2026 15:55,pad
790,Top Layer.png,"[[[586, 600], [586, 599], [586, 597], [585, 596], [584, 595], [583, 594], [582, 593], [580, 593], [579, 593], [577, 593], [576, 593], [574, 594], [573, 595], [572, 596], [572, 597], [571, 599], [571, 600], [571, 602], [572, 603], [572, 605], [573, 606], [574, 607], [576, 607], [577, 608], [579, 608], [580, 608], [582, 607], [583, 607], [584, 606], [585, 605], [586, 603], [586, 602], [586, 600]]]",04/16/2026 15:55,pad
791,Top Layer.png,"[[[1073, 297], [1073, 295], [1072, 294], [1071, 292], [1071, 291], [1069, 290], [1068, 290], [1067, 289], [1065, 289], [1064, 289], [1062, 290], [1061, 290], [1060, 291], [1059, 292], [1058, 294], [1058, 295], [1057, 297], [1058, 298], [1058, 300], [1059, 301], [1060, 302], [1061, 303], [1062, 304], [1064, 304], [1065, 304], [1067, 304], [1068, 304], [1069, 303], [1071, 302], [1071, 301], [1072, 300], [1073, 298], [1073, 297]]]",04/16/2026 15:55,pad
792,Top Layer.png,"[[[1237, 814], [1236, 812], [1236, 811], [1235, 809], [1234, 808], [1233, 807], [1232, 806], [1230, 806], [1229, 806], [1227, 806], [1226, 806], [1225, 807], [1224, 808], [1223, 809], [1222, 811], [1221, 812], [1221, 814], [1221, 815], [1222, 816], [1223, 818], [1224, 819], [1225, 820], [1226, 821], [1227, 821], [1229, 821], [1230, 821], [1232, 821], [1233, 820], [1234, 819], [1235, 818], [1236, 816], [1236, 815], [1237, 814]]]",04/16/2026 15:55,pad
793,Top Layer.png,"[[[1298, 755], [1298, 753], [1297, 752], [1296, 750], [1296, 749], [1294, 748], [1293, 748], [1292, 747], [1290, 747], [1289, 747], [1287, 748], [1286, 748], [1285, 749], [1284, 750], [1283, 752], [1283, 753], [1282, 755], [1283, 756], [1283, 758], [1284, 759], [1285, 760], [1286, 761], [1287, 762], [1289, 762], [1290, 762], [1292, 762], [1293, 762], [1294, 761], [1296, 760], [1296, 759], [1297, 758], [1298, 756], [1298, 755]]]",04/16/2026 15:55,pad
794,Top Layer.png,"[[[1490, 666], [1489, 665], [1489, 664], [1488, 662], [1487, 661], [1486, 660], [1485, 659], [1483, 659], [1482, 659], [1480, 659], [1479, 659], [1478, 660], [1476, 661], [1476, 662], [1475, 664], [1474, 665], [1474, 666], [1474, 668], [1475, 669], [1476, 671], [1476, 672], [1478, 673], [1479, 674], [1480, 674], [1482, 674], [1483, 674], [1485, 674], [1486, 673], [1487, 672], [1488, 671], [1489, 669], [1489, 668], [1490, 666]]]",04/16/2026 15:55,pad
795,Top Layer.png,"[[[1080, 120], [1080, 118], [1079, 117], [1079, 116], [1078, 114], [1077, 113], [1075, 113], [1074, 112], [1072, 112], [1071, 112], [1069, 113], [1068, 113], [1067, 114], [1066, 116], [1065, 117], [1065, 118], [1065, 120], [1065, 121], [1065, 123], [1066, 124], [1067, 125], [1068, 126], [1069, 127], [1071, 127], [1072, 127], [1074, 127], [1075, 127], [1077, 126], [1078, 125], [1079, 124], [1079, 123], [1080, 121], [1080, 120]]]",04/16/2026 15:55,pad
796,Top Layer.png,"[[[1356, 233], [1356, 232], [1356, 230], [1355, 229], [1354, 228], [1353, 227], [1352, 226], [1350, 226], [1349, 226], [1347, 226], [1346, 226], [1344, 227], [1343, 228], [1342, 229], [1342, 230], [1341, 232], [1341, 233], [1341, 235], [1342, 236], [1342, 237], [1343, 239], [1344, 240], [1346, 240], [1347, 241], [1349, 241], [1350, 241], [1352, 240], [1353, 240], [1354, 239], [1355, 237], [1356, 236], [1356, 235], [1356, 233]]]",04/16/2026 15:55,pad
797,Top Layer.png,"[[[1510, 138], [1510, 137], [1510, 135], [1509, 134], [1508, 133], [1507, 132], [1506, 131], [1504, 131], [1503, 131], [1501, 131], [1500, 131], [1498, 132], [1497, 133], [1496, 134], [1496, 135], [1495, 137], [1495, 138], [1495, 140], [1496, 141], [1496, 142], [1497, 144], [1498, 145], [1500, 145], [1501, 146], [1503, 146], [1504, 146], [1506, 145], [1507, 145], [1508, 144], [1509, 142], [1510, 141], [1510, 140], [1510, 138]]]",04/16/2026 15:55,pad
798,Top Layer.png,"[[[1357, 62], [1357, 61], [1356, 59], [1356, 58], [1355, 57], [1354, 56], [1352, 55], [1351, 55], [1349, 55], [1348, 55], [1346, 55], [1345, 56], [1344, 57], [1343, 58], [1342, 59], [1342, 61], [1342, 62], [1342, 64], [1342, 65], [1343, 66], [1344, 68], [1345, 69], [1346, 69], [1348, 70], [1349, 70], [1351, 70], [1352, 69], [1354, 69], [1355, 68], [1356, 66], [1356, 65], [1357, 64], [1357, 62]]]",04/16/2026 15:55,pad
799,Top Layer.png,"[[[1521, 1911], [1521, 1910], [1521, 1909], [1520, 1908], [1520, 1907], [1519, 1906], [1518, 1905], [1517, 1905], [1516, 1905], [1515, 1905], [1514, 1905], [1513, 1906], [1512, 1907], [1511, 1908], [1510, 1909], [1510, 1910], [1510, 1911], [1510, 1912], [1510, 1913], [1511, 1914], [1512, 1915], [1513, 1915], [1514, 1916], [1515, 1916], [1516, 1916], [1517, 1916], [1518, 1916], [1519, 1915], [1520, 1915], [1520, 1914], [1521, 1913], [1521, 1912], [1521, 1911]]]",04/16/2026 15:55,pad
800,Top Layer.png,"[[[1622, 1935], [1622, 1934], [1622, 1932], [1621, 1931], [1621, 1931], [1620, 1930], [1619, 1929], [1618, 1929], [1616, 1929], [1615, 1929], [1614, 1929], [1613, 1930], [1612, 1931], [1612, 1931], [1611, 1932], [1611, 1934], [1611, 1935], [1611, 1936], [1611, 1937], [1612, 1938], [1612, 1939], [1613, 1939], [1614, 1940], [1615, 1940], [1616, 1940], [1618, 1940], [1619, 1940], [1620, 1939], [1621, 1939], [1621, 1938], [1622, 1937], [1622, 1936], [1622, 1935]]]",04/16/2026 15:55,pad
801,Top Layer.png,"[[[1736, 1369], [1736, 1368], [1735, 1366], [1735, 1365], [1734, 1364], [1733, 1363], [1731, 1362], [1730, 1362], [1728, 1362], [1727, 1362], [1725, 1362], [1724, 1363], [1723, 1364], [1722, 1365], [1721, 1366], [1721, 1368], [1721, 1369], [1721, 1371], [1721, 1372], [1722, 1373], [1723, 1375], [1724, 1376], [1725, 1376], [1727, 1377], [1728, 1377], [1730, 1377], [1731, 1376], [1733, 1376], [1734, 1375], [1735, 1373], [1735, 1372], [1736, 1371], [1736, 1369]]]",04/16/2026 15:55,pad
802,Top Layer.png,"[[[1756, 1200], [1756, 1199], [1756, 1197], [1755, 1196], [1754, 1195], [1753, 1194], [1751, 1193], [1750, 1193], [1748, 1193], [1747, 1193], [1746, 1193], [1744, 1194], [1743, 1195], [1742, 1196], [1741, 1197], [1741, 1199], [1741, 1200], [1741, 1202], [1741, 1203], [1742, 1204], [1743, 1206], [1744, 1207], [1746, 1207], [1747, 1208], [1748, 1208], [1750, 1208], [1751, 1207], [1753, 1207], [1754, 1206], [1755, 1204], [1756, 1203], [1756, 1202], [1756, 1200]]]",04/16/2026 15:55,pad
803,Top Layer.png,"[[[1542, 666], [1541, 665], [1541, 664], [1540, 662], [1539, 661], [1538, 660], [1537, 659], [1535, 659], [1534, 659], [1532, 659], [1531, 659], [1530, 660], [1529, 661], [1528, 662], [1527, 664], [1526, 665], [1526, 666], [1526, 668], [1527, 669], [1528, 671], [1529, 672], [1530, 673], [1531, 674], [1532, 674], [1534, 674], [1535, 674], [1537, 674], [1538, 673], [1539, 672], [1540, 671], [1541, 669], [1541, 668], [1542, 666]]]",04/16/2026 15:55,pad
804,Top Layer.png,"[[[1594, 666], [1594, 665], [1594, 664], [1593, 662], [1592, 661], [1591, 660], [1590, 659], [1588, 659], [1587, 659], [1585, 659], [1584, 659], [1582, 660], [1581, 661], [1580, 662], [1580, 664], [1579, 665], [1579, 666], [1579, 668], [1580, 669], [1580, 671], [1581, 672], [1582, 673], [1584, 674], [1585, 674], [1587, 674], [1588, 674], [1590, 674], [1591, 673], [1592, 672], [1593, 671], [1594, 669], [1594, 668], [1594, 666]]]",04/16/2026 15:55,pad
805,Top Layer.png,"[[[1515, 315], [1515, 314], [1514, 312], [1514, 311], [1513, 310], [1512, 309], [1510, 308], [1509, 308], [1507, 307], [1506, 308], [1504, 308], [1503, 309], [1502, 310], [1501, 311], [1500, 312], [1500, 314], [1500, 315], [1500, 317], [1500, 318], [1501, 319], [1502, 320], [1503, 321], [1504, 322], [1506, 323], [1507, 323], [1509, 323], [1510, 322], [1512, 321], [1513, 320], [1514, 319], [1514, 318], [1515, 317], [1515, 315]]]",04/16/2026 15:55,pad
806,Top Layer.png,"[[[1661, 316], [1660, 315], [1660, 313], [1659, 312], [1658, 311], [1657, 310], [1656, 309], [1654, 309], [1653, 309], [1651, 309], [1650, 309], [1649, 310], [1647, 311], [1647, 312], [1646, 313], [1645, 315], [1645, 316], [1645, 318], [1646, 319], [1647, 321], [1647, 322], [1649, 323], [1650, 323], [1651, 324], [1653, 324], [1654, 324], [1656, 323], [1657, 323], [1658, 322], [1659, 321], [1660, 319], [1660, 318], [1661, 316]]]",04/16/2026 15:55,pad
807,Top Layer.png,"[[[1810, 324], [1810, 322], [1810, 321], [1809, 320], [1808, 318], [1807, 317], [1805, 317], [1804, 316], [1802, 316], [1801, 316], [1800, 317], [1798, 317], [1797, 318], [1796, 320], [1795, 321], [1795, 322], [1795, 324], [1795, 325], [1795, 327], [1796, 328], [1797, 329], [1798, 330], [1800, 331], [1801, 331], [1802, 332], [1804, 331], [1805, 331], [1807, 330], [1808, 329], [1809, 328], [1810, 327], [1810, 325], [1810, 324]]]",04/16/2026 15:55,pad
808,Top Layer.png,"[[[1709, 300], [1709, 299], [1708, 297], [1708, 296], [1707, 295], [1706, 294], [1704, 293], [1703, 293], [1701, 293], [1700, 293], [1698, 293], [1697, 294], [1696, 295], [1695, 296], [1694, 297], [1694, 299], [1694, 300], [1694, 302], [1694, 303], [1695, 305], [1696, 306], [1697, 307], [1698, 307], [1700, 308], [1701, 308], [1703, 308], [1704, 307], [1706, 307], [1707, 306], [1708, 305], [1708, 303], [1709, 302], [1709, 300]]]",04/16/2026 15:55,pad
809,Top Layer.png,"[[[1810, 297], [1810, 296], [1810, 294], [1809, 293], [1808, 292], [1807, 291], [1805, 290], [1804, 290], [1802, 290], [1801, 290], [1800, 290], [1798, 291], [1797, 292], [1796, 293], [1795, 294], [1795, 296], [1795, 297], [1795, 299], [1795, 300], [1796, 302], [1797, 303], [1798, 304], [1800, 304], [1801, 305], [1802, 305], [1804, 305], [1805, 304], [1807, 304], [1808, 303], [1809, 302], [1810, 300], [1810, 299], [1810, 297]]]",04/16/2026 15:55,pad
810,Top Layer.png,"[[[1839, 297], [1839, 296], [1838, 294], [1837, 293], [1837, 292], [1835, 291], [1834, 290], [1833, 290], [1831, 290], [1830, 290], [1828, 290], [1827, 291], [1826, 292], [1825, 293], [1824, 294], [1824, 296], [1823, 297], [1824, 299], [1824, 300], [1825, 302], [1826, 303], [1827, 304], [1828, 304], [1830, 305], [1831, 305], [1833, 305], [1834, 304], [1835, 304], [1837, 303], [1837, 302], [1838, 300], [1839, 299], [1839, 297]]]",04/16/2026 15:55,pad
811,Top Layer.png,"[[[1589, 237], [1589, 235], [1588, 234], [1588, 232], [1587, 231], [1586, 230], [1584, 230], [1583, 229], [1581, 229], [1580, 229], [1578, 230], [1577, 230], [1576, 231], [1575, 232], [1574, 234], [1574, 235], [1574, 237], [1574, 238], [1574, 240], [1575, 241], [1576, 242], [1577, 243], [1578, 244], [1580, 244], [1581, 244], [1583, 244], [1584, 244], [1586, 243], [1587, 242], [1588, 241], [1588, 240], [1589, 238], [1589, 237]]]",04/16/2026 15:55,pad
812,Top Layer.png,"[[[1674, 138], [1674, 136], [1674, 135], [1673, 133], [1672, 132], [1671, 131], [1670, 131], [1668, 130], [1667, 130], [1665, 130], [1664, 131], [1662, 131], [1661, 132], [1660, 133], [1659, 135], [1659, 136], [1659, 138], [1659, 139], [1659, 141], [1660, 142], [1661, 143], [1662, 144], [1664, 145], [1665, 145], [1667, 145], [1668, 145], [1670, 145], [1671, 144], [1672, 143], [1673, 142], [1674, 141], [1674, 139], [1674, 138]]]",04/16/2026 15:55,pad
813,Top Layer.png,"[[[1810, 272], [1810, 271], [1810, 269], [1809, 268], [1808, 267], [1807, 266], [1805, 265], [1804, 265], [1802, 264], [1801, 265], [1800, 265], [1798, 266], [1797, 267], [1796, 268], [1795, 269], [1795, 271], [1795, 272], [1795, 274], [1795, 275], [1796, 276], [1797, 277], [1798, 278], [1800, 279], [1801, 280], [1802, 280], [1804, 280], [1805, 279], [1807, 278], [1808, 277], [1809, 276], [1810, 275], [1810, 274], [1810, 272]]]",04/16/2026 15:55,pad
814,Top Layer.png,"[[[1838, 272], [1838, 271], [1838, 269], [1837, 268], [1836, 267], [1835, 266], [1833, 265], [1832, 265], [1830, 264], [1829, 265], [1827, 265], [1826, 266], [1825, 267], [1824, 268], [1823, 269], [1823, 271], [1823, 272], [1823, 274], [1823, 275], [1824, 276], [1825, 277], [1826, 278], [1827, 279], [1829, 280], [1830, 280], [1832, 280], [1833, 279], [1835, 278], [1836, 277], [1837, 276], [1838, 275], [1838, 274], [1838, 272]]]",04/16/2026 15:55,pad
815,Top Layer.png,"[[[1810, 218], [1810, 217], [1810, 215], [1809, 214], [1808, 213], [1807, 212], [1805, 211], [1804, 211], [1802, 211], [1801, 211], [1800, 211], [1798, 212], [1797, 213], [1796, 214], [1795, 215], [1795, 217], [1795, 218], [1795, 220], [1795, 221], [1796, 223], [1797, 224], [1798, 225], [1800, 225], [1801, 226], [1802, 226], [1804, 226], [1805, 225], [1807, 225], [1808, 224], [1809, 223], [1810, 221], [1810, 220], [1810, 218]]]",04/16/2026 15:55,pad
816,Top Layer.png,"[[[1838, 245], [1838, 243], [1838, 242], [1837, 241], [1836, 239], [1835, 238], [1833, 238], [1832, 237], [1830, 237], [1829, 237], [1827, 238], [1826, 238], [1825, 239], [1824, 241], [1823, 242], [1823, 243], [1823, 245], [1823, 246], [1823, 248], [1824, 249], [1825, 250], [1826, 251], [1827, 252], [1829, 252], [1830, 252], [1832, 252], [1833, 252], [1835, 251], [1836, 250], [1837, 249], [1838, 248], [1838, 246], [1838, 245]]]",04/16/2026 15:55,pad
817,Top Layer.png,"[[[1810, 244], [1810, 243], [1810, 241], [1809, 240], [1808, 239], [1807, 238], [1805, 237], [1804, 237], [1802, 237], [1801, 237], [1800, 237], [1798, 238], [1797, 239], [1796, 240], [1795, 241], [1795, 243], [1795, 244], [1795, 246], [1795, 247], [1796, 248], [1797, 250], [1798, 251], [1800, 251], [1801, 252], [1802, 252], [1804, 252], [1805, 251], [1807, 251], [1808, 250], [1809, 248], [1810, 247], [1810, 246], [1810, 244]]]",04/16/2026 15:55,pad
818,Top Layer.png,"[[[1837, 218], [1837, 217], [1837, 215], [1836, 214], [1835, 213], [1834, 212], [1833, 211], [1831, 211], [1830, 211], [1828, 211], [1827, 211], [1826, 212], [1824, 213], [1823, 214], [1823, 215], [1822, 217], [1822, 218], [1822, 220], [1823, 221], [1823, 223], [1824, 224], [1826, 225], [1827, 225], [1828, 226], [1830, 226], [1831, 226], [1833, 225], [1834, 225], [1835, 224], [1836, 223], [1837, 221], [1837, 220], [1837, 218]]]",04/16/2026 15:55,pad
819,Top Layer.png,"[[[1868, 272], [1868, 271], [1867, 269], [1867, 268], [1866, 267], [1865, 266], [1863, 265], [1862, 265], [1860, 264], [1859, 265], [1857, 265], [1856, 266], [1855, 267], [1854, 268], [1853, 269], [1853, 271], [1853, 272], [1853, 274], [1853, 275], [1854, 276], [1855, 277], [1856, 278], [1857, 279], [1859, 280], [1860, 280], [1862, 280], [1863, 279], [1865, 278], [1866, 277], [1867, 276], [1867, 275], [1868, 274], [1868, 272]]]",04/16/2026 15:55,pad
820,Top Layer.png,"[[[1897, 272], [1897, 271], [1897, 269], [1896, 268], [1895, 267], [1894, 266], [1893, 265], [1891, 265], [1890, 264], [1888, 265], [1887, 265], [1885, 266], [1884, 267], [1883, 268], [1883, 269], [1882, 271], [1882, 272], [1882, 274], [1883, 275], [1883, 276], [1884, 277], [1885, 278], [1887, 279], [1888, 280], [1890, 280], [1891, 280], [1893, 279], [1894, 278], [1895, 277], [1896, 276], [1897, 275], [1897, 274], [1897, 272]]]",04/16/2026 15:55,pad
821,Top Layer.png,"[[[2135, 268], [2135, 267], [2135, 265], [2134, 264], [2133, 263], [2132, 262], [2131, 261], [2129, 261], [2128, 261], [2126, 261], [2125, 261], [2123, 262], [2122, 263], [2121, 264], [2120, 265], [2120, 267], [2120, 268], [2120, 270], [2120, 271], [2121, 272], [2122, 274], [2123, 275], [2125, 275], [2126, 276], [2128, 276], [2129, 276], [2131, 275], [2132, 275], [2133, 274], [2134, 272], [2135, 271], [2135, 270], [2135, 268]]]",04/16/2026 15:55,pad
822,Top Layer.png,"[[[2136, 326], [2136, 324], [2135, 323], [2135, 322], [2134, 320], [2133, 319], [2131, 319], [2130, 318], [2128, 318], [2127, 318], [2125, 319], [2124, 319], [2123, 320], [2122, 322], [2121, 323], [2121, 324], [2121, 326], [2121, 327], [2121, 329], [2122, 330], [2123, 331], [2124, 332], [2125, 333], [2127, 333], [2128, 333], [2130, 333], [2131, 333], [2133, 332], [2134, 331], [2135, 330], [2135, 329], [2136, 327], [2136, 326]]]",04/16/2026 15:55,pad
823,Top Layer.png,"[[[2214, 297], [2214, 296], [2213, 294], [2213, 293], [2212, 292], [2211, 291], [2209, 290], [2208, 290], [2206, 290], [2205, 290], [2203, 290], [2202, 291], [2201, 292], [2200, 293], [2199, 294], [2199, 296], [2199, 297], [2199, 299], [2199, 300], [2200, 302], [2201, 303], [2202, 304], [2203, 304], [2205, 305], [2206, 305], [2208, 305], [2209, 304], [2211, 304], [2212, 303], [2213, 302], [2213, 300], [2214, 299], [2214, 297]]]",04/16/2026 15:55,pad
824,Top Layer.png,"[[[2135, 297], [2135, 295], [2135, 294], [2134, 292], [2133, 291], [2132, 290], [2131, 290], [2129, 289], [2128, 289], [2126, 289], [2125, 290], [2123, 290], [2122, 291], [2121, 292], [2120, 294], [2120, 295], [2120, 297], [2120, 298], [2120, 300], [2121, 301], [2122, 302], [2123, 303], [2125, 304], [2126, 304], [2128, 304], [2129, 304], [2131, 304], [2132, 303], [2133, 302], [2134, 301], [2135, 300], [2135, 298], [2135, 297]]]",04/16/2026 15:55,pad
825,Top Layer.png,"[[[2161, 268], [2161, 267], [2161, 265], [2160, 264], [2159, 263], [2158, 262], [2157, 261], [2155, 261], [2154, 261], [2152, 261], [2151, 261], [2149, 262], [2148, 263], [2147, 264], [2146, 265], [2146, 267], [2146, 268], [2146, 270], [2146, 271], [2147, 272], [2148, 274], [2149, 275], [2151, 275], [2152, 276], [2154, 276], [2155, 276], [2157, 275], [2158, 275], [2159, 274], [2160, 272], [2161, 271], [2161, 270], [2161, 268]]]",04/16/2026 15:55,pad
826,Top Layer.png,"[[[2189, 297], [2188, 296], [2188, 294], [2187, 293], [2186, 292], [2185, 291], [2184, 290], [2182, 290], [2181, 290], [2179, 290], [2178, 290], [2177, 291], [2175, 292], [2175, 293], [2174, 294], [2173, 296], [2173, 297], [2173, 299], [2174, 300], [2175, 302], [2175, 303], [2177, 304], [2178, 304], [2179, 305], [2181, 305], [2182, 305], [2184, 304], [2185, 304], [2186, 303], [2187, 302], [2188, 300], [2188, 299], [2189, 297]]]",04/16/2026 15:55,pad
827,Top Layer.png,"[[[2161, 297], [2161, 295], [2161, 294], [2160, 292], [2159, 291], [2158, 290], [2157, 290], [2155, 289], [2154, 289], [2152, 289], [2151, 290], [2149, 290], [2148, 291], [2147, 292], [2146, 294], [2146, 295], [2146, 297], [2146, 298], [2146, 300], [2147, 301], [2148, 302], [2149, 303], [2151, 304], [2152, 304], [2154, 304], [2155, 304], [2157, 304], [2158, 303], [2159, 302], [2160, 301], [2161, 300], [2161, 298], [2161, 297]]]",04/16/2026 15:55,pad
828,Top Layer.png,"[[[2188, 268], [2188, 267], [2187, 265], [2187, 264], [2186, 263], [2185, 262], [2183, 261], [2182, 261], [2180, 261], [2179, 261], [2177, 261], [2176, 262], [2175, 263], [2174, 264], [2173, 265], [2173, 267], [2173, 268], [2173, 270], [2173, 271], [2174, 272], [2175, 274], [2176, 275], [2177, 275], [2179, 276], [2180, 276], [2182, 276], [2183, 275], [2185, 275], [2186, 274], [2187, 272], [2187, 271], [2188, 270], [2188, 268]]]",04/16/2026 15:55,pad
829,Top Layer.png,"[[[2135, 242], [2135, 241], [2135, 239], [2134, 238], [2133, 237], [2132, 236], [2131, 235], [2129, 235], [2128, 235], [2126, 235], [2125, 235], [2123, 236], [2122, 237], [2121, 238], [2120, 239], [2120, 241], [2120, 242], [2120, 244], [2120, 245], [2121, 246], [2122, 248], [2123, 249], [2125, 249], [2126, 250], [2128, 250], [2129, 250], [2131, 249], [2132, 249], [2133, 248], [2134, 246], [2135, 245], [2135, 244], [2135, 242]]]",04/16/2026 15:55,pad
830,Top Layer.png,"[[[2094, 227], [2094, 225], [2094, 224], [2093, 222], [2092, 221], [2091, 220], [2090, 220], [2088, 219], [2087, 219], [2085, 219], [2084, 220], [2082, 220], [2081, 221], [2080, 222], [2080, 224], [2079, 225], [2079, 227], [2079, 228], [2080, 230], [2080, 231], [2081, 232], [2082, 233], [2084, 234], [2085, 234], [2087, 234], [2088, 234], [2090, 234], [2091, 233], [2092, 232], [2093, 231], [2094, 230], [2094, 228], [2094, 227]]]",04/16/2026 15:55,pad
831,Top Layer.png,"[[[2135, 216], [2135, 214], [2135, 213], [2134, 211], [2133, 210], [2132, 209], [2131, 209], [2129, 208], [2128, 208], [2126, 208], [2125, 209], [2123, 209], [2122, 210], [2121, 211], [2120, 213], [2120, 214], [2120, 216], [2120, 217], [2120, 219], [2121, 220], [2122, 221], [2123, 222], [2125, 223], [2126, 223], [2128, 223], [2129, 223], [2131, 223], [2132, 222], [2133, 221], [2134, 220], [2135, 219], [2135, 217], [2135, 216]]]",04/16/2026 15:55,pad
832,Top Layer.png,"[[[2161, 242], [2160, 241], [2160, 239], [2159, 238], [2158, 237], [2157, 236], [2156, 235], [2154, 235], [2153, 235], [2151, 235], [2150, 235], [2149, 236], [2148, 237], [2147, 238], [2146, 239], [2145, 241], [2145, 242], [2145, 244], [2146, 245], [2147, 246], [2148, 248], [2149, 249], [2150, 249], [2151, 250], [2153, 250], [2154, 250], [2156, 249], [2157, 249], [2158, 248], [2159, 246], [2160, 245], [2160, 244], [2161, 242]]]",04/16/2026 15:55,pad
833,Top Layer.png,"[[[2214, 268], [2214, 267], [2213, 265], [2213, 264], [2212, 263], [2211, 262], [2209, 261], [2208, 261], [2206, 261], [2205, 261], [2203, 261], [2202, 262], [2201, 263], [2200, 264], [2199, 265], [2199, 267], [2199, 268], [2199, 270], [2199, 271], [2200, 272], [2201, 274], [2202, 275], [2203, 275], [2205, 276], [2206, 276], [2208, 276], [2209, 275], [2211, 275], [2212, 274], [2213, 272], [2213, 271], [2214, 270], [2214, 268]]]",04/16/2026 15:55,pad
834,Top Layer.png,"[[[2161, 216], [2160, 214], [2160, 213], [2159, 211], [2158, 210], [2157, 209], [2156, 209], [2154, 208], [2153, 208], [2151, 208], [2150, 209], [2149, 209], [2148, 210], [2147, 211], [2146, 213], [2145, 214], [2145, 216], [2145, 217], [2146, 219], [2147, 220], [2148, 221], [2149, 222], [2150, 223], [2151, 223], [2153, 223], [2154, 223], [2156, 223], [2157, 222], [2158, 221], [2159, 220], [2160, 219], [2160, 217], [2161, 216]]]",04/16/2026 15:55,pad
835,Top Layer.png,"[[[2413, 224], [2413, 223], [2412, 221], [2412, 220], [2411, 219], [2410, 218], [2408, 217], [2407, 217], [2405, 216], [2404, 217], [2402, 217], [2401, 218], [2400, 219], [2399, 220], [2398, 221], [2398, 223], [2398, 224], [2398, 226], [2398, 227], [2399, 228], [2400, 230], [2401, 230], [2402, 231], [2404, 232], [2405, 232], [2407, 232], [2408, 231], [2410, 230], [2411, 230], [2412, 228], [2412, 227], [2413, 226], [2413, 224]]]",04/16/2026 15:55,pad
836,Top Layer.png,"[[[1897, 297], [1897, 296], [1897, 294], [1896, 293], [1895, 292], [1894, 291], [1893, 290], [1891, 290], [1890, 290], [1888, 290], [1887, 290], [1885, 291], [1884, 292], [1883, 293], [1883, 294], [1882, 296], [1882, 297], [1882, 299], [1883, 300], [1883, 302], [1884, 303], [1885, 304], [1887, 304], [1888, 305], [1890, 305], [1891, 305], [1893, 304], [1894, 304], [1895, 303], [1896, 302], [1897, 300], [1897, 299], [1897, 297]]]",04/16/2026 15:55,pad
837,Top Layer.png,"[[[1869, 297], [1869, 296], [1868, 294], [1867, 293], [1866, 292], [1865, 291], [1864, 290], [1862, 290], [1861, 290], [1859, 290], [1858, 290], [1857, 291], [1856, 292], [1855, 293], [1854, 294], [1853, 296], [1853, 297], [1853, 299], [1854, 300], [1855, 302], [1856, 303], [1857, 304], [1858, 304], [1859, 305], [1861, 305], [1862, 305], [1864, 304], [1865, 304], [1866, 303], [1867, 302], [1868, 300], [1869, 299], [1869, 297]]]",04/16/2026 15:55,pad
838,Top Layer.png,"[[[1690, 1808], [1689, 1807], [1689, 1806], [1689, 1805], [1688, 1804], [1687, 1803], [1686, 1802], [1685, 1802], [1684, 1802], [1683, 1802], [1682, 1802], [1681, 1803], [1680, 1804], [1679, 1805], [1679, 1806], [1678, 1807], [1678, 1808], [1678, 1809], [1679, 1810], [1679, 1811], [1680, 1812], [1681, 1813], [1682, 1813], [1683, 1813], [1684, 1813], [1685, 1813], [1686, 1813], [1687, 1813], [1688, 1812], [1689, 1811], [1689, 1810], [1689, 1809], [1690, 1808]]]",04/16/2026 15:55,pad
839,Top Layer.png,"[[[1788, 1162], [1788, 1160], [1787, 1159], [1787, 1158], [1786, 1157], [1785, 1156], [1783, 1155], [1782, 1154], [1780, 1154], [1779, 1154], [1777, 1155], [1776, 1156], [1775, 1157], [1774, 1158], [1773, 1159], [1773, 1160], [1773, 1162], [1773, 1163], [1773, 1165], [1774, 1166], [1775, 1167], [1776, 1168], [1777, 1169], [1779, 1169], [1780, 1170], [1782, 1169], [1783, 1169], [1785, 1168], [1786, 1167], [1787, 1166], [1787, 1165], [1788, 1163], [1788, 1162]]]",04/16/2026 15:55,pad
840,Top Layer.png,"[[[1210, 1350], [1210, 1349], [1209, 1348], [1209, 1346], [1208, 1345], [1207, 1344], [1205, 1343], [1204, 1343], [1202, 1343], [1201, 1343], [1199, 1343], [1198, 1344], [1197, 1345], [1196, 1346], [1195, 1348], [1195, 1349], [1195, 1350], [1195, 1352], [1195, 1353], [1196, 1355], [1197, 1356], [1198, 1357], [1199, 1358], [1201, 1358], [1202, 1358], [1204, 1358], [1205, 1358], [1207, 1357], [1208, 1356], [1209, 1355], [1209, 1353], [1210, 1352], [1210, 1350]]]",04/16/2026 15:55,pad
841,Top Layer.png,"[[[1395, 978], [1394, 977], [1394, 975], [1393, 974], [1392, 973], [1391, 972], [1390, 971], [1388, 971], [1387, 970], [1385, 971], [1384, 971], [1383, 972], [1382, 973], [1381, 974], [1380, 975], [1379, 977], [1379, 978], [1379, 980], [1380, 981], [1381, 982], [1382, 983], [1383, 984], [1384, 985], [1385, 986], [1387, 986], [1388, 986], [1390, 985], [1391, 984], [1392, 983], [1393, 982], [1394, 981], [1394, 980], [1395, 978]]]",04/16/2026 15:55,pad
842,Top Layer.png,"[[[1861, 1780], [1861, 1779], [1860, 1778], [1860, 1777], [1859, 1776], [1858, 1775], [1857, 1775], [1856, 1774], [1855, 1774], [1854, 1774], [1853, 1775], [1852, 1775], [1851, 1776], [1850, 1777], [1850, 1778], [1849, 1779], [1849, 1780], [1849, 1781], [1850, 1782], [1850, 1783], [1851, 1784], [1852, 1785], [1853, 1785], [1854, 1786], [1855, 1786], [1856, 1786], [1857, 1785], [1858, 1785], [1859, 1784], [1860, 1783], [1860, 1782], [1861, 1781], [1861, 1780]]]",04/16/2026 15:55,pad
843,Top Layer.png,"[[[1622, 1474], [1621, 1473], [1621, 1471], [1620, 1470], [1619, 1469], [1618, 1468], [1617, 1467], [1615, 1467], [1614, 1467], [1612, 1467], [1611, 1467], [1610, 1468], [1608, 1469], [1608, 1470], [1607, 1471], [1606, 1473], [1606, 1474], [1606, 1476], [1607, 1477], [1608, 1478], [1608, 1480], [1610, 1481], [1611, 1481], [1612, 1482], [1614, 1482], [1615, 1482], [1617, 1481], [1618, 1481], [1619, 1480], [1620, 1478], [1621, 1477], [1621, 1476], [1622, 1474]]]",04/16/2026 15:55,pad
844,Top Layer.png,"[[[1587, 1460], [1587, 1458], [1587, 1457], [1586, 1456], [1585, 1455], [1584, 1454], [1582, 1453], [1581, 1452], [1579, 1452], [1578, 1452], [1576, 1453], [1575, 1454], [1574, 1455], [1573, 1456], [1572, 1457], [1572, 1458], [1572, 1460], [1572, 1461], [1572, 1463], [1573, 1464], [1574, 1465], [1575, 1466], [1576, 1467], [1578, 1467], [1579, 1468], [1581, 1467], [1582, 1467], [1584, 1466], [1585, 1465], [1586, 1464], [1587, 1463], [1587, 1461], [1587, 1460]]]",04/16/2026 15:55,pad
845,Top Layer.png,"[[[1211, 1442], [1210, 1441], [1210, 1440], [1209, 1438], [1208, 1437], [1207, 1436], [1206, 1435], [1204, 1435], [1203, 1435], [1201, 1435], [1200, 1435], [1199, 1436], [1198, 1437], [1197, 1438], [1196, 1440], [1195, 1441], [1195, 1442], [1195, 1444], [1196, 1445], [1197, 1447], [1198, 1448], [1199, 1449], [1200, 1450], [1201, 1450], [1203, 1450], [1204, 1450], [1206, 1450], [1207, 1449], [1208, 1448], [1209, 1447], [1210, 1445], [1210, 1444], [1211, 1442]]]",04/16/2026 15:55,pad
846,Top Layer.png,"[[[1489, 1309], [1489, 1308], [1488, 1306], [1488, 1305], [1487, 1304], [1486, 1303], [1484, 1302], [1483, 1302], [1481, 1301], [1480, 1302], [1478, 1302], [1477, 1303], [1476, 1304], [1475, 1305], [1474, 1306], [1474, 1308], [1474, 1309], [1474, 1310], [1474, 1312], [1475, 1313], [1476, 1314], [1477, 1315], [1478, 1316], [1480, 1317], [1481, 1317], [1483, 1317], [1484, 1316], [1486, 1315], [1487, 1314], [1488, 1313], [1488, 1312], [1489, 1310], [1489, 1309]]]",04/16/2026 15:55,pad
847,Top Layer.png,"[[[1241, 1425], [1241, 1423], [1241, 1422], [1240, 1421], [1239, 1420], [1238, 1419], [1236, 1418], [1235, 1417], [1234, 1417], [1232, 1417], [1231, 1418], [1229, 1419], [1228, 1420], [1227, 1421], [1226, 1422], [1226, 1423], [1226, 1425], [1226, 1426], [1226, 1428], [1227, 1429], [1228, 1430], [1229, 1431], [1231, 1432], [1232, 1432], [1234, 1433], [1235, 1432], [1236, 1432], [1238, 1431], [1239, 1430], [1240, 1429], [1241, 1428], [1241, 1426], [1241, 1425]]]",04/16/2026 15:55,pad
848,Top Layer.png,"[[[1263, 1441], [1262, 1440], [1262, 1438], [1261, 1437], [1260, 1436], [1259, 1435], [1258, 1434], [1256, 1434], [1255, 1433], [1253, 1434], [1252, 1434], [1251, 1435], [1250, 1436], [1249, 1437], [1248, 1438], [1247, 1440], [1247, 1441], [1247, 1443], [1248, 1444], [1249, 1445], [1250, 1447], [1251, 1447], [1252, 1448], [1253, 1449], [1255, 1449], [1256, 1449], [1258, 1448], [1259, 1447], [1260, 1447], [1261, 1445], [1262, 1444], [1262, 1443], [1263, 1441]]]",04/16/2026 15:55,pad
849,Top Layer.png,"[[[1488, 1335], [1488, 1334], [1488, 1332], [1487, 1331], [1486, 1330], [1485, 1329], [1483, 1328], [1482, 1328], [1480, 1328], [1479, 1328], [1478, 1328], [1476, 1329], [1475, 1330], [1474, 1331], [1473, 1332], [1473, 1334], [1473, 1335], [1473, 1337], [1473, 1338], [1474, 1340], [1475, 1341], [1476, 1342], [1478, 1342], [1479, 1343], [1480, 1343], [1482, 1343], [1483, 1342], [1485, 1342], [1486, 1341], [1487, 1340], [1488, 1338], [1488, 1337], [1488, 1335]]]",04/16/2026 15:55,pad
850,Top Layer.png,"[[[1488, 1361], [1488, 1360], [1488, 1359], [1487, 1357], [1486, 1356], [1485, 1355], [1484, 1354], [1482, 1354], [1481, 1354], [1479, 1354], [1478, 1354], [1476, 1355], [1475, 1356], [1474, 1357], [1474, 1359], [1473, 1360], [1473, 1361], [1473, 1363], [1474, 1364], [1474, 1366], [1475, 1367], [1476, 1368], [1478, 1369], [1479, 1369], [1481, 1369], [1482, 1369], [1484, 1369], [1485, 1368], [1486, 1367], [1487, 1366], [1488, 1364], [1488, 1363], [1488, 1361]]]",04/16/2026 15:55,pad
851,Top Layer.png,"[[[1292, 1069], [1292, 1067], [1291, 1066], [1291, 1064], [1290, 1063], [1288, 1062], [1287, 1062], [1286, 1061], [1284, 1061], [1283, 1061], [1281, 1062], [1280, 1062], [1279, 1063], [1278, 1064], [1277, 1066], [1277, 1067], [1277, 1069], [1277, 1070], [1277, 1072], [1278, 1073], [1279, 1074], [1280, 1075], [1281, 1076], [1283, 1076], [1284, 1076], [1286, 1076], [1287, 1076], [1288, 1075], [1290, 1074], [1291, 1073], [1291, 1072], [1292, 1070], [1292, 1069]]]",04/16/2026 15:55,pad
852,Top Layer.png,"[[[2341, 186], [2341, 184], [2340, 183], [2339, 182], [2338, 180], [2337, 180], [2336, 179], [2335, 178], [2333, 178], [2332, 178], [2330, 179], [2329, 180], [2328, 180], [2327, 182], [2326, 183], [2326, 184], [2325, 186], [2326, 187], [2326, 189], [2327, 190], [2328, 191], [2329, 192], [2330, 193], [2332, 193], [2333, 194], [2335, 193], [2336, 193], [2337, 192], [2338, 191], [2339, 190], [2340, 189], [2341, 187], [2341, 186]]]",04/16/2026 15:55,pad
853,Top Layer.png,"[[[2273, 115], [2273, 114], [2273, 112], [2272, 111], [2271, 110], [2270, 109], [2268, 108], [2267, 108], [2265, 108], [2264, 108], [2262, 108], [2261, 109], [2260, 110], [2259, 111], [2258, 112], [2258, 114], [2258, 115], [2258, 117], [2258, 118], [2259, 120], [2260, 121], [2261, 122], [2262, 122], [2264, 123], [2265, 123], [2267, 123], [2268, 122], [2270, 122], [2271, 121], [2272, 120], [2273, 118], [2273, 117], [2273, 115]]]",04/16/2026 15:55,pad
854,Top Layer.png,"[[[1954, 127], [1954, 126], [1953, 124], [1953, 123], [1952, 122], [1951, 121], [1949, 120], [1948, 120], [1946, 120], [1945, 120], [1943, 120], [1942, 121], [1941, 122], [1940, 123], [1939, 124], [1939, 126], [1939, 127], [1939, 129], [1939, 130], [1940, 132], [1941, 133], [1942, 134], [1943, 134], [1945, 135], [1946, 135], [1948, 135], [1949, 134], [1951, 134], [1952, 133], [1953, 132], [1953, 130], [1954, 129], [1954, 127]]]",04/16/2026 15:55,pad
855,Top Layer.png,"[[[2017, 255], [2017, 254], [2016, 252], [2016, 251], [2015, 250], [2014, 249], [2012, 248], [2011, 248], [2009, 248], [2008, 248], [2006, 248], [2005, 249], [2004, 250], [2003, 251], [2002, 252], [2002, 254], [2002, 255], [2002, 257], [2002, 258], [2003, 259], [2004, 261], [2005, 262], [2006, 262], [2008, 263], [2009, 263], [2011, 263], [2012, 262], [2014, 262], [2015, 261], [2016, 259], [2016, 258], [2017, 257], [2017, 255]]]",04/16/2026 15:55,pad
856,Top Layer.png,"[[[399, 2279], [399, 2275], [396, 2278], [57, 1940], [59, 1937], [56, 1937], [56, 475], [59, 475], [57, 473], [97, 434], [99, 436], [99, 433], [448, 433], [448, 436], [450, 434], [491, 474], [515, 450], [518, 452], [518, 449], [865, 449], [865, 452], [868, 450], [894, 476], [892, 479], [894, 481], [866, 509], [866, 626], [894, 653], [928, 653], [975, 653], [975, 656], [977, 654], [987, 664], [984, 666], [988, 666], [988, 841], [984, 841], [987, 844], [972, 859], [970, 856], [970, 860], [893, 860], [884, 868], [884, 890], [884, 967], [881, 967], [883, 970], [876, 977], [876, 1005], [869, 1005], [869, 975], [873, 975], [870, 973], [877, 966], [877, 890], [877, 867], [881, 867], [878, 865], [889, 854], [891, 856], [891, 853], [968, 853], [981, 840], [981, 667], [974, 660], [928, 660], [892, 660], [892, 656], [890, 659], [861, 629], [863, 627], [860, 627], [860, 508], [863, 508], [861, 506], [888, 479], [864, 455], [519, 455], [493, 481], [491, 479], [489, 481], [447, 439], [100, 439], [62, 477], [62, 1936], [400, 2272], [569, 2272], [569, 2275], [571, 2273], [655, 2356], [766, 2356], [766, 2360], [768, 2357], [797, 2386], [792, 2390], [764, 2363], [653, 2363], [653, 2360], [651, 2362], [568, 2279], [399, 2279]]]",04/16/2026 15:55,trace
857,Top Layer.png,"[[[76, 1932], [79, 1930], [75, 1930], [75, 475], [79, 475], [76, 472], [102, 447], [105, 449], [105, 446], [384, 446], [384, 449], [387, 447], [417, 476], [451, 511], [778, 511], [813, 476], [815, 479], [818, 476], [845, 504], [843, 506], [846, 506], [846, 628], [843, 628], [845, 631], [817, 659], [814, 656], [814, 660], [783, 660], [783, 656], [782, 657], [782, 659], [738, 659], [736, 661], [736, 843], [748, 855], [824, 855], [824, 858], [826, 856], [833, 862], [830, 865], [834, 865], [834, 887], [834, 888], [832, 890], [835, 890], [835, 967], [842, 974], [840, 976], [843, 976], [843, 1005], [837, 1005], [837, 977], [830, 970], [832, 968], [829, 968], [829, 892], [828, 891], [830, 889], [827, 889], [827, 866], [823, 861], [747, 861], [747, 858], [745, 860], [731, 846], [733, 844], [730, 844], [730, 659], [733, 659], [731, 657], [734, 653], [737, 655], [737, 652], [782, 652], [782, 655], [783, 655], [783, 653], [813, 653], [839, 627], [839, 507], [815, 483], [782, 517], [779, 514], [779, 518], [450, 518], [450, 514], [448, 517], [412, 481], [383, 452], [106, 452], [82, 476], [82, 1929], [408, 2254], [579, 2254], [579, 2257], [581, 2255], [668, 2342], [822, 2342], [822, 2345], [824, 2343], [867, 2386], [863, 2390], [821, 2349], [667, 2349], [667, 2345], [665, 2348], [577, 2260], [407, 2260], [407, 2257], [405, 2260], [76, 1932]]]",04/16/2026 15:55,trace
858,Top Layer.png,"[[[647, 662], [646, 661], [622, 661], [622, 654], [647, 654], [647, 658], [649, 655], [653, 658], [650, 661], [653, 661], [653, 1111], [653, 1363], [682, 1391], [1138, 1391], [1138, 1395], [1140, 1392], [1170, 1422], [1234, 1422], [1234, 1428], [1168, 1428], [1168, 1425], [1166, 1427], [1137, 1398], [681, 1398], [681, 1395], [679, 1397], [648, 1366], [650, 1364], [647, 1364], [647, 1116], [614, 1116], [614, 1109], [647, 1109], [647, 662]]]",04/16/2026 15:55,trace
859,Top Layer.png,"[[[502, 802], [458, 802], [458, 798], [457, 801], [457, 801], [458, 798], [458, 795], [505, 795], [505, 798], [508, 798], [508, 1333], [585, 1409], [1129, 1409], [1129, 1413], [1131, 1410], [1160, 1439], [1203, 1439], [1203, 1446], [1159, 1446], [1159, 1442], [1156, 1445], [1127, 1416], [584, 1416], [584, 1413], [582, 1415], [503, 1337], [505, 1334], [502, 1334], [502, 802]]]",04/16/2026 15:55,trace
860,Top Layer.png,"[[[665, 1110], [665, 656], [657, 648], [622, 648], [622, 642], [658, 642], [658, 645], [661, 643], [671, 653], [668, 655], [672, 655], [672, 1108], [702, 1108], [702, 1114], [672, 1114], [672, 1355], [689, 1372], [1142, 1372], [1142, 1376], [1145, 1373], [1176, 1405], [1249, 1405], [1249, 1408], [1251, 1406], [1257, 1412], [1255, 1414], [1258, 1414], [1258, 1441], [1252, 1441], [1252, 1415], [1248, 1411], [1175, 1411], [1175, 1408], [1173, 1410], [1141, 1379], [688, 1379], [688, 1376], [686, 1378], [666, 1359], [668, 1356], [665, 1356], [665, 1110]]]",04/16/2026 15:55,trace
861,Top Layer.png,"[[[618, 1048], [618, 1076], [612, 1076], [612, 1048], [618, 1048]]]",04/16/2026 15:55,trace
862,Top Layer.png,"[[[705, 1047], [705, 1076], [698, 1076], [698, 1047], [705, 1047]]]",04/16/2026 15:55,trace
863,Top Layer.png,"[[[805, 1007], [807, 1004], [804, 1004], [804, 967], [807, 967], [809, 964], [810, 964], [807, 967], [811, 967], [811, 1004], [808, 1004], [805, 1007], [805, 1007]]]",04/16/2026 15:55,trace
864,Top Layer.png,"[[[781, 727], [781, 810], [775, 810], [775, 725], [778, 725], [776, 723], [781, 718], [786, 722], [781, 727]]]",04/16/2026 15:55,trace
865,Top Layer.png,"[[[509, 760], [508, 762], [503, 758], [504, 757], [504, 731], [510, 731], [510, 758], [507, 758], [509, 760]]]",04/16/2026 15:55,trace
866,Top Layer.png,"[[[513, 692], [513, 695], [515, 693], [516, 694], [513, 696], [513, 699], [462, 699], [462, 760], [455, 760], [455, 702], [343, 702], [343, 689], [459, 689], [459, 692], [513, 692]]]",04/16/2026 15:55,trace
867,Top Layer.png,"[[[633, 699], [622, 699], [622, 696], [619, 696], [619, 686], [587, 686], [586, 687], [586, 686], [585, 686], [585, 686], [582, 682], [583, 681], [585, 683], [585, 680], [622, 680], [622, 683], [625, 683], [625, 693], [633, 693], [633, 696], [636, 698], [636, 698], [633, 696], [633, 699]]]",04/16/2026 15:55,trace
868,Top Layer.png,"[[[459, 660], [459, 662], [457, 662], [457, 652], [450, 659], [447, 657], [455, 649], [444, 649], [444, 600], [330, 486], [345, 472], [462, 588], [455, 595], [465, 595], [465, 649], [460, 649], [459, 650], [459, 654], [477, 654], [477, 657], [479, 655], [492, 667], [513, 667], [513, 670], [516, 670], [516, 683], [510, 683], [510, 673], [490, 673], [490, 670], [488, 673], [476, 660], [459, 660]]]",04/16/2026 15:55,trace
869,Top Layer.png,"[[[549, 652], [549, 600], [552, 600], [553, 599], [553, 597], [579, 597], [579, 604], [556, 604], [556, 654], [552, 654], [555, 656], [551, 660], [549, 658], [549, 661], [513, 661], [513, 654], [547, 654], [549, 652]]]",04/16/2026 15:55,trace
870,Top Layer.png,"[[[514, 600], [517, 600], [517, 645], [511, 645], [511, 604], [484, 604], [484, 597], [513, 597], [513, 599], [514, 600]]]",04/16/2026 15:55,trace
871,Top Layer.png,"[[[772, 343], [819, 390], [819, 388], [829, 388], [866, 351], [873, 358], [873, 348], [924, 348], [924, 358], [931, 351], [1037, 456], [1065, 456], [1098, 456], [1130, 456], [1157, 456], [1157, 477], [1130, 477], [1098, 477], [1065, 477], [1033, 477], [1033, 467], [1026, 474], [920, 368], [878, 368], [840, 406], [833, 398], [833, 409], [823, 409], [823, 409], [822, 409], [819, 409], [819, 406], [815, 401], [808, 408], [761, 361], [470, 361], [421, 409], [407, 395], [459, 343], [466, 350], [466, 340], [765, 340], [765, 350], [772, 343]]]",04/16/2026 15:55,trace
872,Top Layer.png,"[[[937, 2122], [938, 2123], [936, 2125], [939, 2125], [939, 2388], [932, 2388], [932, 2126], [932, 2126], [932, 2126], [932, 2125], [933, 2125], [937, 2122]]]",04/16/2026 15:55,trace
873,Top Layer.png,"[[[938, 2036], [938, 2086], [931, 2086], [931, 2036], [938, 2036]]]",04/16/2026 15:55,trace
874,Top Layer.png,"[[[938, 1968], [938, 1998], [931, 1998], [931, 1968], [938, 1968]]]",04/16/2026 15:55,trace
875,Top Layer.png,"[[[1095, 1851], [1064, 1851], [1064, 1845], [1095, 1845], [1095, 1844], [1092, 1844], [1092, 1806], [1090, 1804], [1094, 1800], [1098, 1803], [1095, 1805], [1098, 1805], [1098, 1843], [1101, 1845], [1098, 1847], [1102, 1847], [1102, 1854], [1113, 1865], [1178, 1865], [1188, 1855], [1188, 1805], [1187, 1804], [1192, 1800], [1193, 1801], [1191, 1804], [1194, 1804], [1194, 1857], [1191, 1857], [1193, 1859], [1181, 1871], [1179, 1868], [1179, 1872], [1112, 1872], [1112, 1868], [1110, 1871], [1096, 1857], [1098, 1855], [1095, 1855], [1095, 1851]]]",04/16/2026 15:55,trace
876,Top Layer.png,"[[[1092, 1637], [1090, 1634], [1371, 1354], [1371, 1303], [1365, 1297], [1362, 1297], [1362, 1294], [1361, 1294], [1361, 1297], [1338, 1297], [1338, 1294], [1335, 1296], [1335, 1296], [1338, 1293], [1338, 1291], [1361, 1291], [1361, 1294], [1362, 1294], [1362, 1291], [1367, 1291], [1367, 1294], [1369, 1292], [1377, 1300], [1375, 1302], [1378, 1302], [1378, 1356], [1375, 1356], [1377, 1358], [1096, 1638], [1096, 1753], [1089, 1753], [1089, 1637], [1092, 1637]]]",04/16/2026 15:55,trace
877,Top Layer.png,"[[[1337, 1335], [842, 1335], [842, 1332], [840, 1334], [805, 1300], [808, 1297], [804, 1297], [804, 1143], [811, 1143], [811, 1296], [844, 1329], [1337, 1329], [1337, 1335]]]",04/16/2026 15:55,trace
878,Top Layer.png,"[[[902, 1143], [908, 1143], [908, 1295], [929, 1316], [1337, 1316], [1337, 1322], [928, 1322], [928, 1319], [925, 1321], [903, 1299], [905, 1297], [902, 1297], [902, 1143]]]",04/16/2026 15:55,trace
879,Top Layer.png,"[[[873, 1195], [870, 1192], [873, 1190], [869, 1190], [869, 1143], [876, 1143], [876, 1189], [879, 1191], [876, 1194], [879, 1194], [879, 1223], [876, 1223], [879, 1225], [878, 1225], [876, 1223], [873, 1223], [873, 1195]]]",04/16/2026 15:55,trace
880,Top Layer.png,"[[[835, 1192], [836, 1191], [836, 1191], [836, 1144], [839, 1144], [837, 1142], [838, 1141], [841, 1144], [842, 1144], [842, 1145], [842, 1145], [842, 1145], [842, 1193], [839, 1193], [841, 1195], [841, 1196], [841, 1224], [834, 1224], [834, 1194], [837, 1194], [836, 1193], [836, 1193], [836, 1193], [835, 1192]]]",04/16/2026 15:55,trace
881,Top Layer.png,"[[[860, 912], [860, 944], [853, 944], [853, 912], [860, 912]]]",04/16/2026 15:55,trace
882,Top Layer.png,"[[[860, 848], [860, 885], [853, 885], [853, 848], [860, 848]]]",04/16/2026 15:55,trace
883,Top Layer.png,"[[[856, 813], [816, 813], [816, 806], [856, 806], [856, 809], [856, 809], [857, 809], [857, 806], [896, 806], [896, 813], [857, 813], [857, 810], [856, 810], [856, 810], [856, 813]]]",04/16/2026 15:55,trace
884,Top Layer.png,"[[[938, 725], [938, 808], [931, 808], [931, 726], [926, 721], [931, 717], [937, 723], [935, 725], [938, 725]]]",04/16/2026 15:55,trace
885,Top Layer.png,"[[[1057, 340], [1057, 297], [1073, 297], [1073, 340], [1073, 348], [1066, 348], [1060, 354], [1060, 353], [1065, 348], [1057, 348], [1057, 340]]]",04/16/2026 15:55,trace
886,Top Layer.png,"[[[1103, 234], [1103, 227], [1119, 227], [1124, 222], [1129, 227], [1129, 220], [1159, 220], [1159, 226], [1164, 231], [1164, 231], [1159, 227], [1159, 233], [1132, 233], [1127, 238], [1122, 234], [1122, 240], [1105, 240], [1105, 240], [1105, 330], [1163, 330], [1163, 343], [1103, 343], [1103, 344], [1102, 345], [1100, 343], [1096, 343], [1096, 339], [1096, 339], [1092, 339], [1092, 237], [1099, 237], [1094, 233], [1098, 229], [1103, 234]]]",04/16/2026 15:55,trace
887,Top Layer.png,"[[[1100, 193], [1103, 195], [1103, 192], [1157, 192], [1159, 190], [1161, 192], [1161, 189], [1207, 189], [1211, 185], [1211, 87], [1215, 87], [1212, 85], [1216, 81], [1218, 84], [1218, 80], [1247, 80], [1247, 87], [1220, 87], [1218, 89], [1218, 186], [1215, 186], [1217, 188], [1211, 194], [1209, 192], [1209, 195], [1163, 195], [1162, 196], [1162, 196], [1160, 198], [1158, 195], [1158, 199], [1104, 199], [1103, 200], [1099, 195], [1100, 193]]]",04/16/2026 15:55,trace
888,Top Layer.png,"[[[1160, 158], [1160, 165], [1104, 165], [1104, 161], [1102, 164], [1099, 160], [1103, 155], [1106, 158], [1160, 158]]]",04/16/2026 15:55,trace
889,Top Layer.png,"[[[1070, 118], [1070, 117], [1072, 120], [1072, 116], [1099, 116], [1099, 120], [1102, 117], [1105, 121], [1119, 121], [1119, 124], [1121, 122], [1125, 126], [1160, 126], [1160, 132], [1124, 132], [1124, 129], [1121, 131], [1117, 127], [1104, 127], [1104, 124], [1101, 126], [1098, 123], [1072, 123], [1072, 120], [1070, 118]]]",04/16/2026 15:55,trace
890,Top Layer.png,"[[[1150, 2245], [1502, 2245], [1502, 2248], [1504, 2246], [1539, 2280], [1536, 2282], [1540, 2282], [1540, 2316], [1533, 2316], [1533, 2284], [1501, 2251], [1149, 2251], [1149, 2248], [1147, 2250], [1120, 2224], [1123, 2222], [1119, 2222], [1119, 1911], [1126, 1911], [1126, 2221], [1150, 2245]]]",04/16/2026 15:55,trace
891,Top Layer.png,"[[[1535, 2218], [1535, 2222], [1537, 2219], [1573, 2256], [1571, 2258], [1574, 2258], [1574, 2316], [1645, 2386], [1640, 2390], [1569, 2319], [1571, 2317], [1568, 2317], [1568, 2259], [1533, 2225], [1260, 2225], [1260, 2222], [1257, 2224], [1215, 2181], [1217, 2179], [1214, 2179], [1214, 1911], [1220, 1911], [1220, 2178], [1261, 2218], [1535, 2218]]]",04/16/2026 15:55,trace
892,Top Layer.png,"[[[1128, 1834], [1130, 1831], [1127, 1831], [1127, 1802], [1130, 1802], [1130, 1802], [1127, 1802], [1127, 1753], [1131, 1753], [1128, 1751], [1128, 1751], [1131, 1753], [1133, 1751], [1134, 1752], [1133, 1753], [1134, 1753], [1134, 1802], [1131, 1802], [1131, 1802], [1134, 1802], [1134, 1830], [1136, 1832], [1143, 1832], [1143, 1835], [1145, 1833], [1149, 1837], [1147, 1840], [1150, 1840], [1150, 1847], [1144, 1847], [1144, 1841], [1141, 1838], [1134, 1838], [1134, 1835], [1132, 1837], [1128, 1834]]]",04/16/2026 15:55,trace
893,Top Layer.png,"[[[1225, 1834], [1228, 1831], [1224, 1831], [1224, 1754], [1227, 1754], [1230, 1751], [1230, 1751], [1228, 1754], [1231, 1754], [1231, 1830], [1233, 1832], [1237, 1832], [1237, 1835], [1239, 1833], [1243, 1837], [1241, 1840], [1244, 1840], [1244, 1847], [1238, 1847], [1238, 1841], [1235, 1838], [1231, 1838], [1231, 1835], [1229, 1837], [1225, 1834]]]",04/16/2026 15:55,trace
894,Top Layer.png,"[[[1189, 1559], [1187, 1557], [1384, 1360], [1384, 1295], [1373, 1284], [1338, 1284], [1338, 1281], [1335, 1283], [1335, 1283], [1338, 1280], [1338, 1278], [1375, 1278], [1375, 1281], [1377, 1279], [1390, 1292], [1388, 1294], [1391, 1294], [1391, 1361], [1388, 1361], [1390, 1364], [1192, 1561], [1192, 1753], [1186, 1753], [1186, 1559], [1189, 1559]]]",04/16/2026 15:55,trace
895,Top Layer.png,"[[[1203, 1391], [1203, 1388], [1201, 1390], [1201, 1390], [1203, 1388], [1203, 1385], [1240, 1385], [1240, 1388], [1241, 1388], [1241, 1388], [1241, 1385], [1286, 1385], [1286, 1387], [1287, 1388], [1287, 1384], [1305, 1384], [1309, 1381], [1309, 1361], [1312, 1361], [1310, 1359], [1314, 1355], [1316, 1357], [1316, 1354], [1337, 1354], [1337, 1361], [1317, 1361], [1315, 1362], [1315, 1382], [1312, 1382], [1314, 1385], [1309, 1390], [1307, 1388], [1307, 1391], [1287, 1391], [1287, 1388], [1286, 1388], [1286, 1391], [1241, 1391], [1241, 1389], [1241, 1388], [1240, 1389], [1240, 1391], [1203, 1391]]]",04/16/2026 15:55,trace
896,Top Layer.png,"[[[1202, 1354], [1202, 1351], [1200, 1348], [1200, 1348], [1202, 1350], [1202, 1347], [1240, 1347], [1240, 1349], [1241, 1350], [1241, 1347], [1285, 1347], [1289, 1342], [1292, 1345], [1292, 1341], [1337, 1341], [1337, 1348], [1293, 1348], [1289, 1352], [1286, 1350], [1286, 1353], [1241, 1353], [1241, 1351], [1240, 1350], [1240, 1354], [1202, 1354]]]",04/16/2026 15:55,trace
897,Top Layer.png,"[[[1227, 1299], [1200, 1299], [1200, 1293], [1227, 1293], [1227, 1295], [1230, 1298], [1230, 1298], [1227, 1296], [1227, 1299]]]",04/16/2026 15:55,trace
898,Top Layer.png,"[[[1179, 1014], [1177, 1011], [1222, 966], [1222, 928], [1222, 928], [1222, 928], [1222, 927], [1223, 927], [1227, 923], [1228, 925], [1226, 927], [1229, 927], [1229, 967], [1226, 967], [1228, 969], [1182, 1015], [1182, 1233], [1195, 1246], [1304, 1246], [1309, 1240], [1311, 1243], [1311, 1239], [1337, 1239], [1337, 1246], [1313, 1246], [1307, 1251], [1305, 1249], [1305, 1252], [1193, 1252], [1193, 1249], [1191, 1251], [1177, 1237], [1179, 1235], [1176, 1235], [1176, 1014], [1179, 1014]]]",04/16/2026 15:55,trace
899,Top Layer.png,"[[[1239, 1207], [1237, 1209], [1237, 1209], [1239, 1207], [1239, 1207], [1237, 1209], [1240, 1209], [1240, 1232], [1237, 1232], [1239, 1234], [1239, 1234], [1237, 1232], [1234, 1232], [1234, 1209], [1235, 1209], [1231, 1205], [1234, 1202], [1239, 1207]]]",04/16/2026 15:55,trace
900,Top Layer.png,"[[[1220, 1181], [1220, 1178], [1276, 1178], [1276, 1181], [1278, 1178], [1301, 1201], [1337, 1201], [1337, 1208], [1299, 1208], [1299, 1204], [1297, 1207], [1274, 1184], [1222, 1184], [1220, 1186], [1220, 1200], [1217, 1200], [1219, 1202], [1215, 1207], [1210, 1202], [1213, 1199], [1213, 1185], [1217, 1185], [1214, 1182], [1218, 1178], [1220, 1181]]]",04/16/2026 15:55,trace
901,Top Layer.png,"[[[1244, 1114], [1276, 1114], [1276, 1117], [1278, 1115], [1282, 1119], [1280, 1121], [1283, 1121], [1283, 1147], [1312, 1176], [1337, 1176], [1337, 1182], [1310, 1182], [1310, 1179], [1308, 1181], [1277, 1151], [1280, 1148], [1276, 1148], [1276, 1122], [1275, 1121], [1245, 1121], [1243, 1122], [1243, 1140], [1240, 1140], [1242, 1142], [1239, 1145], [1234, 1141], [1237, 1139], [1237, 1121], [1240, 1121], [1238, 1119], [1241, 1115], [1244, 1117], [1244, 1114]]]",04/16/2026 15:55,trace
902,Top Layer.png,"[[[1216, 1104], [1216, 1143], [1209, 1143], [1209, 1104], [1216, 1104]]]",04/16/2026 15:55,trace
903,Top Layer.png,"[[[1157, 752], [1157, 591], [1163, 591], [1163, 752], [1163, 861], [1160, 861], [1162, 863], [1141, 884], [1141, 903], [1162, 923], [1157, 928], [1136, 906], [1138, 904], [1135, 904], [1135, 883], [1138, 883], [1136, 881], [1157, 859], [1157, 752]]]",04/16/2026 15:55,trace
904,Top Layer.png,"[[[1195, 817], [1194, 817], [1194, 810], [1229, 810], [1229, 817], [1203, 817], [1208, 822], [1203, 827], [1196, 820], [1199, 817], [1195, 817], [1195, 817]]]",04/16/2026 15:55,trace
905,Top Layer.png,"[[[1388, 2151], [1388, 2172], [1416, 2200], [1568, 2200], [1568, 2203], [1570, 2201], [1637, 2267], [1635, 2270], [1638, 2270], [1638, 2330], [1657, 2349], [1748, 2349], [1748, 2352], [1750, 2350], [1786, 2386], [1781, 2390], [1746, 2356], [1656, 2356], [1656, 2352], [1653, 2355], [1632, 2334], [1635, 2332], [1631, 2332], [1631, 2271], [1566, 2206], [1414, 2206], [1414, 2203], [1412, 2205], [1383, 2176], [1385, 2174], [1382, 2174], [1382, 2151], [1388, 2151]]]",04/16/2026 15:55,trace
906,Top Layer.png,"[[[1360, 1907], [1449, 1907], [1449, 1907], [1449, 1867], [1456, 1867], [1456, 1909], [1452, 1909], [1455, 1911], [1455, 1911], [1452, 1909], [1455, 1911], [1453, 1913], [1450, 1911], [1450, 1914], [1361, 1914], [1357, 1918], [1357, 1961], [1350, 1961], [1350, 1917], [1353, 1917], [1351, 1915], [1357, 1908], [1360, 1911], [1360, 1907]]]",04/16/2026 15:55,trace
907,Top Layer.png,"[[[1369, 1776], [1367, 1774], [1368, 1773], [1371, 1776], [1373, 1776], [1373, 1806], [1366, 1806], [1366, 1776], [1369, 1776]]]",04/16/2026 15:55,trace
908,Top Layer.png,"[[[1373, 1484], [1375, 1484], [1378, 1482], [1378, 1482], [1376, 1484], [1379, 1484], [1379, 1514], [1377, 1514], [1374, 1517], [1374, 1516], [1376, 1514], [1373, 1514], [1373, 1484]]]",04/16/2026 15:55,trace
909,Top Layer.png,"[[[1288, 1295], [1290, 1293], [1300, 1303], [1337, 1303], [1337, 1310], [1299, 1310], [1299, 1306], [1297, 1309], [1287, 1299], [1266, 1299], [1266, 1292], [1288, 1292], [1288, 1295]]]",04/16/2026 15:55,trace
910,Top Layer.png,"[[[1337, 1220], [1261, 1220], [1261, 1214], [1337, 1214], [1337, 1220]]]",04/16/2026 15:55,trace
911,Top Layer.png,"[[[1268, 1202], [1263, 1207], [1259, 1202], [1262, 1198], [1262, 1191], [1269, 1191], [1269, 1200], [1266, 1200], [1268, 1202]]]",04/16/2026 15:55,trace
912,Top Layer.png,"[[[1258, 1143], [1264, 1143], [1264, 1149], [1303, 1188], [1337, 1188], [1337, 1195], [1302, 1195], [1302, 1192], [1300, 1194], [1259, 1153], [1261, 1151], [1258, 1151], [1258, 1143]]]",04/16/2026 15:55,trace
913,Top Layer.png,"[[[1281, 1069], [1286, 1069], [1287, 1068], [1468, 1248], [1465, 1250], [1469, 1250], [1469, 1410], [1465, 1410], [1468, 1412], [1468, 1412], [1465, 1410], [1462, 1410], [1462, 1252], [1282, 1072], [1284, 1070], [1281, 1070], [1281, 1069]]]",04/16/2026 15:55,trace
914,Top Layer.png,"[[[1341, 1151], [1341, 1166], [1334, 1166], [1334, 1153], [1253, 1072], [1256, 1070], [1252, 1070], [1252, 927], [1256, 927], [1253, 925], [1255, 923], [1258, 927], [1259, 927], [1259, 928], [1259, 928], [1259, 928], [1259, 1069], [1340, 1149], [1337, 1151], [1341, 1151]]]",04/16/2026 15:55,trace
915,Top Layer.png,"[[[1345, 1061], [1345, 1014], [1348, 1014], [1348, 1014], [1345, 1014], [1345, 979], [1348, 979], [1346, 977], [1346, 977], [1349, 979], [1352, 979], [1352, 1014], [1348, 1014], [1349, 1014], [1352, 1014], [1352, 1061], [1352, 1082], [1353, 1084], [1379, 1084], [1379, 1087], [1381, 1085], [1390, 1093], [1388, 1096], [1391, 1096], [1391, 1115], [1389, 1115], [1386, 1117], [1386, 1117], [1388, 1115], [1385, 1115], [1385, 1097], [1378, 1090], [1352, 1090], [1352, 1087], [1350, 1089], [1346, 1085], [1348, 1083], [1345, 1083], [1345, 1061]]]",04/16/2026 15:55,trace
916,Top Layer.png,"[[[1384, 978], [1387, 978], [1385, 976], [1385, 976], [1387, 978], [1390, 978], [1390, 1014], [1387, 1014], [1387, 1014], [1390, 1014], [1390, 1061], [1390, 1078], [1404, 1092], [1401, 1094], [1405, 1094], [1405, 1115], [1398, 1115], [1398, 1095], [1384, 1082], [1387, 1079], [1383, 1079], [1383, 1061], [1383, 1014], [1387, 1014], [1387, 1014], [1384, 1014], [1384, 978]]]",04/16/2026 15:55,trace
917,Top Layer.png,"[[[1369, 926], [1372, 923], [1416, 968], [1414, 970], [1417, 970], [1417, 1115], [1411, 1115], [1411, 971], [1368, 929], [1289, 929], [1289, 922], [1369, 922], [1369, 926]]]",04/16/2026 15:55,trace
918,Top Layer.png,"[[[1261, 614], [1261, 751], [1261, 751], [1290, 751], [1290, 758], [1260, 758], [1260, 755], [1258, 757], [1255, 754], [1257, 752], [1254, 752], [1254, 614], [1261, 614]]]",04/16/2026 15:55,trace
919,Top Layer.png,"[[[1356, 410], [1283, 410], [1283, 404], [1281, 406], [1281, 406], [1283, 403], [1283, 397], [1356, 397], [1356, 410]]]",04/16/2026 15:55,trace
920,Top Layer.png,"[[[1360, 366], [1357, 369], [1352, 364], [1352, 371], [1347, 371], [1347, 358], [1349, 358], [1349, 356], [1356, 356], [1351, 352], [1517, 187], [1517, 170], [1523, 170], [1520, 168], [1519, 168], [1519, 167], [1518, 166], [1519, 165], [1519, 130], [1526, 130], [1521, 125], [1528, 118], [1533, 122], [1533, 116], [1639, 116], [1639, 122], [1643, 118], [1651, 125], [1646, 130], [1653, 130], [1653, 169], [1648, 169], [1647, 170], [1654, 170], [1654, 194], [1674, 215], [1700, 215], [1700, 221], [1705, 216], [1706, 217], [1701, 222], [1707, 222], [1707, 222], [1701, 222], [1700, 222], [1700, 227], [1671, 227], [1671, 221], [1667, 225], [1643, 202], [1647, 197], [1641, 197], [1641, 170], [1646, 170], [1646, 169], [1640, 169], [1640, 133], [1636, 129], [1536, 129], [1532, 133], [1532, 168], [1526, 168], [1528, 170], [1529, 170], [1529, 172], [1530, 172], [1529, 173], [1529, 189], [1523, 189], [1527, 194], [1362, 359], [1362, 361], [1356, 361], [1360, 366]]]",04/16/2026 15:55,trace
921,Top Layer.png,"[[[1366, 295], [1403, 258], [1403, 147], [1409, 147], [1405, 143], [1452, 95], [1457, 100], [1457, 93], [1662, 93], [1662, 100], [1667, 95], [1675, 104], [1757, 104], [1858, 104], [2148, 104], [2148, 110], [2153, 106], [2181, 134], [2177, 138], [2183, 138], [2183, 189], [2222, 189], [2222, 201], [2177, 201], [2177, 196], [2177, 196], [2170, 196], [2170, 141], [2146, 116], [1864, 116], [1864, 196], [1903, 196], [1903, 208], [1858, 208], [1858, 203], [1858, 202], [1851, 202], [1851, 116], [1763, 116], [1763, 492], [2009, 736], [2004, 741], [2011, 741], [2011, 859], [2012, 858], [2012, 859], [2011, 860], [2011, 865], [2006, 865], [2005, 866], [2015, 866], [2015, 1131], [2015, 1272], [1995, 1272], [1995, 1131], [1995, 866], [2004, 866], [2004, 865], [1998, 865], [1998, 743], [1752, 499], [1757, 494], [1751, 494], [1751, 116], [1672, 116], [1672, 110], [1668, 115], [1659, 106], [1459, 106], [1415, 150], [1415, 261], [1409, 261], [1414, 266], [1373, 306], [1369, 301], [1369, 308], [1283, 308], [1283, 295], [1366, 295]]]",04/16/2026 15:55,trace
922,Top Layer.png,"[[[1352, 233], [1345, 233], [1345, 207], [1347, 207], [1350, 204], [1351, 204], [1349, 207], [1352, 207], [1352, 233]]]",04/16/2026 15:55,trace
923,Top Layer.png,"[[[1285, 159], [1286, 160], [1343, 160], [1343, 163], [1345, 161], [1350, 165], [1346, 170], [1342, 166], [1284, 166], [1284, 163], [1282, 165], [1280, 164], [1285, 159]]]",04/16/2026 15:55,trace
924,Top Layer.png,"[[[1286, 126], [1286, 126], [1343, 126], [1346, 123], [1350, 128], [1347, 131], [1344, 129], [1344, 132], [1283, 132], [1283, 129], [1280, 127], [1283, 124], [1283, 84], [1289, 84], [1289, 126], [1286, 126]]]",04/16/2026 15:55,trace
925,Top Layer.png,"[[[1352, 62], [1352, 86], [1349, 86], [1352, 88], [1350, 89], [1347, 86], [1346, 86], [1346, 85], [1346, 85], [1346, 84], [1346, 62], [1352, 62]]]",04/16/2026 15:55,trace
926,Top Layer.png,"[[[1441, 2189], [1425, 2173], [1427, 2171], [1424, 2171], [1424, 2151], [1431, 2151], [1431, 2170], [1444, 2183], [1577, 2183], [1577, 2187], [1580, 2184], [1622, 2226], [1622, 2226], [1622, 2227], [1623, 2227], [1622, 2227], [1622, 2229], [1625, 2227], [1652, 2254], [1650, 2257], [1653, 2257], [1653, 2323], [1669, 2339], [1809, 2339], [1809, 2343], [1811, 2340], [1857, 2386], [1852, 2390], [1807, 2346], [1668, 2346], [1668, 2343], [1666, 2345], [1647, 2327], [1650, 2325], [1646, 2325], [1646, 2258], [1621, 2233], [1620, 2233], [1620, 2232], [1620, 2232], [1620, 2231], [1620, 2229], [1618, 2232], [1576, 2190], [1443, 2190], [1443, 2187], [1441, 2189]]]",04/16/2026 15:55,trace
927,Top Layer.png,"[[[1428, 1964], [1428, 1964], [1428, 1962], [1429, 1962], [1432, 1959], [1433, 1960], [1431, 1962], [1434, 1962], [1434, 1990], [1431, 1990], [1433, 1992], [1431, 1995], [1431, 2112], [1427, 2112], [1427, 2116], [1385, 2116], [1385, 2109], [1424, 2109], [1424, 1994], [1427, 1994], [1425, 1991], [1428, 1988], [1428, 1964], [1428, 1964]]]",04/16/2026 15:55,trace
928,Top Layer.png,"[[[1502, 1964], [1478, 1964], [1478, 1957], [1502, 1957], [1502, 1964]]]",04/16/2026 15:55,trace
929,Top Layer.png,"[[[1466, 1778], [1465, 1778], [1465, 1778], [1465, 1781], [1413, 1781], [1413, 1779], [1410, 1776], [1411, 1775], [1413, 1778], [1413, 1775], [1465, 1775], [1465, 1777], [1466, 1777], [1466, 1777], [1466, 1774], [1498, 1774], [1498, 1777], [1500, 1775], [1505, 1780], [1503, 1782], [1506, 1782], [1506, 1827], [1503, 1827], [1505, 1829], [1494, 1840], [1494, 1867], [1487, 1867], [1487, 1839], [1491, 1839], [1488, 1837], [1499, 1826], [1499, 1783], [1497, 1781], [1466, 1781], [1466, 1778]]]",04/16/2026 15:55,trace
930,Top Layer.png,"[[[1472, 1836], [1459, 1836], [1459, 1810], [1466, 1810], [1468, 1807], [1468, 1807], [1466, 1810], [1472, 1810], [1472, 1836]]]",04/16/2026 15:55,trace
931,Top Layer.png,"[[[1466, 1748], [1424, 1748], [1424, 1742], [1466, 1742], [1466, 1748]]]",04/16/2026 15:55,trace
932,Top Layer.png,"[[[1412, 1737], [1412, 1740], [1415, 1738], [1420, 1743], [1415, 1747], [1411, 1743], [1370, 1743], [1370, 1737], [1412, 1737]]]",04/16/2026 15:55,trace
933,Top Layer.png,"[[[1449, 1623], [1449, 1659], [1447, 1659], [1444, 1662], [1443, 1661], [1446, 1659], [1442, 1659], [1442, 1624], [1442, 1623], [1446, 1619], [1448, 1621], [1446, 1623], [1449, 1623]]]",04/16/2026 15:55,trace
934,Top Layer.png,"[[[1449, 1483], [1449, 1408], [1456, 1408], [1456, 1483], [1452, 1483], [1454, 1485], [1454, 1484], [1475, 1505], [1473, 1507], [1476, 1507], [1476, 1587], [1477, 1588], [1472, 1593], [1471, 1591], [1473, 1589], [1470, 1589], [1470, 1509], [1450, 1489], [1453, 1485], [1451, 1483], [1449, 1483]]]",04/16/2026 15:55,trace
935,Top Layer.png,"[[[1411, 1484], [1411, 1460], [1414, 1460], [1412, 1457], [1436, 1433], [1436, 1408], [1443, 1408], [1443, 1434], [1440, 1434], [1442, 1436], [1417, 1461], [1417, 1484], [1417, 1486], [1414, 1486], [1416, 1489], [1406, 1499], [1406, 1578], [1406, 1579], [1402, 1584], [1400, 1582], [1402, 1580], [1399, 1580], [1399, 1498], [1402, 1498], [1400, 1496], [1411, 1485], [1411, 1484]]]",04/16/2026 15:55,trace
936,Top Layer.png,"[[[1431, 1511], [1433, 1513], [1436, 1513], [1436, 1548], [1437, 1548], [1433, 1553], [1431, 1551], [1433, 1549], [1430, 1549], [1430, 1513], [1433, 1513], [1431, 1511], [1431, 1511]]]",04/16/2026 15:55,trace
937,Top Layer.png,"[[[1488, 1486], [1488, 1486], [1488, 1485], [1489, 1485], [1493, 1482], [1494, 1483], [1492, 1485], [1495, 1485], [1495, 1513], [1495, 1513], [1495, 1514], [1495, 1514], [1494, 1514], [1491, 1518], [1489, 1517], [1492, 1514], [1488, 1514], [1488, 1487], [1488, 1486]]]",04/16/2026 15:55,trace
938,Top Layer.png,"[[[1392, 1388], [1392, 1408], [1385, 1408], [1385, 1386], [1388, 1386], [1386, 1384], [1401, 1370], [1406, 1374], [1392, 1388]]]",04/16/2026 15:55,trace
939,Top Layer.png,"[[[1490, 1339], [1480, 1339], [1480, 1332], [1491, 1332], [1491, 1335], [1493, 1333], [1497, 1337], [1495, 1339], [1498, 1339], [1498, 1374], [1495, 1374], [1497, 1376], [1494, 1379], [1494, 1408], [1488, 1408], [1488, 1378], [1491, 1378], [1489, 1375], [1492, 1372], [1492, 1341], [1490, 1339]]]",04/16/2026 15:55,trace
940,Top Layer.png,"[[[1484, 1361], [1484, 1364], [1481, 1364], [1483, 1366], [1481, 1368], [1481, 1408], [1475, 1408], [1475, 1366], [1478, 1366], [1476, 1364], [1477, 1363], [1477, 1361], [1484, 1361]]]",04/16/2026 15:55,trace
941,Top Layer.png,"[[[1501, 1309], [1504, 1307], [1510, 1313], [1507, 1315], [1511, 1315], [1511, 1380], [1507, 1380], [1510, 1382], [1507, 1384], [1507, 1408], [1500, 1408], [1500, 1383], [1504, 1383], [1501, 1381], [1504, 1378], [1504, 1316], [1500, 1312], [1481, 1312], [1481, 1306], [1501, 1306], [1501, 1309]]]",04/16/2026 15:55,trace
942,Top Layer.png,"[[[1482, 821], [1484, 819], [1486, 821], [1484, 823], [1487, 823], [1487, 880], [1481, 880], [1481, 825], [1481, 825], [1479, 825], [1479, 818], [1482, 818], [1482, 821]]]",04/16/2026 15:55,trace
943,Top Layer.png,"[[[1440, 534], [1437, 531], [1602, 367], [1602, 229], [1601, 229], [1601, 158], [1603, 158], [1604, 157], [1600, 157], [1600, 149], [1598, 147], [1584, 147], [1582, 149], [1582, 157], [1579, 157], [1582, 160], [1581, 160], [1578, 157], [1576, 157], [1576, 147], [1579, 147], [1577, 145], [1581, 141], [1583, 143], [1583, 140], [1600, 140], [1600, 143], [1602, 141], [1606, 145], [1604, 147], [1607, 147], [1607, 157], [1605, 157], [1604, 158], [1607, 158], [1607, 229], [1609, 229], [1609, 368], [1606, 368], [1608, 371], [1443, 535], [1443, 1115], [1436, 1115], [1436, 534], [1440, 534]]]",04/16/2026 15:55,trace
944,Top Layer.png,"[[[1430, 530], [1430, 1115], [1424, 1115], [1424, 528], [1427, 528], [1425, 526], [1554, 397], [1554, 229], [1557, 229], [1555, 227], [1558, 224], [1558, 204], [1561, 204], [1559, 201], [1566, 195], [1564, 193], [1567, 191], [1563, 191], [1563, 169], [1570, 169], [1570, 189], [1572, 191], [1586, 191], [1588, 189], [1588, 170], [1591, 170], [1589, 167], [1590, 167], [1593, 170], [1595, 170], [1595, 191], [1591, 191], [1594, 193], [1590, 197], [1588, 195], [1588, 198], [1572, 198], [1565, 205], [1565, 225], [1561, 225], [1564, 227], [1560, 231], [1560, 399], [1557, 399], [1559, 401], [1430, 530]]]",04/16/2026 15:55,trace
945,Top Layer.png,"[[[1485, 734], [1485, 783], [1479, 783], [1479, 734], [1485, 734]]]",04/16/2026 15:55,trace
946,Top Layer.png,"[[[1485, 666], [1485, 695], [1479, 695], [1479, 666], [1485, 666]]]",04/16/2026 15:55,trace
947,Top Layer.png,"[[[1508, 139], [1508, 169], [1504, 169], [1500, 173], [1500, 172], [1503, 169], [1498, 169], [1498, 139], [1502, 139], [1506, 135], [1507, 135], [1503, 139], [1508, 139]]]",04/16/2026 15:55,trace
948,Top Layer.png,"[[[1582, 1866], [1582, 1908], [1578, 1908], [1579, 1909], [1582, 1909], [1582, 1961], [1575, 1961], [1575, 1909], [1579, 1909], [1578, 1908], [1575, 1908], [1575, 1866], [1582, 1866]]]",04/16/2026 15:55,trace
949,Top Layer.png,"[[[1517, 1914], [1493, 1914], [1493, 1907], [1517, 1907], [1517, 1914]]]",04/16/2026 15:55,trace
950,Top Layer.png,"[[[1604, 1806], [1661, 1806], [1661, 1808], [1664, 1811], [1663, 1811], [1661, 1809], [1661, 1812], [1607, 1812], [1607, 1831], [1617, 1841], [1615, 1844], [1618, 1844], [1618, 1863], [1619, 1864], [1615, 1868], [1613, 1867], [1615, 1864], [1612, 1864], [1612, 1845], [1602, 1835], [1604, 1832], [1601, 1832], [1601, 1810], [1604, 1810], [1602, 1807], [1602, 1807], [1604, 1809], [1604, 1806]]]",04/16/2026 15:55,trace
951,Top Layer.png,"[[[1607, 1775], [1607, 1771], [1657, 1771], [1657, 1773], [1661, 1770], [1662, 1770], [1662, 1770], [1662, 1768], [1708, 1768], [1708, 1774], [1662, 1774], [1662, 1772], [1658, 1775], [1657, 1775], [1657, 1778], [1607, 1778], [1607, 1776], [1605, 1778], [1603, 1776], [1606, 1774], [1607, 1775]]]",04/16/2026 15:55,trace
952,Top Layer.png,"[[[1750, 1526], [1750, 1323], [1741, 1315], [1680, 1315], [1673, 1321], [1671, 1319], [1671, 1322], [1632, 1322], [1632, 1316], [1669, 1316], [1676, 1309], [1678, 1312], [1678, 1308], [1743, 1308], [1743, 1312], [1745, 1309], [1755, 1320], [1753, 1322], [1756, 1322], [1756, 1527], [1753, 1527], [1755, 1529], [1569, 1715], [1567, 1713], [1567, 1716], [1466, 1716], [1466, 1709], [1566, 1709], [1750, 1526]]]",04/16/2026 15:55,trace
953,Top Layer.png,"[[[1529, 1526], [1529, 1526], [1525, 1526], [1525, 1484], [1529, 1484], [1528, 1483], [1526, 1483], [1526, 1409], [1533, 1409], [1533, 1483], [1529, 1483], [1530, 1484], [1532, 1484], [1532, 1526], [1530, 1526], [1529, 1526], [1533, 1526], [1533, 1558], [1530, 1558], [1530, 1558], [1533, 1558], [1533, 1578], [1526, 1578], [1526, 1558], [1529, 1558], [1529, 1558], [1526, 1558], [1526, 1526], [1529, 1526]]]",04/16/2026 15:55,trace
954,Top Layer.png,"[[[1566, 1527], [1567, 1526], [1564, 1526], [1564, 1484], [1564, 1469], [1540, 1445], [1542, 1443], [1539, 1443], [1539, 1408], [1545, 1408], [1545, 1441], [1569, 1465], [1567, 1468], [1570, 1468], [1570, 1484], [1570, 1526], [1568, 1526], [1568, 1527], [1568, 1527], [1571, 1527], [1571, 1558], [1568, 1558], [1568, 1558], [1571, 1558], [1571, 1578], [1565, 1578], [1565, 1558], [1567, 1558], [1568, 1558], [1564, 1558], [1564, 1527], [1566, 1527]]]",04/16/2026 15:55,trace
955,Top Layer.png,"[[[1568, 1409], [1571, 1409], [1571, 1427], [1616, 1472], [1612, 1476], [1566, 1431], [1568, 1429], [1565, 1429], [1565, 1409], [1567, 1409], [1570, 1406], [1570, 1406], [1568, 1409]]]",04/16/2026 15:55,trace
956,Top Layer.png,"[[[1577, 1462], [1552, 1437], [1555, 1435], [1551, 1435], [1551, 1408], [1558, 1408], [1558, 1434], [1582, 1458], [1577, 1462]]]",04/16/2026 15:55,trace
957,Top Layer.png,"[[[1540, 1117], [1540, 1117], [1544, 1113], [1544, 1113], [1540, 1117]]]",04/16/2026 15:55,trace
958,Top Layer.png,"[[[1589, 867], [1586, 867], [1588, 870], [1571, 887], [1571, 1115], [1564, 1115], [1564, 885], [1568, 885], [1565, 883], [1583, 866], [1583, 822], [1589, 822], [1589, 867]]]",04/16/2026 15:55,trace
959,Top Layer.png,"[[[1537, 822], [1537, 855], [1531, 855], [1531, 822], [1537, 822]]]",04/16/2026 15:55,trace
960,Top Layer.png,"[[[1586, 735], [1584, 732], [1584, 732], [1587, 735], [1589, 735], [1589, 784], [1583, 784], [1583, 735], [1586, 735]]]",04/16/2026 15:55,trace
961,Top Layer.png,"[[[1537, 734], [1537, 784], [1531, 784], [1531, 734], [1537, 734]]]",04/16/2026 15:55,trace
962,Top Layer.png,"[[[1531, 666], [1537, 666], [1537, 696], [1531, 696], [1531, 666]]]",04/16/2026 15:55,trace
963,Top Layer.png,"[[[1590, 666], [1590, 696], [1583, 696], [1583, 666], [1590, 666]]]",04/16/2026 15:55,trace
964,Top Layer.png,"[[[1511, 288], [1511, 289], [1511, 289], [1511, 290], [1511, 315], [1504, 315], [1504, 288], [1507, 288], [1505, 286], [1506, 285], [1510, 288], [1511, 288]]]",04/16/2026 15:55,trace
965,Top Layer.png,"[[[1578, 237], [1585, 237], [1585, 283], [1585, 289], [1578, 289], [1578, 283], [1578, 237]]]",04/16/2026 15:55,trace
966,Top Layer.png,"[[[1507, 234], [1505, 232], [1536, 201], [1536, 159], [1543, 159], [1543, 202], [1540, 202], [1542, 204], [1511, 235], [1511, 253], [1504, 253], [1504, 234], [1507, 234]]]",04/16/2026 15:55,trace
967,Top Layer.png,"[[[1638, 2151], [1638, 2192], [1680, 2234], [1678, 2236], [1681, 2236], [1681, 2316], [1674, 2316], [1674, 2237], [1632, 2195], [1635, 2193], [1631, 2193], [1631, 2151], [1638, 2151]]]",04/16/2026 15:55,trace
968,Top Layer.png,"[[[1674, 2151], [1681, 2151], [1681, 2157], [1681, 2172], [1751, 2242], [1748, 2244], [1752, 2244], [1752, 2316], [1745, 2316], [1745, 2245], [1675, 2176], [1678, 2174], [1674, 2174], [1674, 2157], [1674, 2151]]]",04/16/2026 15:55,trace
969,Top Layer.png,"[[[1631, 2012], [1635, 2012], [1632, 2010], [1654, 1989], [1654, 1964], [1653, 1964], [1654, 1963], [1654, 1963], [1654, 1963], [1658, 1959], [1659, 1961], [1657, 1963], [1660, 1963], [1660, 1990], [1657, 1990], [1659, 1993], [1638, 2014], [1638, 2110], [1678, 2110], [1760, 2110], [1760, 2116], [1678, 2116], [1635, 2116], [1635, 2113], [1633, 2115], [1632, 2115], [1635, 2112], [1631, 2112], [1631, 2012]]]",04/16/2026 15:55,trace
970,Top Layer.png,"[[[1694, 1951], [1691, 1949], [1737, 1904], [1737, 1668], [1740, 1668], [1738, 1666], [1837, 1567], [1839, 1569], [1839, 1566], [2134, 1566], [2134, 1519], [2140, 1519], [2140, 1566], [2222, 1566], [2222, 1573], [2137, 1573], [1840, 1573], [1743, 1669], [1743, 1905], [1740, 1905], [1742, 1907], [1697, 1952], [1697, 1961], [1690, 1961], [1690, 1951], [1694, 1951]]]",04/16/2026 15:55,trace
971,Top Layer.png,"[[[1613, 1912], [1620, 1912], [1620, 1936], [1613, 1936], [1613, 1912]]]",04/16/2026 15:55,trace
972,Top Layer.png,"[[[1768, 1540], [1768, 1318], [1750, 1300], [1677, 1300], [1669, 1309], [1667, 1306], [1667, 1310], [1632, 1310], [1632, 1303], [1665, 1303], [1674, 1295], [1676, 1297], [1676, 1294], [1751, 1294], [1751, 1297], [1754, 1295], [1774, 1314], [1771, 1317], [1775, 1317], [1775, 1541], [1771, 1541], [1774, 1544], [1666, 1651], [1666, 1724], [1663, 1724], [1665, 1726], [1644, 1747], [1641, 1745], [1641, 1748], [1598, 1748], [1598, 1742], [1640, 1742], [1659, 1722], [1659, 1650], [1663, 1650], [1660, 1647], [1768, 1540]]]",04/16/2026 15:55,trace
973,Top Layer.png,"[[[1614, 1708], [1616, 1710], [1612, 1715], [1609, 1713], [1609, 1716], [1604, 1716], [1604, 1709], [1608, 1709], [1610, 1707], [1610, 1699], [1617, 1699], [1617, 1708], [1614, 1708]]]",04/16/2026 15:55,trace
974,Top Layer.png,"[[[1698, 1448], [1669, 1448], [1669, 1442], [1698, 1442], [1698, 1448]]]",04/16/2026 15:55,trace
975,Top Layer.png,"[[[1639, 1448], [1611, 1448], [1611, 1441], [1639, 1441], [1639, 1448]]]",04/16/2026 15:55,trace
976,Top Layer.png,"[[[1637, 1409], [1637, 1408], [1638, 1407], [1638, 1406], [1636, 1408], [1629, 1401], [1631, 1399], [1628, 1399], [1628, 1357], [1635, 1357], [1635, 1398], [1640, 1403], [1697, 1403], [1697, 1406], [1700, 1404], [1700, 1404], [1697, 1407], [1697, 1410], [1640, 1410], [1640, 1406], [1639, 1407], [1639, 1409], [1638, 1409], [1638, 1408], [1637, 1409]]]",04/16/2026 15:55,trace
977,Top Layer.png,"[[[1655, 1348], [1632, 1348], [1632, 1341], [1656, 1341], [1658, 1341], [1658, 1343], [1659, 1342], [1662, 1346], [1660, 1348], [1663, 1348], [1663, 1366], [1665, 1368], [1694, 1368], [1694, 1368], [1694, 1368], [1694, 1366], [1728, 1366], [1728, 1369], [1730, 1366], [1731, 1367], [1728, 1370], [1728, 1372], [1694, 1372], [1694, 1369], [1694, 1369], [1694, 1374], [1664, 1374], [1664, 1371], [1662, 1373], [1658, 1369], [1660, 1367], [1657, 1367], [1657, 1350], [1655, 1348]]]",04/16/2026 15:55,trace
978,Top Layer.png,"[[[1632, 1331], [1647, 1331], [1647, 1329], [1694, 1329], [1694, 1335], [1647, 1335], [1647, 1333], [1632, 1333], [1632, 1331]]]",04/16/2026 15:55,trace
979,Top Layer.png,"[[[1661, 1297], [1632, 1297], [1632, 1290], [1660, 1290], [1670, 1280], [1672, 1282], [1672, 1279], [1771, 1279], [1771, 1282], [1773, 1280], [1946, 1452], [1944, 1455], [1947, 1455], [1947, 1545], [1940, 1545], [1940, 1456], [1769, 1286], [1674, 1286], [1664, 1296], [1661, 1294], [1661, 1297]]]",04/16/2026 15:55,trace
980,Top Layer.png,"[[[1632, 1229], [1632, 1226], [1776, 1226], [1836, 1166], [1839, 1168], [1839, 1167], [1838, 1166], [1842, 1162], [1843, 1163], [1848, 1163], [1848, 1164], [1844, 1164], [1847, 1166], [1842, 1171], [1840, 1168], [1840, 1170], [1841, 1171], [1780, 1232], [1777, 1229], [1777, 1233], [1632, 1233], [1632, 1230], [1629, 1228], [1630, 1227], [1632, 1229]]]",04/16/2026 15:55,trace
981,Top Layer.png,"[[[1679, 1188], [1679, 1195], [1632, 1195], [1632, 1188], [1679, 1188]]]",04/16/2026 15:55,trace
982,Top Layer.png,"[[[1693, 1161], [1693, 1161], [1692, 1159], [1692, 1159], [1693, 1161], [1693, 1158], [1694, 1158], [1694, 1162], [1694, 1162], [1694, 1158], [1742, 1158], [1742, 1162], [1742, 1162], [1742, 1159], [1780, 1159], [1780, 1162], [1783, 1160], [1783, 1160], [1780, 1162], [1780, 1165], [1742, 1165], [1742, 1162], [1742, 1162], [1742, 1165], [1695, 1165], [1692, 1169], [1689, 1166], [1689, 1170], [1673, 1170], [1661, 1181], [1659, 1179], [1659, 1182], [1632, 1182], [1632, 1176], [1657, 1176], [1669, 1164], [1671, 1166], [1671, 1163], [1688, 1163], [1692, 1159], [1693, 1161]]]",04/16/2026 15:55,trace
983,Top Layer.png,"[[[1673, 1122], [1675, 1124], [1675, 1121], [1693, 1121], [1693, 1123], [1694, 1123], [1694, 1120], [1742, 1120], [1742, 1123], [1742, 1123], [1742, 1120], [1780, 1120], [1780, 1123], [1783, 1125], [1783, 1126], [1780, 1123], [1780, 1127], [1742, 1127], [1742, 1124], [1742, 1123], [1742, 1127], [1694, 1127], [1694, 1125], [1693, 1124], [1693, 1128], [1676, 1128], [1668, 1136], [1668, 1156], [1665, 1156], [1667, 1158], [1657, 1168], [1655, 1166], [1655, 1169], [1632, 1169], [1632, 1163], [1653, 1163], [1661, 1155], [1661, 1135], [1665, 1135], [1662, 1132], [1673, 1122]]]",04/16/2026 15:55,trace
984,Top Layer.png,"[[[1656, 288], [1656, 316], [1650, 316], [1650, 288], [1656, 288]]]",04/16/2026 15:55,trace
985,Top Layer.png,"[[[1614, 169], [1621, 169], [1621, 187], [1655, 221], [1653, 224], [1656, 224], [1656, 250], [1650, 250], [1650, 225], [1615, 191], [1618, 189], [1614, 189], [1614, 169]]]",04/16/2026 15:55,trace
986,Top Layer.png,"[[[1667, 138], [1672, 138], [1672, 169], [1668, 169], [1664, 173], [1663, 172], [1667, 169], [1662, 169], [1662, 138], [1666, 138], [1670, 134], [1671, 134], [1667, 138]]]",04/16/2026 15:55,trace
987,Top Layer.png,"[[[1619, 160], [1619, 160], [1615, 156], [1615, 156], [1619, 160]]]",04/16/2026 15:55,trace
988,Top Layer.png,"[[[1866, 2065], [1869, 2065], [1867, 2063], [1869, 2061], [1874, 2066], [1873, 2066], [1873, 2125], [1873, 2255], [1869, 2255], [1872, 2257], [1864, 2264], [1864, 2334], [1902, 2372], [1912, 2372], [1912, 2375], [1915, 2373], [1927, 2386], [1923, 2390], [1911, 2379], [1901, 2379], [1901, 2375], [1899, 2378], [1859, 2338], [1861, 2336], [1858, 2336], [1858, 2263], [1861, 2263], [1859, 2261], [1866, 2253], [1866, 2125], [1866, 2065]]]",04/16/2026 15:55,trace
989,Top Layer.png,"[[[1795, 2153], [1794, 2154], [1792, 2151], [1792, 2155], [1760, 2155], [1760, 2148], [1790, 2148], [1790, 2148], [1790, 2148], [1792, 2148], [1792, 2149], [1795, 2153]]]",04/16/2026 15:55,trace
990,Top Layer.png,"[[[1824, 1964], [2136, 1964], [2345, 1756], [2359, 1770], [2147, 1981], [2140, 1974], [2140, 1984], [1828, 1984], [1800, 2013], [1800, 2063], [1779, 2063], [1779, 2009], [1789, 2009], [1782, 2001], [1817, 1967], [1824, 1974], [1824, 1964]]]",04/16/2026 15:55,trace
991,Top Layer.png,"[[[1834, 1610], [1834, 1606], [2257, 1606], [2294, 1569], [2258, 1534], [2191, 1534], [2191, 1531], [2189, 1533], [2159, 1503], [2047, 1503], [2045, 1505], [2045, 1519], [2039, 1519], [2039, 1503], [2042, 1503], [2040, 1501], [2044, 1497], [2046, 1499], [2046, 1496], [2160, 1496], [2160, 1499], [2162, 1497], [2193, 1527], [2260, 1527], [2260, 1531], [2262, 1528], [2301, 1567], [2299, 1569], [2301, 1572], [2261, 1612], [2258, 1610], [2258, 1613], [1836, 1613], [1764, 1684], [1764, 1911], [1761, 1911], [1763, 1913], [1738, 1938], [1733, 1934], [1758, 1909], [1758, 1683], [1761, 1683], [1759, 1680], [1832, 1607], [1834, 1610]]]",04/16/2026 15:55,trace
992,Top Layer.png,"[[[1787, 1887], [1789, 1884], [1786, 1884], [1786, 1781], [1792, 1781], [1792, 1884], [1790, 1884], [1787, 1887], [1787, 1887]]]",04/16/2026 15:55,trace
993,Top Layer.png,"[[[1709, 1811], [1684, 1811], [1684, 1804], [1709, 1804], [1709, 1811]]]",04/16/2026 15:55,trace
994,Top Layer.png,"[[[1857, 1806], [1855, 1808], [1850, 1803], [1853, 1800], [1855, 1803], [1855, 1799], [1895, 1799], [1896, 1798], [1899, 1800], [1899, 1800], [1899, 1797], [1944, 1797], [1944, 1800], [1946, 1798], [1947, 1798], [1944, 1801], [1944, 1804], [1900, 1804], [1898, 1805], [1896, 1803], [1896, 1806], [1857, 1806]]]",04/16/2026 15:55,trace
995,Top Layer.png,"[[[1859, 1756], [1855, 1759], [1860, 1759], [1860, 1780], [1850, 1780], [1850, 1762], [1849, 1761], [1850, 1760], [1850, 1759], [1850, 1759], [1856, 1753], [1859, 1756]]]",04/16/2026 15:55,trace
996,Top Layer.png,"[[[1698, 1332], [1698, 1326], [1727, 1326], [1727, 1328], [1730, 1331], [1729, 1331], [1727, 1329], [1727, 1332], [1698, 1332]]]",04/16/2026 15:55,trace
997,Top Layer.png,"[[[1907, 1268], [1909, 1266], [2023, 1379], [2021, 1382], [2024, 1382], [2024, 1478], [2042, 1478], [2042, 1481], [2044, 1479], [2044, 1479], [2042, 1481], [2042, 1484], [2021, 1484], [2000, 1484], [2000, 1481], [1998, 1483], [1998, 1483], [2000, 1481], [2000, 1478], [2018, 1478], [2018, 1383], [1906, 1271], [1632, 1271], [1632, 1265], [1907, 1265], [1907, 1268]]]",04/16/2026 15:55,trace
998,Top Layer.png,"[[[1915, 1255], [1918, 1253], [2118, 1452], [2116, 1455], [2119, 1455], [2119, 1478], [2137, 1478], [2137, 1481], [2139, 1479], [2139, 1479], [2137, 1481], [2137, 1484], [2116, 1484], [2095, 1484], [2095, 1481], [2092, 1483], [2092, 1483], [2095, 1481], [2095, 1478], [2112, 1478], [2112, 1456], [1914, 1258], [1632, 1258], [1632, 1252], [1915, 1252], [1915, 1255]]]",04/16/2026 15:55,trace
999,Top Layer.png,"[[[1843, 1198], [1844, 1199], [1848, 1199], [1848, 1200], [1845, 1200], [1847, 1202], [1843, 1207], [1841, 1205], [1841, 1206], [1842, 1207], [1803, 1245], [1801, 1243], [1801, 1246], [1632, 1246], [1632, 1239], [1800, 1239], [1837, 1202], [1839, 1205], [1839, 1203], [1838, 1202], [1843, 1198]]]",04/16/2026 15:55,trace
1000,Top Layer.png,"[[[1719, 1201], [1716, 1199], [1716, 1198], [1719, 1200], [1719, 1197], [1748, 1197], [1748, 1203], [1719, 1203], [1719, 1201]]]",04/16/2026 15:55,trace
1001,Top Layer.png,"[[[1868, 1197], [1869, 1196], [1871, 1198], [1871, 1195], [1883, 1195], [1907, 1171], [1909, 1173], [1909, 1170], [1931, 1170], [1931, 1172], [1934, 1175], [1934, 1176], [1931, 1173], [1931, 1177], [1911, 1177], [1886, 1201], [1884, 1198], [1884, 1202], [1871, 1202], [1871, 1199], [1868, 1197]]]",04/16/2026 15:55,trace
1002,Top Layer.png,"[[[1871, 1164], [1868, 1160], [1869, 1159], [1871, 1161], [1871, 1158], [1889, 1158], [1893, 1154], [1895, 1156], [1895, 1153], [1932, 1153], [1932, 1159], [1897, 1159], [1893, 1164], [1890, 1161], [1890, 1165], [1873, 1165], [1872, 1165], [1872, 1165], [1871, 1165], [1871, 1164]]]",04/16/2026 15:55,trace
1003,Top Layer.png,"[[[1848, 1110], [1847, 1111], [1843, 1106], [1839, 1106], [1839, 1082], [1849, 1082], [1849, 1106], [1844, 1106], [1848, 1110]]]",04/16/2026 15:55,trace
1004,Top Layer.png,"[[[1880, 1054], [1932, 1054], [1932, 1057], [1934, 1059], [1934, 1059], [1932, 1057], [1932, 1060], [1871, 1060], [1871, 1060], [1845, 1060], [1845, 1053], [1880, 1053], [1880, 1054]]]",04/16/2026 15:55,trace
1005,Top Layer.png,"[[[1876, 876], [1796, 876], [1796, 855], [1876, 855], [1876, 876]]]",04/16/2026 15:55,trace
1006,Top Layer.png,"[[[2381, 648], [2385, 644], [2465, 723], [2460, 728], [2467, 728], [2467, 1493], [2467, 1569], [2467, 1590], [2460, 1590], [2465, 1595], [2450, 1610], [2445, 1605], [2445, 1605], [2450, 1610], [2217, 1842], [2212, 1838], [2212, 1844], [1810, 1844], [1810, 1831], [2210, 1831], [2441, 1601], [2445, 1605], [2445, 1605], [2441, 1601], [2454, 1588], [2454, 1569], [2454, 1499], [2222, 1499], [2222, 1486], [2454, 1486], [2454, 731], [2378, 655], [1962, 655], [1962, 648], [1958, 653], [1872, 567], [1877, 563], [1870, 563], [1870, 396], [1883, 396], [1883, 560], [1965, 642], [2381, 642], [2381, 648]]]",04/16/2026 15:55,trace
1007,Top Layer.png,"[[[1704, 276], [1704, 300], [1702, 300], [1699, 303], [1699, 303], [1701, 300], [1698, 300], [1698, 276], [1701, 276], [1703, 274], [1703, 274], [1701, 276], [1704, 276]]]",04/16/2026 15:55,trace
1008,Top Layer.png,"[[[1929, 2065], [1929, 2065], [1929, 2065], [1930, 2066], [1929, 2066], [1929, 2279], [1926, 2279], [1928, 2282], [1892, 2318], [1887, 2313], [1923, 2278], [1923, 2065], [1926, 2065], [1924, 2063], [1925, 2061], [1929, 2065]]]",04/16/2026 15:55,trace
1009,Top Layer.png,"[[[1962, 2158], [1959, 2155], [1960, 2155], [1962, 2157], [1962, 2154], [2043, 2154], [2043, 2160], [1962, 2160], [1962, 2158]]]",04/16/2026 15:55,trace
1010,Top Layer.png,"[[[1895, 1733], [1896, 1732], [1899, 1735], [1904, 1735], [1904, 1736], [1899, 1736], [1900, 1736], [1904, 1736], [1904, 1763], [1894, 1763], [1894, 1736], [1899, 1736], [1898, 1736], [1894, 1736], [1894, 1735], [1898, 1735], [1895, 1733]]]",04/16/2026 15:55,trace
1011,Top Layer.png,"[[[1947, 1625], [1947, 1762], [1941, 1762], [1941, 1625], [1947, 1625]]]",04/16/2026 15:55,trace
1012,Top Layer.png,"[[[2005, 1519], [2005, 1546], [1995, 1546], [1995, 1519], [2005, 1519]]]",04/16/2026 15:55,trace
1013,Top Layer.png,"[[[1882, 1136], [1886, 1140], [1886, 1135], [1932, 1135], [1932, 1145], [1886, 1145], [1886, 1140], [1882, 1136], [1882, 1136]]]",04/16/2026 15:55,trace
1014,Top Layer.png,"[[[1886, 1082], [1886, 1107], [1875, 1107], [1875, 1082], [1886, 1082]]]",04/16/2026 15:55,trace
1015,Top Layer.png,"[[[1882, 1024], [1884, 1022], [1899, 1037], [1932, 1037], [1932, 1043], [1898, 1043], [1898, 1040], [1895, 1043], [1879, 1027], [1880, 1026], [1880, 1021], [1882, 1021], [1882, 1024]]]",04/16/2026 15:55,trace
1016,Top Layer.png,"[[[1886, 973], [1886, 999], [1875, 999], [1875, 973], [1886, 973]]]",04/16/2026 15:55,trace
1017,Top Layer.png,"[[[1978, 982], [1978, 987], [1954, 987], [1954, 982], [1950, 978], [1950, 978], [1954, 982], [1954, 976], [1978, 976], [1978, 981], [1982, 985], [1982, 985], [1978, 982]]]",04/16/2026 15:55,trace
1018,Top Layer.png,"[[[1923, 362], [1928, 366], [1928, 367], [1923, 362], [1923, 362]]]",04/16/2026 15:55,trace
1019,Top Layer.png,"[[[1965, 228], [1971, 228], [1974, 226], [1974, 226], [1972, 228], [1978, 228], [1978, 286], [1972, 286], [1972, 286], [1978, 286], [1978, 364], [1972, 364], [1974, 366], [1974, 366], [1972, 364], [1965, 364], [1965, 286], [1972, 286], [1972, 286], [1965, 286], [1965, 228]]]",04/16/2026 15:55,trace
1020,Top Layer.png,"[[[1925, 352], [1925, 352], [1927, 350], [1927, 350], [1925, 352]]]",04/16/2026 15:55,trace
1021,Top Layer.png,"[[[2010, 256], [2013, 256], [2013, 286], [2011, 286], [2008, 289], [2007, 288], [2010, 286], [2006, 286], [2006, 256], [2009, 256], [2012, 253], [2012, 253], [2010, 256]]]",04/16/2026 15:55,trace
1022,Top Layer.png,"[[[1993, 240], [1991, 239], [2000, 230], [2002, 231], [1993, 240]]]",04/16/2026 15:55,trace
1023,Top Layer.png,"[[[1950, 230], [1949, 231], [1944, 226], [1945, 226], [1950, 230]]]",04/16/2026 15:55,trace
1024,Top Layer.png,"[[[1990, 230], [1994, 226], [1989, 226], [1989, 210], [1986, 207], [1972, 207], [1904, 207], [1904, 197], [1966, 197], [1966, 159], [1977, 159], [1977, 197], [1988, 197], [1988, 202], [1992, 198], [1998, 204], [1994, 208], [1999, 208], [1999, 224], [1999, 224], [1999, 225], [1999, 226], [1998, 226], [1992, 232], [1990, 230]]]",04/16/2026 15:55,trace
1025,Top Layer.png,"[[[2044, 174], [2044, 171], [2099, 171], [2099, 174], [2101, 172], [2106, 177], [2104, 179], [2107, 179], [2107, 244], [2101, 244], [2101, 181], [2098, 177], [2045, 177], [2043, 179], [2043, 195], [2043, 231], [2037, 231], [2037, 195], [2037, 178], [2040, 178], [2038, 176], [2041, 172], [2044, 174]]]",04/16/2026 15:55,trace
1026,Top Layer.png,"[[[1944, 128], [1946, 128], [1949, 125], [1949, 126], [1947, 128], [1950, 128], [1950, 159], [1948, 159], [1945, 161], [1944, 161], [1947, 159], [1944, 159], [1944, 128]]]",04/16/2026 15:55,trace
1027,Top Layer.png,"[[[1994, 157], [1996, 155], [1998, 157], [1998, 154], [2040, 154], [2085, 154], [2085, 160], [2040, 160], [1999, 160], [1998, 161], [1994, 157]]]",04/16/2026 15:55,trace
1028,Top Layer.png,"[[[2201, 2160], [2201, 2164], [2128, 2164], [2128, 2161], [2125, 2158], [2125, 2158], [2128, 2160], [2128, 2157], [2201, 2157], [2201, 2160], [2203, 2162], [2203, 2163], [2201, 2160]]]",04/16/2026 15:55,trace
1029,Top Layer.png,"[[[2281, 2122], [2281, 2125], [2201, 2125], [2201, 2122], [2199, 2120], [2199, 2120], [2201, 2122], [2201, 2119], [2281, 2119], [2281, 2122], [2283, 2124], [2283, 2124], [2281, 2122]]]",04/16/2026 15:55,trace
1030,Top Layer.png,"[[[2095, 1520], [2100, 1520], [2100, 1548], [2095, 1548], [2091, 1552], [2091, 1551], [2095, 1548], [2090, 1548], [2090, 1520], [2094, 1520], [2098, 1516], [2098, 1516], [2095, 1520]]]",04/16/2026 15:55,trace
1031,Top Layer.png,"[[[2171, 1115], [2178, 1107], [2224, 1153], [2217, 1161], [2227, 1161], [2227, 1223], [2206, 1223], [2206, 1165], [2166, 1125], [2076, 1125], [2076, 1104], [2171, 1104], [2171, 1115]]]",04/16/2026 15:55,trace
1032,Top Layer.png,"[[[2217, 1026], [2224, 1033], [2169, 1088], [2161, 1081], [2161, 1091], [2081, 1091], [2081, 1084], [2072, 1075], [2074, 1074], [2081, 1081], [2081, 1071], [2157, 1071], [2206, 1022], [2206, 970], [2227, 970], [2227, 1026], [2217, 1026]]]",04/16/2026 15:55,trace
1033,Top Layer.png,"[[[2245, 357], [2247, 355], [2254, 362], [2252, 364], [2255, 364], [2255, 396], [2249, 396], [2249, 366], [2243, 359], [2245, 357], [2242, 355], [2243, 355], [2245, 357]]]",04/16/2026 15:55,trace
1034,Top Layer.png,"[[[2284, 221], [2290, 221], [2293, 219], [2293, 219], [2291, 221], [2297, 221], [2297, 279], [2291, 279], [2291, 279], [2297, 279], [2297, 357], [2291, 357], [2293, 359], [2293, 359], [2291, 357], [2285, 357], [2285, 279], [2291, 279], [2291, 279], [2284, 279], [2284, 221]]]",04/16/2026 15:55,trace
1035,Top Layer.png,"[[[2335, 188], [2335, 189], [2335, 277], [2331, 277], [2334, 280], [2332, 282], [2327, 277], [2328, 276], [2328, 188], [2331, 188], [2329, 185], [2331, 184], [2335, 188]]]",04/16/2026 15:55,trace
1036,Top Layer.png,"[[[2269, 223], [2268, 224], [2263, 220], [2264, 219], [2269, 223]]]",04/16/2026 15:55,trace
1037,Top Layer.png,"[[[2311, 221], [2313, 219], [2308, 219], [2308, 200], [2291, 200], [2222, 200], [2222, 190], [2286, 190], [2286, 152], [2296, 152], [2296, 190], [2313, 190], [2313, 195], [2318, 195], [2318, 219], [2317, 219], [2318, 219], [2313, 224], [2313, 223], [2315, 221], [2313, 223], [2311, 221]]]",04/16/2026 15:55,trace
1038,Top Layer.png,"[[[2088, 193], [2089, 194], [2087, 197], [2090, 197], [2090, 227], [2083, 227], [2083, 198], [2083, 198], [2083, 197], [2083, 197], [2084, 197], [2088, 193]]]",04/16/2026 15:55,trace
1039,Top Layer.png,"[[[2361, 186], [2361, 186], [2359, 189], [2359, 189], [2362, 189], [2362, 225], [2355, 225], [2355, 189], [2358, 189], [2356, 187], [2357, 186], [2359, 188], [2361, 186]]]",04/16/2026 15:55,trace
1040,Top Layer.png,"[[[2405, 189], [2408, 189], [2408, 224], [2402, 224], [2402, 189], [2404, 189], [2407, 186], [2408, 187], [2405, 189]]]",04/16/2026 15:55,trace
1041,Top Layer.png,"[[[2318, 153], [2317, 155], [2313, 150], [2315, 148], [2317, 150], [2317, 147], [2359, 147], [2404, 147], [2404, 153], [2359, 153], [2318, 153]]]",04/16/2026 15:55,trace
1042,Top Layer.png,"[[[2265, 116], [2268, 113], [2269, 114], [2266, 116], [2270, 116], [2270, 152], [2263, 152], [2263, 116], [2265, 116]]]",04/16/2026 15:55,trace
