Instance ID,Source Image Filename,Vertices,Timestamp,Type
0,GND.png,"[[[2235, 1569], [2235, 1567], [2234, 1564], [2233, 1562], [2231, 1560], [2229, 1558], [2227, 1557], [2224, 1557], [2222, 1556], [2219, 1557], [2217, 1557], [2215, 1558], [2213, 1560], [2211, 1562], [2210, 1564], [2209, 1567], [2209, 1569], [2209, 1572], [2210, 1574], [2211, 1577], [2213, 1579], [2215, 1580], [2217, 1581], [2219, 1582], [2222, 1582], [2224, 1582], [2227, 1581], [2229, 1580], [2231, 1579], [2233, 1577], [2234, 1574], [2235, 1572], [2235, 1569]]]",04/16/2026 15:55,via
1,GND.png,"[[[2235, 1493], [2235, 1490], [2234, 1488], [2233, 1486], [2231, 1484], [2229, 1482], [2227, 1481], [2224, 1480], [2222, 1480], [2219, 1480], [2217, 1481], [2215, 1482], [2213, 1484], [2211, 1486], [2210, 1488], [2209, 1490], [2209, 1493], [2209, 1495], [2210, 1498], [2211, 1500], [2213, 1502], [2215, 1504], [2217, 1505], [2219, 1506], [2222, 1506], [2224, 1506], [2227, 1505], [2229, 1504], [2231, 1502], [2233, 1500], [2234, 1498], [2235, 1495], [2235, 1493]]]",04/16/2026 15:55,via
2,GND.png,"[[[2312, 1569], [2311, 1567], [2311, 1564], [2309, 1562], [2308, 1560], [2306, 1558], [2304, 1557], [2301, 1557], [2299, 1556], [2296, 1557], [2294, 1557], [2291, 1558], [2289, 1560], [2288, 1562], [2287, 1564], [2286, 1567], [2286, 1569], [2286, 1572], [2287, 1574], [2288, 1577], [2289, 1579], [2291, 1580], [2294, 1581], [2296, 1582], [2299, 1582], [2301, 1582], [2304, 1581], [2306, 1580], [2308, 1579], [2309, 1577], [2311, 1574], [2311, 1572], [2312, 1569]]]",04/16/2026 15:55,via
3,GND.png,"[[[2312, 1493], [2311, 1490], [2311, 1488], [2309, 1486], [2308, 1484], [2306, 1482], [2304, 1481], [2301, 1480], [2299, 1480], [2296, 1480], [2294, 1481], [2291, 1482], [2289, 1484], [2288, 1486], [2287, 1488], [2286, 1490], [2286, 1493], [2286, 1495], [2287, 1498], [2288, 1500], [2289, 1502], [2291, 1504], [2294, 1505], [2296, 1506], [2299, 1506], [2301, 1506], [2304, 1505], [2306, 1504], [2308, 1502], [2309, 1500], [2311, 1498], [2311, 1495], [2312, 1493]]]",04/16/2026 15:55,via
4,GND.png,"[[[2448, 1569], [2447, 1562], [2445, 1555], [2441, 1548], [2436, 1542], [2431, 1538], [2424, 1534], [2417, 1532], [2409, 1531], [2402, 1532], [2394, 1534], [2388, 1538], [2382, 1542], [2377, 1548], [2374, 1555], [2372, 1562], [2371, 1569], [2372, 1577], [2374, 1584], [2377, 1591], [2382, 1596], [2388, 1601], [2394, 1605], [2402, 1607], [2409, 1608], [2417, 1607], [2424, 1605], [2431, 1601], [2436, 1596], [2441, 1591], [2445, 1584], [2447, 1577], [2448, 1569]]]",04/16/2026 15:55,via
5,GND.png,"[[[2312, 1646], [2311, 1643], [2311, 1641], [2309, 1639], [2308, 1637], [2306, 1635], [2304, 1634], [2301, 1633], [2299, 1633], [2296, 1633], [2294, 1634], [2291, 1635], [2289, 1637], [2288, 1639], [2287, 1641], [2286, 1643], [2286, 1646], [2286, 1648], [2287, 1651], [2288, 1653], [2289, 1655], [2291, 1657], [2294, 1658], [2296, 1659], [2299, 1659], [2301, 1659], [2304, 1658], [2306, 1657], [2308, 1655], [2309, 1653], [2311, 1651], [2311, 1648], [2312, 1646]]]",04/16/2026 15:55,via
6,GND.png,"[[[2235, 1646], [2235, 1643], [2234, 1641], [2233, 1639], [2231, 1637], [2229, 1635], [2227, 1634], [2224, 1633], [2222, 1633], [2219, 1633], [2217, 1634], [2215, 1635], [2213, 1637], [2211, 1639], [2210, 1641], [2209, 1643], [2209, 1646], [2209, 1648], [2210, 1651], [2211, 1653], [2213, 1655], [2215, 1657], [2217, 1658], [2219, 1659], [2222, 1659], [2224, 1659], [2227, 1658], [2229, 1657], [2231, 1655], [2233, 1653], [2234, 1651], [2235, 1648], [2235, 1646]]]",04/16/2026 15:55,via
7,GND.png,"[[[2435, 1277], [2434, 1271], [2432, 1266], [2430, 1260], [2426, 1256], [2421, 1252], [2416, 1249], [2410, 1247], [2404, 1247], [2398, 1247], [2392, 1249], [2387, 1252], [2382, 1256], [2378, 1260], [2375, 1266], [2374, 1271], [2373, 1277], [2374, 1283], [2375, 1289], [2378, 1295], [2382, 1299], [2387, 1303], [2392, 1306], [2398, 1308], [2404, 1308], [2410, 1308], [2416, 1306], [2421, 1303], [2426, 1299], [2430, 1295], [2432, 1289], [2434, 1283], [2435, 1277]]]",04/16/2026 15:55,via
8,GND.png,"[[[2435, 1168], [2434, 1162], [2432, 1156], [2430, 1151], [2426, 1146], [2421, 1142], [2416, 1139], [2410, 1138], [2404, 1137], [2398, 1138], [2392, 1139], [2387, 1142], [2382, 1146], [2378, 1151], [2375, 1156], [2374, 1162], [2373, 1168], [2374, 1174], [2375, 1180], [2378, 1185], [2382, 1190], [2387, 1193], [2392, 1196], [2398, 1198], [2404, 1199], [2410, 1198], [2416, 1196], [2421, 1193], [2426, 1190], [2430, 1185], [2432, 1180], [2434, 1174], [2435, 1168]]]",04/16/2026 15:55,via
9,GND.png,"[[[2230, 1223], [2229, 1220], [2229, 1218], [2227, 1215], [2226, 1213], [2224, 1212], [2222, 1211], [2219, 1210], [2217, 1210], [2214, 1210], [2212, 1211], [2209, 1212], [2207, 1213], [2206, 1215], [2204, 1218], [2204, 1220], [2203, 1223], [2204, 1225], [2204, 1228], [2206, 1230], [2207, 1232], [2209, 1233], [2212, 1235], [2214, 1235], [2217, 1236], [2219, 1235], [2222, 1235], [2224, 1233], [2226, 1232], [2227, 1230], [2229, 1228], [2229, 1225], [2230, 1223]]]",04/16/2026 15:55,via
10,GND.png,"[[[2306, 1223], [2306, 1220], [2305, 1218], [2304, 1215], [2303, 1213], [2301, 1212], [2298, 1211], [2296, 1210], [2293, 1210], [2291, 1210], [2288, 1211], [2286, 1212], [2284, 1213], [2282, 1215], [2281, 1218], [2281, 1220], [2280, 1223], [2281, 1225], [2281, 1228], [2282, 1230], [2284, 1232], [2286, 1233], [2288, 1235], [2291, 1235], [2293, 1236], [2296, 1235], [2298, 1235], [2301, 1233], [2303, 1232], [2304, 1230], [2305, 1228], [2306, 1225], [2306, 1223]]]",04/16/2026 15:55,via
11,GND.png,"[[[2230, 970], [2229, 967], [2229, 965], [2227, 963], [2226, 961], [2224, 959], [2222, 958], [2219, 957], [2217, 957], [2214, 957], [2212, 958], [2209, 959], [2207, 961], [2206, 963], [2204, 965], [2204, 967], [2203, 970], [2204, 973], [2204, 975], [2206, 977], [2207, 979], [2209, 981], [2212, 982], [2214, 983], [2217, 983], [2219, 983], [2222, 982], [2224, 981], [2226, 979], [2227, 977], [2229, 975], [2229, 973], [2230, 970]]]",04/16/2026 15:55,via
12,GND.png,"[[[2435, 915], [2434, 909], [2432, 903], [2430, 898], [2426, 893], [2421, 890], [2416, 887], [2410, 885], [2404, 884], [2398, 885], [2392, 887], [2387, 890], [2382, 893], [2378, 898], [2375, 903], [2374, 909], [2373, 915], [2374, 921], [2375, 927], [2378, 932], [2382, 937], [2387, 941], [2392, 944], [2398, 945], [2404, 946], [2410, 945], [2416, 944], [2421, 941], [2426, 937], [2430, 932], [2432, 927], [2434, 921], [2435, 915]]]",04/16/2026 15:55,via
13,GND.png,"[[[2435, 1025], [2434, 1019], [2432, 1013], [2430, 1008], [2426, 1003], [2421, 999], [2416, 996], [2410, 995], [2404, 994], [2398, 995], [2392, 996], [2387, 999], [2382, 1003], [2378, 1008], [2375, 1013], [2374, 1019], [2373, 1025], [2374, 1031], [2375, 1037], [2378, 1042], [2382, 1047], [2387, 1050], [2392, 1053], [2398, 1055], [2404, 1056], [2410, 1055], [2416, 1053], [2421, 1050], [2426, 1047], [2430, 1042], [2432, 1037], [2434, 1031], [2435, 1025]]]",04/16/2026 15:55,via
14,GND.png,"[[[2306, 970], [2306, 967], [2305, 965], [2304, 963], [2303, 961], [2301, 959], [2298, 958], [2296, 957], [2293, 957], [2291, 957], [2288, 958], [2286, 959], [2284, 961], [2282, 963], [2281, 965], [2281, 967], [2280, 970], [2281, 973], [2281, 975], [2282, 977], [2284, 979], [2286, 981], [2288, 982], [2291, 983], [2293, 983], [2296, 983], [2298, 982], [2301, 981], [2303, 979], [2304, 977], [2305, 975], [2306, 973], [2306, 970]]]",04/16/2026 15:55,via
15,GND.png,"[[[451, 1522], [450, 1520], [450, 1517], [448, 1515], [447, 1513], [445, 1511], [442, 1510], [440, 1510], [437, 1509], [435, 1510], [433, 1510], [430, 1511], [428, 1513], [427, 1515], [425, 1517], [425, 1520], [424, 1522], [425, 1525], [425, 1527], [427, 1530], [428, 1531], [430, 1533], [433, 1534], [435, 1535], [437, 1535], [440, 1535], [442, 1534], [445, 1533], [447, 1531], [448, 1530], [450, 1527], [450, 1525], [451, 1522]]]",04/16/2026 15:55,via
16,GND.png,"[[[1299, 893], [1299, 891], [1298, 890], [1297, 888], [1296, 887], [1295, 885], [1293, 884], [1291, 884], [1289, 884], [1288, 884], [1286, 884], [1284, 885], [1283, 887], [1282, 888], [1281, 890], [1280, 891], [1280, 893], [1280, 895], [1281, 897], [1282, 898], [1283, 900], [1284, 901], [1286, 902], [1288, 902], [1289, 903], [1291, 902], [1293, 902], [1295, 901], [1296, 900], [1297, 898], [1298, 897], [1299, 895], [1299, 893]]]",04/16/2026 15:55,via
17,GND.png,"[[[374, 1522], [374, 1520], [373, 1517], [372, 1515], [370, 1513], [368, 1511], [366, 1510], [363, 1510], [361, 1509], [358, 1510], [356, 1510], [353, 1511], [351, 1513], [350, 1515], [349, 1517], [348, 1520], [348, 1522], [348, 1525], [349, 1527], [350, 1530], [351, 1531], [353, 1533], [356, 1534], [358, 1535], [361, 1535], [363, 1535], [366, 1534], [368, 1533], [370, 1531], [372, 1530], [373, 1527], [374, 1525], [374, 1522]]]",04/16/2026 15:55,via
18,GND.png,"[[[1336, 2316], [1336, 2313], [1335, 2311], [1334, 2309], [1332, 2308], [1331, 2306], [1329, 2305], [1327, 2304], [1324, 2304], [1322, 2304], [1320, 2305], [1318, 2306], [1316, 2308], [1315, 2309], [1314, 2311], [1313, 2313], [1313, 2316], [1313, 2318], [1314, 2320], [1315, 2322], [1316, 2324], [1318, 2325], [1320, 2326], [1322, 2327], [1324, 2327], [1327, 2327], [1329, 2326], [1331, 2325], [1332, 2324], [1334, 2322], [1335, 2320], [1336, 2318], [1336, 2316]]]",04/16/2026 15:55,via
19,GND.png,"[[[1512, 2388], [1512, 2386], [1512, 2384], [1511, 2382], [1509, 2380], [1507, 2379], [1505, 2377], [1503, 2377], [1501, 2377], [1499, 2377], [1497, 2377], [1495, 2379], [1493, 2380], [1491, 2382], [1490, 2384], [1490, 2386], [1489, 2388], [1490, 2390], [1490, 2392], [1491, 2394], [1493, 2396], [1495, 2398], [1497, 2399], [1499, 2399], [1501, 2400], [1503, 2399], [1505, 2399], [1507, 2398], [1509, 2396], [1511, 2394], [1512, 2392], [1512, 2390], [1512, 2388]]]",04/16/2026 15:55,via
20,GND.png,"[[[279, 694], [279, 692], [278, 689], [277, 687], [275, 685], [273, 684], [271, 682], [268, 682], [266, 681], [263, 682], [261, 682], [259, 684], [257, 685], [255, 687], [254, 689], [253, 692], [253, 694], [253, 697], [254, 699], [255, 702], [257, 704], [259, 705], [261, 706], [263, 707], [266, 707], [268, 707], [271, 706], [273, 705], [275, 704], [277, 702], [278, 699], [279, 697], [279, 694]]]",04/16/2026 15:55,via
21,GND.png,"[[[505, 402], [504, 400], [504, 397], [502, 395], [501, 393], [499, 391], [496, 390], [494, 389], [491, 389], [488, 389], [486, 390], [483, 391], [481, 393], [480, 395], [478, 397], [478, 400], [477, 402], [478, 405], [478, 407], [480, 410], [481, 412], [483, 414], [486, 415], [488, 416], [491, 416], [494, 416], [496, 415], [499, 414], [501, 412], [502, 410], [504, 407], [504, 405], [505, 402]]]",04/16/2026 15:55,via
22,GND.png,"[[[351, 402], [351, 400], [350, 397], [349, 395], [347, 393], [345, 391], [343, 390], [340, 389], [337, 389], [335, 389], [332, 390], [330, 391], [328, 393], [326, 395], [325, 397], [324, 400], [324, 402], [324, 405], [325, 407], [326, 410], [328, 412], [330, 414], [332, 415], [335, 416], [337, 416], [340, 416], [343, 415], [345, 414], [347, 412], [349, 410], [350, 407], [351, 405], [351, 402]]]",04/16/2026 15:55,via
23,GND.png,"[[[906, 402], [906, 400], [905, 397], [903, 395], [902, 393], [900, 391], [897, 390], [895, 389], [892, 389], [889, 389], [887, 390], [885, 391], [882, 393], [881, 395], [880, 397], [879, 400], [878, 402], [879, 405], [880, 407], [881, 410], [882, 412], [885, 414], [887, 415], [889, 416], [892, 416], [895, 416], [897, 415], [900, 414], [902, 412], [903, 410], [905, 407], [906, 405], [906, 402]]]",04/16/2026 15:55,via
24,GND.png,"[[[752, 402], [752, 400], [751, 397], [750, 395], [748, 393], [746, 391], [744, 390], [741, 389], [739, 389], [736, 389], [733, 390], [731, 391], [729, 393], [727, 395], [726, 397], [725, 400], [725, 402], [725, 405], [726, 407], [727, 410], [729, 412], [731, 414], [733, 415], [736, 416], [739, 416], [741, 416], [744, 415], [746, 414], [748, 412], [750, 410], [751, 407], [752, 405], [752, 402]]]",04/16/2026 15:55,via
25,GND.png,"[[[1583, 2388], [1583, 2386], [1582, 2384], [1581, 2382], [1580, 2380], [1578, 2379], [1576, 2377], [1574, 2377], [1572, 2377], [1569, 2377], [1567, 2377], [1565, 2379], [1563, 2380], [1562, 2382], [1561, 2384], [1560, 2386], [1560, 2388], [1560, 2390], [1561, 2392], [1562, 2394], [1563, 2396], [1565, 2398], [1567, 2399], [1569, 2399], [1572, 2400], [1574, 2399], [1576, 2399], [1578, 2398], [1580, 2396], [1581, 2394], [1582, 2392], [1583, 2390], [1583, 2388]]]",04/16/2026 15:55,via
26,GND.png,"[[[1724, 2388], [1724, 2386], [1724, 2384], [1722, 2382], [1721, 2380], [1719, 2379], [1717, 2377], [1715, 2377], [1713, 2377], [1711, 2377], [1709, 2377], [1707, 2379], [1705, 2380], [1703, 2382], [1702, 2384], [1702, 2386], [1701, 2388], [1702, 2390], [1702, 2392], [1703, 2394], [1705, 2396], [1707, 2398], [1709, 2399], [1711, 2399], [1713, 2400], [1715, 2399], [1717, 2399], [1719, 2398], [1721, 2396], [1722, 2394], [1724, 2392], [1724, 2390], [1724, 2388]]]",04/16/2026 15:55,via
27,GND.png,"[[[1830, 2316], [1830, 2313], [1830, 2311], [1828, 2309], [1827, 2308], [1825, 2306], [1823, 2305], [1821, 2304], [1819, 2304], [1817, 2304], [1814, 2305], [1813, 2306], [1811, 2308], [1809, 2309], [1808, 2311], [1808, 2313], [1807, 2316], [1808, 2318], [1808, 2320], [1809, 2322], [1811, 2324], [1813, 2325], [1814, 2326], [1817, 2327], [1819, 2327], [1821, 2327], [1823, 2326], [1825, 2325], [1827, 2324], [1828, 2322], [1830, 2320], [1830, 2318], [1830, 2316]]]",04/16/2026 15:55,via
28,GND.png,"[[[1234, 893], [1234, 891], [1233, 890], [1232, 888], [1231, 887], [1230, 885], [1228, 884], [1226, 884], [1224, 884], [1223, 884], [1221, 884], [1219, 885], [1218, 887], [1217, 888], [1216, 890], [1215, 891], [1215, 893], [1215, 895], [1216, 897], [1217, 898], [1218, 900], [1219, 901], [1221, 902], [1223, 902], [1224, 903], [1226, 902], [1228, 902], [1230, 901], [1231, 900], [1232, 898], [1233, 897], [1234, 895], [1234, 893]]]",04/16/2026 15:55,via
29,GND.png,"[[[1266, 893], [1266, 891], [1266, 890], [1265, 888], [1264, 887], [1262, 885], [1261, 884], [1259, 884], [1257, 884], [1255, 884], [1253, 884], [1252, 885], [1250, 887], [1249, 888], [1248, 890], [1248, 891], [1247, 893], [1248, 895], [1248, 897], [1249, 898], [1250, 900], [1252, 901], [1253, 902], [1255, 902], [1257, 903], [1259, 902], [1261, 902], [1262, 901], [1264, 900], [1265, 898], [1266, 897], [1266, 895], [1266, 893]]]",04/16/2026 15:55,via
30,GND.png,"[[[1169, 893], [1169, 891], [1168, 890], [1167, 888], [1166, 887], [1165, 885], [1163, 884], [1161, 884], [1159, 884], [1158, 884], [1156, 884], [1154, 885], [1153, 887], [1152, 888], [1151, 890], [1150, 891], [1150, 893], [1150, 895], [1151, 897], [1152, 898], [1153, 900], [1154, 901], [1156, 902], [1158, 902], [1159, 903], [1161, 902], [1163, 902], [1165, 901], [1166, 900], [1167, 898], [1168, 897], [1169, 895], [1169, 893]]]",04/16/2026 15:55,via
31,GND.png,"[[[1901, 2316], [1901, 2313], [1900, 2311], [1899, 2309], [1898, 2308], [1896, 2306], [1894, 2305], [1892, 2304], [1890, 2304], [1887, 2304], [1885, 2305], [1883, 2306], [1881, 2308], [1880, 2309], [1879, 2311], [1878, 2313], [1878, 2316], [1878, 2318], [1879, 2320], [1880, 2322], [1881, 2324], [1883, 2325], [1885, 2326], [1887, 2327], [1890, 2327], [1892, 2327], [1894, 2326], [1896, 2325], [1898, 2324], [1899, 2322], [1900, 2320], [1901, 2318], [1901, 2316]]]",04/16/2026 15:55,via
32,GND.png,"[[[1936, 2388], [1936, 2386], [1936, 2384], [1934, 2382], [1933, 2380], [1931, 2379], [1929, 2377], [1927, 2377], [1925, 2377], [1923, 2377], [1920, 2377], [1918, 2379], [1917, 2380], [1915, 2382], [1914, 2384], [1914, 2386], [1913, 2388], [1914, 2390], [1914, 2392], [1915, 2394], [1917, 2396], [1918, 2398], [1920, 2399], [1923, 2399], [1925, 2400], [1927, 2399], [1929, 2399], [1931, 2398], [1933, 2396], [1934, 2394], [1936, 2392], [1936, 2390], [1936, 2388]]]",04/16/2026 15:55,via
33,GND.png,"[[[374, 1446], [374, 1443], [373, 1441], [372, 1439], [370, 1437], [368, 1435], [366, 1434], [363, 1433], [361, 1433], [358, 1433], [356, 1434], [353, 1435], [351, 1437], [350, 1439], [349, 1441], [348, 1443], [348, 1446], [348, 1448], [349, 1451], [350, 1453], [351, 1455], [353, 1457], [356, 1458], [358, 1459], [361, 1459], [363, 1459], [366, 1458], [368, 1457], [370, 1455], [372, 1453], [373, 1451], [374, 1448], [374, 1446]]]",04/16/2026 15:55,via
34,GND.png,"[[[451, 1446], [450, 1443], [450, 1441], [448, 1439], [447, 1437], [445, 1435], [442, 1434], [440, 1433], [437, 1433], [435, 1433], [433, 1434], [430, 1435], [428, 1437], [427, 1439], [425, 1441], [425, 1443], [424, 1446], [425, 1448], [425, 1451], [427, 1453], [428, 1455], [430, 1457], [433, 1458], [435, 1459], [437, 1459], [440, 1459], [442, 1458], [445, 1457], [447, 1455], [448, 1453], [450, 1451], [450, 1448], [451, 1446]]]",04/16/2026 15:55,via
35,GND.png,"[[[281, 1577], [280, 1571], [279, 1565], [276, 1560], [272, 1555], [267, 1552], [262, 1549], [256, 1547], [250, 1546], [244, 1547], [238, 1549], [233, 1552], [228, 1555], [224, 1560], [222, 1565], [220, 1571], [219, 1577], [220, 1583], [222, 1589], [224, 1594], [228, 1599], [233, 1603], [238, 1606], [244, 1607], [250, 1608], [256, 1607], [262, 1606], [267, 1603], [272, 1599], [276, 1594], [279, 1589], [280, 1583], [281, 1577]]]",04/16/2026 15:55,via
36,GND.png,"[[[281, 1391], [280, 1385], [279, 1379], [276, 1374], [272, 1369], [267, 1365], [262, 1363], [256, 1361], [250, 1360], [244, 1361], [238, 1363], [233, 1365], [228, 1369], [224, 1374], [222, 1379], [220, 1385], [219, 1391], [220, 1397], [222, 1403], [224, 1408], [228, 1413], [233, 1417], [238, 1419], [244, 1421], [250, 1422], [256, 1421], [262, 1419], [267, 1417], [272, 1413], [276, 1408], [279, 1403], [280, 1397], [281, 1391]]]",04/16/2026 15:55,via
37,GND.png,"[[[1201, 893], [1201, 891], [1201, 890], [1200, 888], [1199, 887], [1197, 885], [1196, 884], [1194, 884], [1192, 884], [1190, 884], [1188, 884], [1187, 885], [1185, 887], [1184, 888], [1183, 890], [1183, 891], [1182, 893], [1183, 895], [1183, 897], [1184, 898], [1185, 900], [1187, 901], [1188, 902], [1190, 902], [1192, 903], [1194, 902], [1196, 902], [1197, 901], [1199, 900], [1200, 898], [1201, 897], [1201, 895], [1201, 893]]]",04/16/2026 15:55,via
38,GND.png,"[[[1201, 926], [1201, 924], [1201, 922], [1200, 920], [1199, 919], [1197, 918], [1196, 917], [1194, 916], [1192, 916], [1190, 916], [1188, 917], [1187, 918], [1185, 919], [1184, 920], [1183, 922], [1183, 924], [1182, 926], [1183, 927], [1183, 929], [1184, 931], [1185, 932], [1187, 933], [1188, 934], [1190, 935], [1192, 935], [1194, 935], [1196, 934], [1197, 933], [1199, 932], [1200, 931], [1201, 929], [1201, 927], [1201, 926]]]",04/16/2026 15:55,via
39,GND.png,"[[[1299, 926], [1299, 924], [1298, 922], [1297, 920], [1296, 919], [1295, 918], [1293, 917], [1291, 916], [1289, 916], [1288, 916], [1286, 917], [1284, 918], [1283, 919], [1282, 920], [1281, 922], [1280, 924], [1280, 926], [1280, 927], [1281, 929], [1282, 931], [1283, 932], [1284, 933], [1286, 934], [1288, 935], [1289, 935], [1291, 935], [1293, 934], [1295, 933], [1296, 932], [1297, 931], [1298, 929], [1299, 927], [1299, 926]]]",04/16/2026 15:55,via
40,GND.png,"[[[1169, 926], [1169, 924], [1168, 922], [1167, 920], [1166, 919], [1165, 918], [1163, 917], [1161, 916], [1159, 916], [1158, 916], [1156, 917], [1154, 918], [1153, 919], [1152, 920], [1151, 922], [1150, 924], [1150, 926], [1150, 927], [1151, 929], [1152, 931], [1153, 932], [1154, 933], [1156, 934], [1158, 935], [1159, 935], [1161, 935], [1163, 934], [1165, 933], [1166, 932], [1167, 931], [1168, 929], [1169, 927], [1169, 926]]]",04/16/2026 15:55,via
41,GND.png,"[[[1234, 926], [1234, 924], [1233, 922], [1232, 920], [1231, 919], [1230, 918], [1228, 917], [1226, 916], [1224, 916], [1223, 916], [1221, 917], [1219, 918], [1218, 919], [1217, 920], [1216, 922], [1215, 924], [1215, 926], [1215, 927], [1216, 929], [1217, 931], [1218, 932], [1219, 933], [1221, 934], [1223, 935], [1224, 935], [1226, 935], [1228, 934], [1230, 933], [1231, 932], [1232, 931], [1233, 929], [1234, 927], [1234, 926]]]",04/16/2026 15:55,via
42,GND.png,"[[[1266, 926], [1266, 924], [1266, 922], [1265, 920], [1264, 919], [1262, 918], [1261, 917], [1259, 916], [1257, 916], [1255, 916], [1253, 917], [1252, 918], [1250, 919], [1249, 920], [1248, 922], [1248, 924], [1247, 926], [1248, 927], [1248, 929], [1249, 931], [1250, 932], [1252, 933], [1253, 934], [1255, 935], [1257, 935], [1259, 935], [1261, 934], [1262, 933], [1264, 932], [1265, 931], [1266, 929], [1266, 927], [1266, 926]]]",04/16/2026 15:55,via
43,GND.png,"[[[1686, 2006], [1686, 2004], [1685, 2002], [1684, 2000], [1683, 1998], [1681, 1996], [1679, 1995], [1677, 1995], [1674, 1994], [1672, 1995], [1670, 1995], [1668, 1996], [1666, 1998], [1665, 2000], [1664, 2002], [1663, 2004], [1663, 2006], [1663, 2008], [1664, 2010], [1665, 2012], [1666, 2014], [1668, 2015], [1670, 2017], [1672, 2017], [1674, 2017], [1677, 2017], [1679, 2017], [1681, 2015], [1683, 2014], [1684, 2012], [1685, 2010], [1686, 2008], [1686, 2006]]]",04/16/2026 15:55,via
44,GND.png,"[[[1609, 2006], [1609, 2004], [1608, 2002], [1607, 2000], [1606, 1998], [1604, 1996], [1602, 1995], [1600, 1995], [1598, 1994], [1595, 1995], [1593, 1995], [1591, 1996], [1589, 1998], [1588, 2000], [1587, 2002], [1586, 2004], [1586, 2006], [1586, 2008], [1587, 2010], [1588, 2012], [1589, 2014], [1591, 2015], [1593, 2017], [1595, 2017], [1598, 2017], [1600, 2017], [1602, 2017], [1604, 2015], [1606, 2014], [1607, 2012], [1608, 2010], [1609, 2008], [1609, 2006]]]",04/16/2026 15:55,via
45,GND.png,"[[[1461, 2006], [1461, 2004], [1460, 2002], [1459, 2000], [1458, 1998], [1456, 1996], [1454, 1995], [1452, 1995], [1449, 1994], [1447, 1995], [1445, 1995], [1443, 1996], [1441, 1998], [1440, 2000], [1439, 2002], [1438, 2004], [1438, 2006], [1438, 2008], [1439, 2010], [1440, 2012], [1441, 2014], [1443, 2015], [1445, 2017], [1447, 2017], [1449, 2017], [1452, 2017], [1454, 2017], [1456, 2015], [1458, 2014], [1459, 2012], [1460, 2010], [1461, 2008], [1461, 2006]]]",04/16/2026 15:55,via
46,GND.png,"[[[1384, 2006], [1384, 2004], [1383, 2002], [1382, 2000], [1381, 1998], [1379, 1996], [1377, 1995], [1375, 1995], [1373, 1994], [1370, 1995], [1368, 1995], [1366, 1996], [1364, 1998], [1363, 2000], [1362, 2002], [1361, 2004], [1361, 2006], [1361, 2008], [1362, 2010], [1363, 2012], [1364, 2014], [1366, 2015], [1368, 2017], [1370, 2017], [1373, 2017], [1375, 2017], [1377, 2017], [1379, 2015], [1381, 2014], [1382, 2012], [1383, 2010], [1384, 2008], [1384, 2006]]]",04/16/2026 15:55,via
47,GND.png,"[[[1866, 2388], [1866, 2386], [1865, 2384], [1864, 2382], [1862, 2380], [1861, 2379], [1859, 2377], [1856, 2377], [1854, 2377], [1852, 2377], [1850, 2377], [1848, 2379], [1846, 2380], [1845, 2382], [1844, 2384], [1843, 2386], [1843, 2388], [1843, 2390], [1844, 2392], [1845, 2394], [1846, 2396], [1848, 2398], [1850, 2399], [1852, 2399], [1854, 2400], [1856, 2399], [1859, 2399], [1861, 2398], [1862, 2396], [1864, 2394], [1865, 2392], [1866, 2390], [1866, 2388]]]",04/16/2026 15:55,via
48,GND.png,"[[[1018, 2388], [1018, 2386], [1017, 2384], [1016, 2382], [1015, 2380], [1013, 2379], [1011, 2377], [1009, 2377], [1006, 2377], [1004, 2377], [1002, 2377], [1000, 2379], [998, 2380], [997, 2382], [996, 2384], [995, 2386], [995, 2388], [995, 2390], [996, 2392], [997, 2394], [998, 2396], [1000, 2398], [1002, 2399], [1004, 2399], [1006, 2400], [1009, 2399], [1011, 2399], [1013, 2398], [1015, 2396], [1016, 2394], [1017, 2392], [1018, 2390], [1018, 2388]]]",04/16/2026 15:55,via
49,GND.png,"[[[1230, 2388], [1230, 2386], [1229, 2384], [1228, 2382], [1226, 2380], [1225, 2379], [1223, 2377], [1221, 2377], [1218, 2377], [1216, 2377], [1214, 2377], [1212, 2379], [1210, 2380], [1209, 2382], [1208, 2384], [1207, 2386], [1207, 2388], [1207, 2390], [1208, 2392], [1209, 2394], [1210, 2396], [1212, 2398], [1214, 2399], [1216, 2399], [1218, 2400], [1221, 2399], [1223, 2399], [1225, 2398], [1226, 2396], [1228, 2394], [1229, 2392], [1230, 2390], [1230, 2388]]]",04/16/2026 15:55,via
50,GND.png,"[[[1654, 2388], [1654, 2386], [1653, 2384], [1652, 2382], [1650, 2380], [1649, 2379], [1647, 2377], [1645, 2377], [1642, 2377], [1640, 2377], [1638, 2377], [1636, 2379], [1634, 2380], [1633, 2382], [1632, 2384], [1631, 2386], [1631, 2388], [1631, 2390], [1632, 2392], [1633, 2394], [1634, 2396], [1636, 2398], [1638, 2399], [1640, 2399], [1642, 2400], [1645, 2399], [1647, 2399], [1649, 2398], [1650, 2396], [1652, 2394], [1653, 2392], [1654, 2390], [1654, 2388]]]",04/16/2026 15:55,via
51,GND.png,"[[[1548, 2316], [1548, 2313], [1547, 2311], [1546, 2309], [1544, 2308], [1543, 2306], [1541, 2305], [1539, 2304], [1536, 2304], [1534, 2304], [1532, 2305], [1530, 2306], [1528, 2308], [1527, 2309], [1526, 2311], [1525, 2313], [1525, 2316], [1525, 2318], [1526, 2320], [1527, 2322], [1528, 2324], [1530, 2325], [1532, 2326], [1534, 2327], [1536, 2327], [1539, 2327], [1541, 2326], [1543, 2325], [1544, 2324], [1546, 2322], [1547, 2320], [1548, 2318], [1548, 2316]]]",04/16/2026 15:55,via
52,GND.png,"[[[1795, 2388], [1795, 2386], [1794, 2384], [1793, 2382], [1792, 2380], [1790, 2379], [1788, 2377], [1786, 2377], [1784, 2377], [1781, 2377], [1779, 2377], [1777, 2379], [1775, 2380], [1774, 2382], [1773, 2384], [1772, 2386], [1772, 2388], [1772, 2390], [1773, 2392], [1774, 2394], [1775, 2396], [1777, 2398], [1779, 2399], [1781, 2399], [1784, 2400], [1786, 2399], [1788, 2399], [1790, 2398], [1792, 2396], [1793, 2394], [1794, 2392], [1795, 2390], [1795, 2388]]]",04/16/2026 15:55,via
53,GND.png,"[[[1442, 2388], [1442, 2386], [1441, 2384], [1440, 2382], [1438, 2380], [1437, 2379], [1435, 2377], [1433, 2377], [1430, 2377], [1428, 2377], [1426, 2377], [1424, 2379], [1422, 2380], [1421, 2382], [1420, 2384], [1419, 2386], [1419, 2388], [1419, 2390], [1420, 2392], [1421, 2394], [1422, 2396], [1424, 2398], [1426, 2399], [1428, 2399], [1430, 2400], [1433, 2399], [1435, 2399], [1437, 2398], [1438, 2396], [1440, 2394], [1441, 2392], [1442, 2390], [1442, 2388]]]",04/16/2026 15:55,via
54,GND.png,"[[[1371, 2388], [1371, 2386], [1370, 2384], [1369, 2382], [1368, 2380], [1366, 2379], [1364, 2377], [1362, 2377], [1360, 2377], [1357, 2377], [1355, 2377], [1353, 2379], [1351, 2380], [1350, 2382], [1349, 2384], [1348, 2386], [1348, 2388], [1348, 2390], [1349, 2392], [1350, 2394], [1351, 2396], [1353, 2398], [1355, 2399], [1357, 2399], [1360, 2400], [1362, 2399], [1364, 2399], [1366, 2398], [1368, 2396], [1369, 2394], [1370, 2392], [1371, 2390], [1371, 2388]]]",04/16/2026 15:55,via
55,GND.png,"[[[1301, 2388], [1300, 2386], [1300, 2384], [1299, 2382], [1297, 2380], [1295, 2379], [1293, 2377], [1291, 2377], [1289, 2377], [1287, 2377], [1285, 2377], [1283, 2379], [1281, 2380], [1279, 2382], [1278, 2384], [1278, 2386], [1277, 2388], [1278, 2390], [1278, 2392], [1279, 2394], [1281, 2396], [1283, 2398], [1285, 2399], [1287, 2399], [1289, 2400], [1291, 2399], [1293, 2399], [1295, 2398], [1297, 2396], [1299, 2394], [1300, 2392], [1300, 2390], [1301, 2388]]]",04/16/2026 15:55,via
56,GND.png,"[[[1159, 2388], [1159, 2386], [1158, 2384], [1157, 2382], [1156, 2380], [1154, 2379], [1152, 2377], [1150, 2377], [1148, 2377], [1145, 2377], [1143, 2377], [1141, 2379], [1140, 2380], [1138, 2382], [1137, 2384], [1136, 2386], [1136, 2388], [1136, 2390], [1137, 2392], [1138, 2394], [1140, 2396], [1141, 2398], [1143, 2399], [1145, 2399], [1148, 2400], [1150, 2399], [1152, 2399], [1154, 2398], [1156, 2396], [1157, 2394], [1158, 2392], [1159, 2390], [1159, 2388]]]",04/16/2026 15:55,via
57,GND.png,"[[[1089, 2388], [1088, 2386], [1088, 2384], [1087, 2382], [1085, 2380], [1083, 2379], [1081, 2377], [1079, 2377], [1077, 2377], [1075, 2377], [1073, 2377], [1071, 2379], [1069, 2380], [1067, 2382], [1066, 2384], [1066, 2386], [1065, 2388], [1066, 2390], [1066, 2392], [1067, 2394], [1069, 2396], [1071, 2398], [1073, 2399], [1075, 2399], [1077, 2400], [1079, 2399], [1081, 2399], [1083, 2398], [1085, 2396], [1087, 2394], [1088, 2392], [1088, 2390], [1089, 2388]]]",04/16/2026 15:55,via
58,GND.png,"[[[735, 2388], [735, 2386], [734, 2384], [733, 2382], [732, 2380], [730, 2379], [728, 2377], [726, 2377], [724, 2377], [721, 2377], [719, 2377], [717, 2379], [716, 2380], [714, 2382], [713, 2384], [712, 2386], [712, 2388], [712, 2390], [713, 2392], [714, 2394], [716, 2396], [717, 2398], [719, 2399], [721, 2399], [724, 2400], [726, 2399], [728, 2399], [730, 2398], [732, 2396], [733, 2394], [734, 2392], [735, 2390], [735, 2388]]]",04/16/2026 15:55,via
59,GND.png,"[[[665, 2388], [664, 2386], [664, 2384], [663, 2382], [661, 2380], [659, 2379], [657, 2377], [655, 2377], [653, 2377], [651, 2377], [649, 2377], [647, 2379], [645, 2380], [644, 2382], [642, 2384], [642, 2386], [642, 2388], [642, 2390], [642, 2392], [644, 2394], [645, 2396], [647, 2398], [649, 2399], [651, 2399], [653, 2400], [655, 2399], [657, 2399], [659, 2398], [661, 2396], [663, 2394], [664, 2392], [664, 2390], [665, 2388]]]",04/16/2026 15:55,via
60,GND.png,"[[[1689, 2316], [1689, 2313], [1688, 2311], [1687, 2309], [1686, 2308], [1684, 2306], [1682, 2305], [1680, 2304], [1678, 2304], [1675, 2304], [1673, 2305], [1671, 2306], [1669, 2308], [1668, 2309], [1667, 2311], [1666, 2313], [1666, 2316], [1666, 2318], [1667, 2320], [1668, 2322], [1669, 2324], [1671, 2325], [1673, 2326], [1675, 2327], [1678, 2327], [1680, 2327], [1682, 2326], [1684, 2325], [1686, 2324], [1687, 2322], [1688, 2320], [1689, 2318], [1689, 2316]]]",04/16/2026 15:55,via
61,GND.png,"[[[1618, 2316], [1618, 2313], [1618, 2311], [1617, 2309], [1615, 2308], [1613, 2306], [1611, 2305], [1609, 2304], [1607, 2304], [1605, 2304], [1603, 2305], [1601, 2306], [1599, 2308], [1597, 2309], [1596, 2311], [1596, 2313], [1595, 2316], [1596, 2318], [1596, 2320], [1597, 2322], [1599, 2324], [1601, 2325], [1603, 2326], [1605, 2327], [1607, 2327], [1609, 2327], [1611, 2326], [1613, 2325], [1615, 2324], [1617, 2322], [1618, 2320], [1618, 2318], [1618, 2316]]]",04/16/2026 15:55,via
62,GND.png,"[[[1477, 2316], [1477, 2313], [1476, 2311], [1475, 2309], [1474, 2308], [1472, 2306], [1470, 2305], [1468, 2304], [1466, 2304], [1463, 2304], [1461, 2305], [1459, 2306], [1457, 2308], [1456, 2309], [1455, 2311], [1454, 2313], [1454, 2316], [1454, 2318], [1455, 2320], [1456, 2322], [1457, 2324], [1459, 2325], [1461, 2326], [1463, 2327], [1466, 2327], [1468, 2327], [1470, 2326], [1472, 2325], [1474, 2324], [1475, 2322], [1476, 2320], [1477, 2318], [1477, 2316]]]",04/16/2026 15:55,via
63,GND.png,"[[[1406, 2316], [1406, 2313], [1406, 2311], [1405, 2309], [1403, 2308], [1401, 2306], [1399, 2305], [1397, 2304], [1395, 2304], [1393, 2304], [1391, 2305], [1389, 2306], [1387, 2308], [1385, 2309], [1384, 2311], [1384, 2313], [1383, 2316], [1384, 2318], [1384, 2320], [1385, 2322], [1387, 2324], [1389, 2325], [1391, 2326], [1393, 2327], [1395, 2327], [1397, 2327], [1399, 2326], [1401, 2325], [1403, 2324], [1405, 2322], [1406, 2320], [1406, 2318], [1406, 2316]]]",04/16/2026 15:55,via
64,GND.png,"[[[1265, 2316], [1265, 2313], [1264, 2311], [1263, 2309], [1262, 2308], [1260, 2306], [1258, 2305], [1256, 2304], [1254, 2304], [1251, 2304], [1249, 2305], [1247, 2306], [1246, 2308], [1244, 2309], [1243, 2311], [1242, 2313], [1242, 2316], [1242, 2318], [1243, 2320], [1244, 2322], [1246, 2324], [1247, 2325], [1249, 2326], [1251, 2327], [1254, 2327], [1256, 2327], [1258, 2326], [1260, 2325], [1262, 2324], [1263, 2322], [1264, 2320], [1265, 2318], [1265, 2316]]]",04/16/2026 15:55,via
65,GND.png,"[[[1195, 2316], [1194, 2313], [1194, 2311], [1193, 2309], [1191, 2308], [1189, 2306], [1187, 2305], [1185, 2304], [1183, 2304], [1181, 2304], [1179, 2305], [1177, 2306], [1175, 2308], [1173, 2309], [1172, 2311], [1172, 2313], [1171, 2316], [1172, 2318], [1172, 2320], [1173, 2322], [1175, 2324], [1177, 2325], [1179, 2326], [1181, 2327], [1183, 2327], [1185, 2327], [1187, 2326], [1189, 2325], [1191, 2324], [1193, 2322], [1194, 2320], [1194, 2318], [1195, 2316]]]",04/16/2026 15:55,via
66,GND.png,"[[[1124, 2316], [1124, 2313], [1123, 2311], [1122, 2309], [1120, 2308], [1119, 2306], [1117, 2305], [1115, 2304], [1112, 2304], [1110, 2304], [1108, 2305], [1106, 2306], [1104, 2308], [1103, 2309], [1102, 2311], [1101, 2313], [1101, 2316], [1101, 2318], [1102, 2320], [1103, 2322], [1104, 2324], [1106, 2325], [1108, 2326], [1110, 2327], [1112, 2327], [1115, 2327], [1117, 2326], [1119, 2325], [1120, 2324], [1122, 2322], [1123, 2320], [1124, 2318], [1124, 2316]]]",04/16/2026 15:55,via
67,GND.png,"[[[1053, 2316], [1053, 2313], [1052, 2311], [1051, 2309], [1050, 2308], [1048, 2306], [1046, 2305], [1044, 2304], [1042, 2304], [1039, 2304], [1037, 2305], [1035, 2306], [1034, 2308], [1032, 2309], [1031, 2311], [1030, 2313], [1030, 2316], [1030, 2318], [1031, 2320], [1032, 2322], [1034, 2324], [1035, 2325], [1037, 2326], [1039, 2327], [1042, 2327], [1044, 2327], [1046, 2326], [1048, 2325], [1050, 2324], [1051, 2322], [1052, 2320], [1053, 2318], [1053, 2316]]]",04/16/2026 15:55,via
68,GND.png,"[[[983, 2316], [982, 2313], [982, 2311], [981, 2309], [979, 2308], [977, 2306], [975, 2305], [973, 2304], [971, 2304], [969, 2304], [967, 2305], [965, 2306], [963, 2308], [961, 2309], [960, 2311], [960, 2313], [960, 2316], [960, 2318], [960, 2320], [961, 2322], [963, 2324], [965, 2325], [967, 2326], [969, 2327], [971, 2327], [973, 2327], [975, 2326], [977, 2325], [979, 2324], [981, 2322], [982, 2320], [982, 2318], [983, 2316]]]",04/16/2026 15:55,via
69,GND.png,"[[[912, 2316], [912, 2313], [911, 2311], [910, 2309], [909, 2308], [907, 2306], [905, 2305], [903, 2304], [900, 2304], [898, 2304], [896, 2305], [894, 2306], [892, 2308], [891, 2309], [890, 2311], [889, 2313], [889, 2316], [889, 2318], [890, 2320], [891, 2322], [892, 2324], [894, 2325], [896, 2326], [898, 2327], [900, 2327], [903, 2327], [905, 2326], [907, 2325], [909, 2324], [910, 2322], [911, 2320], [912, 2318], [912, 2316]]]",04/16/2026 15:55,via
70,GND.png,"[[[841, 2316], [841, 2313], [840, 2311], [839, 2309], [838, 2308], [836, 2306], [834, 2305], [832, 2304], [830, 2304], [827, 2304], [825, 2305], [823, 2306], [822, 2308], [820, 2309], [819, 2311], [818, 2313], [818, 2316], [818, 2318], [819, 2320], [820, 2322], [822, 2324], [823, 2325], [825, 2326], [827, 2327], [830, 2327], [832, 2327], [834, 2326], [836, 2325], [838, 2324], [839, 2322], [840, 2320], [841, 2318], [841, 2316]]]",04/16/2026 15:55,via
71,GND.png,"[[[771, 2316], [770, 2313], [770, 2311], [769, 2309], [767, 2308], [765, 2306], [763, 2305], [761, 2304], [759, 2304], [757, 2304], [755, 2305], [753, 2306], [751, 2308], [749, 2309], [748, 2311], [748, 2313], [748, 2316], [748, 2318], [748, 2320], [749, 2322], [751, 2324], [753, 2325], [755, 2326], [757, 2327], [759, 2327], [761, 2327], [763, 2326], [765, 2325], [767, 2324], [769, 2322], [770, 2320], [770, 2318], [771, 2316]]]",04/16/2026 15:55,via
72,GND.png,"[[[700, 2316], [700, 2313], [699, 2311], [698, 2309], [697, 2308], [695, 2306], [693, 2305], [691, 2304], [688, 2304], [686, 2304], [684, 2305], [682, 2306], [680, 2308], [679, 2309], [678, 2311], [677, 2313], [677, 2316], [677, 2318], [678, 2320], [679, 2322], [680, 2324], [682, 2325], [684, 2326], [686, 2327], [688, 2327], [691, 2327], [693, 2326], [695, 2325], [697, 2324], [698, 2322], [699, 2320], [700, 2318], [700, 2316]]]",04/16/2026 15:55,via
73,GND.png,"[[[2143, 2352], [2142, 2344], [2140, 2336], [2136, 2329], [2131, 2323], [2125, 2318], [2117, 2314], [2110, 2312], [2102, 2311], [2094, 2312], [2086, 2314], [2079, 2318], [2073, 2323], [2068, 2329], [2064, 2336], [2062, 2344], [2061, 2352], [2062, 2360], [2064, 2367], [2068, 2375], [2073, 2381], [2079, 2386], [2086, 2390], [2094, 2392], [2102, 2393], [2110, 2392], [2117, 2390], [2125, 2386], [2131, 2381], [2136, 2375], [2140, 2367], [2142, 2360], [2143, 2352]]]",04/16/2026 15:55,via
74,GND.png,"[[[517, 2352], [516, 2344], [514, 2336], [510, 2329], [505, 2323], [499, 2318], [492, 2314], [484, 2312], [476, 2311], [468, 2312], [461, 2314], [453, 2318], [447, 2323], [442, 2329], [438, 2336], [436, 2344], [435, 2352], [436, 2360], [438, 2367], [442, 2375], [447, 2381], [453, 2386], [461, 2390], [468, 2392], [476, 2393], [484, 2392], [492, 2390], [499, 2386], [505, 2381], [510, 2375], [514, 2367], [516, 2360], [517, 2352]]]",04/16/2026 15:55,via
75,GND.png,"[[[877, 2388], [876, 2386], [876, 2384], [875, 2382], [873, 2380], [871, 2379], [869, 2377], [867, 2377], [865, 2377], [863, 2377], [861, 2377], [859, 2379], [857, 2380], [855, 2382], [854, 2384], [854, 2386], [854, 2388], [854, 2390], [854, 2392], [855, 2394], [857, 2396], [859, 2398], [861, 2399], [863, 2399], [865, 2400], [867, 2399], [869, 2399], [871, 2398], [873, 2396], [875, 2394], [876, 2392], [876, 2390], [877, 2388]]]",04/16/2026 15:55,via
76,GND.png,"[[[947, 2388], [947, 2386], [946, 2384], [945, 2382], [944, 2380], [942, 2379], [940, 2377], [938, 2377], [936, 2377], [933, 2377], [931, 2377], [929, 2379], [928, 2380], [926, 2382], [925, 2384], [924, 2386], [924, 2388], [924, 2390], [925, 2392], [926, 2394], [928, 2396], [929, 2398], [931, 2399], [933, 2399], [936, 2400], [938, 2399], [940, 2399], [942, 2398], [944, 2396], [945, 2394], [946, 2392], [947, 2390], [947, 2388]]]",04/16/2026 15:55,via
77,GND.png,"[[[806, 2388], [806, 2386], [805, 2384], [804, 2382], [803, 2380], [801, 2379], [799, 2377], [797, 2377], [794, 2377], [792, 2377], [790, 2377], [788, 2379], [786, 2380], [785, 2382], [784, 2384], [783, 2386], [783, 2388], [783, 2390], [784, 2392], [785, 2394], [786, 2396], [788, 2398], [790, 2399], [792, 2399], [794, 2400], [797, 2399], [799, 2399], [801, 2398], [803, 2396], [804, 2394], [805, 2392], [806, 2390], [806, 2388]]]",04/16/2026 15:55,via
78,GND.png,"[[[1760, 2316], [1760, 2313], [1759, 2311], [1758, 2309], [1756, 2308], [1755, 2306], [1753, 2305], [1750, 2304], [1748, 2304], [1746, 2304], [1744, 2305], [1742, 2306], [1740, 2308], [1739, 2309], [1738, 2311], [1737, 2313], [1737, 2316], [1737, 2318], [1738, 2320], [1739, 2322], [1740, 2324], [1742, 2325], [1744, 2326], [1746, 2327], [1748, 2327], [1750, 2327], [1753, 2326], [1755, 2325], [1756, 2324], [1758, 2322], [1759, 2320], [1760, 2318], [1760, 2316]]]",04/16/2026 15:55,via
79,GND.png,"[[[906, 479], [906, 476], [905, 474], [903, 471], [902, 469], [900, 467], [897, 466], [895, 465], [892, 465], [889, 465], [887, 466], [885, 467], [882, 469], [881, 471], [880, 474], [879, 476], [878, 479], [879, 481], [880, 484], [881, 486], [882, 488], [885, 490], [887, 491], [889, 492], [892, 492], [895, 492], [897, 491], [900, 490], [902, 488], [903, 486], [905, 484], [906, 481], [906, 479]]]",04/16/2026 15:55,via
80,GND.png,"[[[505, 479], [504, 476], [504, 474], [502, 471], [501, 469], [499, 467], [496, 466], [494, 465], [491, 465], [488, 465], [486, 466], [483, 467], [481, 469], [480, 471], [478, 474], [478, 476], [477, 479], [478, 481], [478, 484], [480, 486], [481, 488], [483, 490], [486, 491], [488, 492], [491, 492], [494, 492], [496, 491], [499, 490], [501, 488], [502, 486], [504, 484], [504, 481], [505, 479]]]",04/16/2026 15:55,via
81,GND.png,"[[[829, 479], [829, 476], [828, 474], [827, 471], [825, 469], [823, 467], [821, 466], [818, 465], [815, 465], [813, 465], [810, 466], [808, 467], [806, 469], [804, 471], [803, 474], [802, 476], [802, 479], [802, 481], [803, 484], [804, 486], [806, 488], [808, 490], [810, 491], [813, 492], [815, 492], [818, 492], [821, 491], [823, 490], [825, 488], [827, 486], [828, 484], [829, 481], [829, 479]]]",04/16/2026 15:55,via
82,GND.png,"[[[428, 479], [428, 476], [427, 474], [426, 471], [424, 469], [422, 467], [419, 466], [417, 465], [414, 465], [412, 465], [409, 466], [407, 467], [405, 469], [403, 471], [402, 474], [401, 476], [401, 479], [401, 481], [402, 484], [403, 486], [405, 488], [407, 490], [409, 491], [412, 492], [414, 492], [417, 492], [419, 491], [422, 490], [424, 488], [426, 486], [427, 484], [428, 481], [428, 479]]]",04/16/2026 15:55,via
83,GND.png,"[[[829, 402], [829, 400], [828, 397], [827, 395], [825, 393], [823, 391], [821, 390], [818, 389], [815, 389], [813, 389], [810, 390], [808, 391], [806, 393], [804, 395], [803, 397], [802, 400], [802, 402], [802, 405], [803, 407], [804, 410], [806, 412], [808, 414], [810, 415], [813, 416], [815, 416], [818, 416], [821, 415], [823, 414], [825, 412], [827, 410], [828, 407], [829, 405], [829, 402]]]",04/16/2026 15:55,via
84,GND.png,"[[[752, 479], [752, 476], [751, 474], [750, 471], [748, 469], [746, 467], [744, 466], [741, 465], [739, 465], [736, 465], [733, 466], [731, 467], [729, 469], [727, 471], [726, 474], [725, 476], [725, 479], [725, 481], [726, 484], [727, 486], [729, 488], [731, 490], [733, 491], [736, 492], [739, 492], [741, 492], [744, 491], [746, 490], [748, 488], [750, 486], [751, 484], [752, 481], [752, 479]]]",04/16/2026 15:55,via
85,GND.png,"[[[854, 292], [854, 284], [851, 277], [848, 270], [843, 265], [837, 260], [830, 256], [823, 254], [815, 253], [808, 254], [800, 256], [794, 260], [788, 265], [783, 270], [779, 277], [777, 284], [776, 292], [777, 300], [779, 307], [783, 314], [788, 320], [794, 324], [800, 328], [808, 330], [815, 331], [823, 330], [830, 328], [837, 324], [843, 320], [848, 314], [851, 307], [854, 300], [854, 292]]]",04/16/2026 15:55,via
86,GND.png,"[[[428, 402], [428, 400], [427, 397], [426, 395], [424, 393], [422, 391], [419, 390], [417, 389], [414, 389], [412, 389], [409, 390], [407, 391], [405, 393], [403, 395], [402, 397], [401, 400], [401, 402], [401, 405], [402, 407], [403, 410], [405, 412], [407, 414], [409, 415], [412, 416], [414, 416], [417, 416], [419, 415], [422, 414], [424, 412], [426, 410], [427, 407], [428, 405], [428, 402]]]",04/16/2026 15:55,via
87,GND.png,"[[[351, 479], [351, 476], [350, 474], [349, 471], [347, 469], [345, 467], [343, 466], [340, 465], [337, 465], [335, 465], [332, 466], [330, 467], [328, 469], [326, 471], [325, 474], [324, 476], [324, 479], [324, 481], [325, 484], [326, 486], [328, 488], [330, 490], [332, 491], [335, 492], [337, 492], [340, 492], [343, 491], [345, 490], [347, 488], [349, 486], [350, 484], [351, 481], [351, 479]]]",04/16/2026 15:55,via
88,GND.png,"[[[453, 292], [452, 284], [450, 277], [447, 270], [442, 265], [436, 260], [429, 256], [422, 254], [414, 253], [407, 254], [399, 256], [393, 260], [387, 265], [382, 270], [378, 277], [376, 284], [375, 292], [376, 300], [378, 307], [382, 314], [387, 320], [393, 324], [399, 328], [407, 330], [414, 331], [422, 330], [429, 328], [436, 324], [442, 320], [447, 314], [450, 307], [452, 300], [453, 292]]]",04/16/2026 15:55,via
89,GND.png,"[[[2524, 2474], [2523, 2466], [2521, 2458], [2517, 2451], [2512, 2445], [2506, 2440], [2499, 2436], [2491, 2433], [2483, 2433], [2475, 2433], [2468, 2436], [2460, 2440], [2454, 2445], [2449, 2451], [2445, 2458], [2443, 2466], [2442, 2474], [2443, 2481], [2445, 2489], [2449, 2496], [2454, 2502], [2460, 2507], [2468, 2511], [2475, 2514], [2483, 2514], [2491, 2514], [2499, 2511], [2506, 2507], [2512, 2502], [2517, 2496], [2521, 2489], [2523, 2481], [2524, 2474]]]",04/16/2026 15:55,via
90,GND.png,"[[[2524, 77], [2523, 69], [2521, 61], [2517, 54], [2512, 48], [2506, 43], [2499, 39], [2491, 36], [2483, 36], [2475, 36], [2468, 39], [2460, 43], [2454, 48], [2449, 54], [2445, 61], [2443, 69], [2442, 77], [2443, 84], [2445, 92], [2449, 99], [2454, 105], [2460, 110], [2468, 114], [2475, 117], [2483, 117], [2491, 117], [2499, 114], [2506, 110], [2512, 105], [2517, 99], [2521, 92], [2523, 84], [2524, 77]]]",04/16/2026 15:55,via
91,GND.png,"[[[118, 77], [117, 69], [115, 61], [111, 54], [106, 48], [100, 43], [92, 39], [85, 36], [77, 36], [69, 36], [61, 39], [54, 43], [48, 48], [43, 54], [39, 61], [37, 69], [36, 77], [37, 84], [39, 92], [43, 99], [48, 105], [54, 110], [61, 114], [69, 117], [77, 117], [85, 117], [92, 114], [100, 110], [106, 105], [111, 99], [115, 92], [117, 84], [118, 77]]]",04/16/2026 15:55,via
92,GND.png,"[[[118, 2474], [117, 2466], [115, 2458], [111, 2451], [106, 2445], [100, 2440], [92, 2436], [85, 2433], [77, 2433], [69, 2433], [61, 2436], [54, 2440], [48, 2445], [43, 2451], [39, 2458], [37, 2466], [36, 2474], [37, 2481], [39, 2489], [43, 2496], [48, 2502], [54, 2507], [61, 2511], [69, 2514], [77, 2514], [85, 2514], [92, 2511], [100, 2507], [106, 2502], [111, 2496], [115, 2489], [117, 2481], [118, 2474]]]",04/16/2026 15:55,via
93,GND.png,"[[[356, 694], [356, 692], [355, 689], [354, 687], [352, 685], [350, 684], [348, 682], [345, 682], [343, 681], [340, 682], [338, 682], [335, 684], [334, 685], [332, 687], [331, 689], [330, 692], [330, 694], [330, 697], [331, 699], [332, 702], [334, 704], [335, 705], [338, 706], [340, 707], [343, 707], [345, 707], [348, 706], [350, 705], [352, 704], [354, 702], [355, 699], [356, 697], [356, 694]]]",04/16/2026 15:55,via
94,GND.png,"[[[186, 749], [186, 743], [184, 737], [181, 732], [177, 727], [172, 724], [167, 721], [161, 719], [155, 718], [149, 719], [144, 721], [138, 724], [134, 727], [130, 732], [127, 737], [125, 743], [125, 749], [125, 755], [127, 761], [130, 766], [134, 771], [138, 775], [144, 778], [149, 779], [155, 780], [161, 779], [167, 778], [172, 775], [177, 771], [181, 766], [184, 761], [186, 755], [186, 749]]]",04/16/2026 15:55,via
95,GND.png,"[[[186, 640], [186, 634], [184, 628], [181, 622], [177, 618], [172, 614], [167, 611], [161, 609], [155, 609], [149, 609], [144, 611], [138, 614], [134, 618], [130, 622], [127, 628], [125, 634], [125, 640], [125, 646], [127, 651], [130, 657], [134, 661], [138, 665], [144, 668], [149, 670], [155, 670], [161, 670], [167, 668], [172, 665], [177, 661], [181, 657], [184, 651], [186, 646], [186, 640]]]",04/16/2026 15:55,via
96,GND.png,"[[[1796, 2151], [1795, 2151], [1795, 2150], [1795, 2149], [1794, 2149], [1794, 2148], [1793, 2148], [1792, 2148], [1792, 2148], [1791, 2148], [1790, 2148], [1790, 2148], [1789, 2149], [1789, 2149], [1788, 2150], [1788, 2151], [1788, 2151], [1788, 2152], [1788, 2153], [1789, 2153], [1789, 2154], [1790, 2155], [1790, 2155], [1791, 2155], [1792, 2155], [1792, 2155], [1793, 2155], [1794, 2155], [1794, 2154], [1795, 2153], [1795, 2153], [1795, 2152], [1796, 2151]]]",04/16/2026 15:55,via
97,GND.png,"[[[2120, 535], [2120, 534], [2120, 533], [2120, 533], [2119, 532], [2119, 532], [2118, 531], [2117, 531], [2117, 531], [2116, 531], [2115, 531], [2114, 532], [2114, 532], [2113, 533], [2113, 533], [2113, 534], [2113, 535], [2113, 536], [2113, 537], [2113, 537], [2114, 538], [2114, 538], [2115, 539], [2116, 539], [2117, 539], [2117, 539], [2118, 539], [2119, 538], [2119, 538], [2120, 537], [2120, 537], [2120, 536], [2120, 535]]]",04/16/2026 15:55,via
98,GND.png,"[[[2119, 507], [2119, 506], [2119, 506], [2119, 505], [2118, 504], [2117, 504], [2117, 504], [2116, 503], [2115, 503], [2114, 503], [2114, 504], [2113, 504], [2112, 504], [2112, 505], [2112, 506], [2111, 506], [2111, 507], [2111, 508], [2112, 509], [2112, 509], [2112, 510], [2113, 510], [2114, 511], [2114, 511], [2115, 511], [2116, 511], [2117, 511], [2117, 510], [2118, 510], [2119, 509], [2119, 509], [2119, 508], [2119, 507]]]",04/16/2026 15:55,via
99,GND.png,"[[[2118, 473], [2118, 472], [2118, 471], [2117, 471], [2117, 470], [2116, 470], [2115, 469], [2115, 469], [2114, 469], [2113, 469], [2112, 469], [2112, 470], [2111, 470], [2111, 471], [2110, 471], [2110, 472], [2110, 473], [2110, 474], [2110, 474], [2111, 475], [2111, 476], [2112, 476], [2112, 476], [2113, 477], [2114, 477], [2115, 477], [2115, 476], [2116, 476], [2117, 476], [2117, 475], [2118, 474], [2118, 474], [2118, 473]]]",04/16/2026 15:55,via
100,GND.png,"[[[2080, 472], [2080, 471], [2080, 470], [2080, 469], [2079, 469], [2078, 468], [2078, 468], [2077, 468], [2076, 468], [2075, 468], [2075, 468], [2074, 468], [2073, 469], [2073, 469], [2073, 470], [2072, 471], [2072, 472], [2072, 472], [2073, 473], [2073, 474], [2073, 474], [2074, 475], [2075, 475], [2075, 475], [2076, 475], [2077, 475], [2078, 475], [2078, 475], [2079, 474], [2080, 474], [2080, 473], [2080, 472], [2080, 472]]]",04/16/2026 15:55,via
101,GND.png,"[[[2042, 470], [2042, 469], [2042, 469], [2041, 468], [2041, 467], [2040, 467], [2039, 467], [2039, 466], [2038, 466], [2037, 466], [2036, 467], [2036, 467], [2035, 467], [2035, 468], [2034, 469], [2034, 469], [2034, 470], [2034, 471], [2034, 472], [2035, 472], [2035, 473], [2036, 474], [2036, 474], [2037, 474], [2038, 474], [2039, 474], [2039, 474], [2040, 474], [2041, 473], [2041, 472], [2042, 472], [2042, 471], [2042, 470]]]",04/16/2026 15:55,via
102,GND.png,"[[[2083, 506], [2083, 505], [2083, 504], [2083, 504], [2082, 503], [2082, 503], [2081, 502], [2080, 502], [2079, 502], [2079, 502], [2078, 502], [2077, 503], [2077, 503], [2076, 504], [2076, 504], [2076, 505], [2075, 506], [2076, 507], [2076, 507], [2076, 508], [2077, 509], [2077, 509], [2078, 510], [2079, 510], [2079, 510], [2080, 510], [2081, 510], [2082, 509], [2082, 509], [2083, 508], [2083, 507], [2083, 507], [2083, 506]]]",04/16/2026 15:55,via
103,GND.png,"[[[2042, 505], [2042, 504], [2042, 504], [2042, 503], [2041, 502], [2041, 502], [2040, 502], [2039, 501], [2039, 501], [2038, 501], [2037, 502], [2036, 502], [2036, 502], [2035, 503], [2035, 504], [2035, 504], [2035, 505], [2035, 506], [2035, 507], [2035, 507], [2036, 508], [2036, 508], [2037, 509], [2038, 509], [2039, 509], [2039, 509], [2040, 509], [2041, 508], [2041, 508], [2042, 507], [2042, 507], [2042, 506], [2042, 505]]]",04/16/2026 15:55,via
104,GND.png,"[[[1902, 1735], [1902, 1735], [1902, 1734], [1901, 1734], [1901, 1733], [1901, 1733], [1900, 1733], [1900, 1733], [1899, 1733], [1899, 1733], [1898, 1733], [1898, 1733], [1898, 1733], [1897, 1734], [1897, 1734], [1897, 1735], [1897, 1735], [1897, 1736], [1897, 1736], [1897, 1737], [1898, 1737], [1898, 1737], [1898, 1738], [1899, 1738], [1899, 1738], [1900, 1738], [1900, 1738], [1901, 1737], [1901, 1737], [1901, 1737], [1902, 1736], [1902, 1736], [1902, 1735]]]",04/16/2026 15:55,via
105,GND.png,"[[[1947, 1628], [1947, 1627], [1947, 1626], [1947, 1626], [1946, 1625], [1946, 1624], [1945, 1624], [1944, 1624], [1944, 1624], [1943, 1624], [1942, 1624], [1941, 1624], [1941, 1625], [1940, 1626], [1940, 1626], [1940, 1627], [1940, 1628], [1940, 1628], [1940, 1629], [1940, 1630], [1941, 1630], [1941, 1631], [1942, 1631], [1943, 1631], [1944, 1632], [1944, 1631], [1945, 1631], [1946, 1631], [1946, 1630], [1947, 1630], [1947, 1629], [1947, 1628], [1947, 1628]]]",04/16/2026 15:55,via
106,GND.png,"[[[2360, 1763], [2359, 1762], [2359, 1760], [2358, 1759], [2357, 1758], [2356, 1757], [2355, 1756], [2353, 1756], [2352, 1755], [2350, 1756], [2349, 1756], [2348, 1757], [2346, 1758], [2346, 1759], [2345, 1760], [2344, 1762], [2344, 1763], [2344, 1765], [2345, 1766], [2346, 1767], [2346, 1768], [2348, 1769], [2349, 1770], [2350, 1771], [2352, 1771], [2353, 1771], [2355, 1770], [2356, 1769], [2357, 1768], [2358, 1767], [2359, 1766], [2359, 1765], [2360, 1763]]]",04/16/2026 15:55,via
107,GND.png,"[[[1804, 865], [1803, 864], [1803, 862], [1802, 861], [1801, 860], [1800, 859], [1799, 858], [1797, 858], [1796, 858], [1794, 858], [1793, 858], [1792, 859], [1791, 860], [1790, 861], [1789, 862], [1788, 864], [1788, 865], [1788, 867], [1789, 868], [1790, 870], [1791, 871], [1792, 872], [1793, 872], [1794, 873], [1796, 873], [1797, 873], [1799, 872], [1800, 872], [1801, 871], [1802, 870], [1803, 868], [1803, 867], [1804, 865]]]",04/16/2026 15:55,via
108,GND.png,"[[[1847, 1107], [1847, 1106], [1847, 1105], [1847, 1105], [1846, 1104], [1846, 1104], [1845, 1103], [1844, 1103], [1843, 1103], [1843, 1103], [1842, 1103], [1841, 1104], [1841, 1104], [1840, 1105], [1840, 1105], [1840, 1106], [1840, 1107], [1840, 1108], [1840, 1108], [1840, 1109], [1841, 1110], [1841, 1110], [1842, 1110], [1843, 1111], [1843, 1111], [1844, 1111], [1845, 1110], [1846, 1110], [1846, 1110], [1847, 1109], [1847, 1108], [1847, 1108], [1847, 1107]]]",04/16/2026 15:55,via
109,GND.png,"[[[1884, 1140], [1884, 1139], [1884, 1138], [1883, 1138], [1883, 1137], [1882, 1137], [1882, 1136], [1881, 1136], [1880, 1136], [1880, 1136], [1879, 1136], [1878, 1137], [1878, 1137], [1877, 1138], [1877, 1138], [1877, 1139], [1876, 1140], [1877, 1140], [1877, 1141], [1877, 1142], [1878, 1142], [1878, 1143], [1879, 1143], [1880, 1143], [1880, 1144], [1881, 1143], [1882, 1143], [1882, 1143], [1883, 1142], [1883, 1142], [1884, 1141], [1884, 1140], [1884, 1140]]]",04/16/2026 15:55,via
110,GND.png,"[[[1884, 1107], [1884, 1106], [1884, 1105], [1884, 1105], [1883, 1104], [1883, 1104], [1882, 1103], [1881, 1103], [1880, 1103], [1880, 1103], [1879, 1103], [1878, 1104], [1878, 1104], [1877, 1105], [1877, 1105], [1877, 1106], [1877, 1107], [1877, 1108], [1877, 1108], [1877, 1109], [1878, 1110], [1878, 1110], [1879, 1110], [1880, 1111], [1880, 1111], [1881, 1111], [1882, 1110], [1883, 1110], [1883, 1110], [1884, 1109], [1884, 1108], [1884, 1108], [1884, 1107]]]",04/16/2026 15:55,via
111,GND.png,"[[[1884, 973], [1884, 973], [1884, 972], [1884, 971], [1883, 971], [1883, 970], [1882, 970], [1881, 970], [1880, 970], [1880, 970], [1879, 970], [1878, 970], [1878, 971], [1877, 971], [1877, 972], [1877, 973], [1877, 973], [1877, 974], [1877, 975], [1877, 976], [1878, 976], [1878, 977], [1879, 977], [1880, 977], [1880, 977], [1881, 977], [1882, 977], [1883, 977], [1883, 976], [1884, 976], [1884, 975], [1884, 974], [1884, 973]]]",04/16/2026 15:55,via
112,GND.png,"[[[1906, 1140], [1905, 1140], [1905, 1139], [1905, 1138], [1904, 1138], [1904, 1137], [1903, 1137], [1902, 1137], [1902, 1137], [1901, 1137], [1900, 1137], [1900, 1137], [1899, 1138], [1899, 1138], [1898, 1139], [1898, 1140], [1898, 1140], [1898, 1141], [1898, 1142], [1899, 1142], [1899, 1143], [1900, 1144], [1900, 1144], [1901, 1144], [1902, 1144], [1902, 1144], [1903, 1144], [1904, 1144], [1904, 1143], [1905, 1142], [1905, 1142], [1905, 1141], [1906, 1140]]]",04/16/2026 15:55,via
113,GND.png,"[[[1947, 1547], [1947, 1546], [1947, 1545], [1947, 1545], [1946, 1544], [1946, 1544], [1945, 1543], [1944, 1543], [1944, 1543], [1943, 1543], [1942, 1543], [1941, 1544], [1941, 1544], [1940, 1545], [1940, 1545], [1940, 1546], [1940, 1547], [1940, 1547], [1940, 1548], [1940, 1549], [1941, 1549], [1941, 1550], [1942, 1550], [1943, 1550], [1944, 1551], [1944, 1550], [1945, 1550], [1946, 1550], [1946, 1549], [1947, 1549], [1947, 1548], [1947, 1547], [1947, 1547]]]",04/16/2026 15:55,via
114,GND.png,"[[[1957, 982], [1957, 981], [1957, 980], [1957, 980], [1956, 979], [1955, 979], [1955, 978], [1954, 978], [1953, 978], [1953, 978], [1952, 978], [1951, 979], [1951, 979], [1950, 980], [1950, 980], [1950, 981], [1949, 982], [1950, 983], [1950, 983], [1950, 984], [1951, 985], [1951, 985], [1952, 985], [1953, 986], [1953, 986], [1954, 986], [1955, 985], [1955, 985], [1956, 985], [1957, 984], [1957, 983], [1957, 983], [1957, 982]]]",04/16/2026 15:55,via
115,GND.png,"[[[2004, 1546], [2004, 1545], [2004, 1545], [2003, 1544], [2003, 1543], [2002, 1543], [2002, 1543], [2001, 1542], [2000, 1542], [1999, 1542], [1999, 1543], [1998, 1543], [1997, 1543], [1997, 1544], [1997, 1545], [1996, 1545], [1996, 1546], [1996, 1547], [1997, 1548], [1997, 1548], [1997, 1549], [1998, 1549], [1999, 1550], [1999, 1550], [2000, 1550], [2001, 1550], [2002, 1550], [2002, 1549], [2003, 1549], [2003, 1548], [2004, 1548], [2004, 1547], [2004, 1546]]]",04/16/2026 15:55,via
116,GND.png,"[[[2013, 1272], [2013, 1271], [2012, 1270], [2011, 1268], [2011, 1267], [2009, 1266], [2008, 1265], [2007, 1265], [2005, 1265], [2004, 1265], [2002, 1265], [2001, 1266], [2000, 1267], [1999, 1268], [1998, 1270], [1998, 1271], [1997, 1272], [1998, 1274], [1998, 1275], [1999, 1277], [2000, 1278], [2001, 1279], [2002, 1280], [2004, 1280], [2005, 1280], [2007, 1280], [2008, 1280], [2009, 1279], [2011, 1278], [2011, 1277], [2012, 1275], [2013, 1274], [2013, 1272]]]",04/16/2026 15:55,via
117,GND.png,"[[[2099, 1548], [2099, 1547], [2099, 1547], [2098, 1546], [2098, 1545], [2097, 1545], [2097, 1544], [2096, 1544], [2095, 1544], [2094, 1544], [2094, 1544], [2093, 1545], [2092, 1545], [2092, 1546], [2092, 1547], [2091, 1547], [2091, 1548], [2091, 1549], [2092, 1549], [2092, 1550], [2092, 1551], [2093, 1551], [2094, 1552], [2094, 1552], [2095, 1552], [2096, 1552], [2097, 1552], [2097, 1551], [2098, 1551], [2098, 1550], [2099, 1549], [2099, 1549], [2099, 1548]]]",04/16/2026 15:55,via
118,GND.png,"[[[1504, 1961], [1504, 1960], [1504, 1960], [1504, 1959], [1503, 1959], [1503, 1958], [1502, 1958], [1502, 1958], [1501, 1958], [1501, 1958], [1500, 1958], [1500, 1958], [1500, 1959], [1499, 1959], [1499, 1960], [1499, 1960], [1499, 1961], [1499, 1961], [1499, 1962], [1499, 1962], [1500, 1962], [1500, 1963], [1500, 1963], [1501, 1963], [1501, 1963], [1502, 1963], [1502, 1963], [1503, 1963], [1503, 1962], [1504, 1962], [1504, 1962], [1504, 1961], [1504, 1961]]]",04/16/2026 15:55,via
119,GND.png,"[[[1738, 1936], [1738, 1935], [1738, 1935], [1738, 1935], [1737, 1934], [1737, 1934], [1736, 1934], [1736, 1933], [1735, 1933], [1735, 1933], [1735, 1934], [1734, 1934], [1734, 1934], [1733, 1935], [1733, 1935], [1733, 1935], [1733, 1936], [1733, 1936], [1733, 1937], [1733, 1937], [1734, 1938], [1734, 1938], [1735, 1938], [1735, 1938], [1735, 1939], [1736, 1938], [1736, 1938], [1737, 1938], [1737, 1938], [1738, 1937], [1738, 1937], [1738, 1936], [1738, 1936]]]",04/16/2026 15:55,via
120,GND.png,"[[[880, 1223], [880, 1222], [879, 1221], [879, 1221], [879, 1220], [878, 1220], [877, 1219], [877, 1219], [876, 1219], [875, 1219], [874, 1219], [874, 1220], [873, 1220], [873, 1221], [872, 1221], [872, 1222], [872, 1223], [872, 1224], [872, 1224], [873, 1225], [873, 1226], [874, 1226], [874, 1226], [875, 1227], [876, 1227], [877, 1227], [877, 1226], [878, 1226], [879, 1226], [879, 1225], [879, 1224], [880, 1224], [880, 1223]]]",04/16/2026 15:55,via
121,GND.png,"[[[488, 600], [488, 600], [487, 599], [487, 598], [487, 598], [486, 597], [485, 597], [485, 597], [484, 596], [483, 597], [482, 597], [482, 597], [481, 598], [480, 598], [480, 599], [480, 600], [480, 600], [480, 601], [480, 602], [480, 603], [481, 603], [482, 604], [482, 604], [483, 604], [484, 604], [485, 604], [485, 604], [486, 604], [487, 603], [487, 603], [487, 602], [488, 601], [488, 600]]]",04/16/2026 15:55,via
122,GND.png,"[[[1216, 1104], [1216, 1103], [1216, 1102], [1216, 1102], [1215, 1101], [1215, 1101], [1214, 1100], [1213, 1100], [1212, 1100], [1212, 1100], [1211, 1100], [1210, 1101], [1210, 1101], [1209, 1102], [1209, 1102], [1209, 1103], [1209, 1104], [1209, 1104], [1209, 1105], [1209, 1106], [1210, 1106], [1210, 1107], [1211, 1107], [1212, 1107], [1212, 1108], [1213, 1107], [1214, 1107], [1215, 1107], [1215, 1106], [1216, 1106], [1216, 1105], [1216, 1104], [1216, 1104]]]",04/16/2026 15:55,via
123,GND.png,"[[[2087, 539], [2087, 538], [2086, 537], [2086, 537], [2086, 536], [2085, 536], [2084, 535], [2083, 535], [2083, 535], [2082, 535], [2081, 535], [2081, 536], [2080, 536], [2079, 537], [2079, 537], [2079, 538], [2079, 539], [2079, 540], [2079, 540], [2079, 541], [2080, 542], [2081, 542], [2081, 543], [2082, 543], [2083, 543], [2083, 543], [2084, 543], [2085, 542], [2086, 542], [2086, 541], [2086, 540], [2087, 540], [2087, 539]]]",04/16/2026 15:55,via
124,GND.png,"[[[2362, 225], [2362, 224], [2362, 223], [2362, 223], [2361, 222], [2361, 221], [2360, 221], [2359, 221], [2358, 221], [2358, 221], [2357, 221], [2356, 221], [2356, 222], [2355, 223], [2355, 223], [2355, 224], [2354, 225], [2355, 226], [2355, 226], [2355, 227], [2356, 228], [2356, 228], [2357, 228], [2358, 229], [2358, 229], [2359, 229], [2360, 228], [2361, 228], [2361, 228], [2362, 227], [2362, 226], [2362, 226], [2362, 225]]]",04/16/2026 15:55,via
125,GND.png,"[[[1407, 1372], [1407, 1371], [1407, 1370], [1406, 1370], [1406, 1369], [1405, 1369], [1405, 1368], [1404, 1368], [1403, 1368], [1402, 1368], [1402, 1368], [1401, 1369], [1401, 1369], [1400, 1370], [1400, 1370], [1399, 1371], [1399, 1372], [1399, 1373], [1400, 1373], [1400, 1374], [1401, 1375], [1401, 1375], [1402, 1375], [1402, 1376], [1403, 1376], [1404, 1376], [1405, 1375], [1405, 1375], [1406, 1375], [1406, 1374], [1407, 1373], [1407, 1373], [1407, 1372]]]",04/16/2026 15:55,via
126,GND.png,"[[[705, 1047], [705, 1046], [705, 1045], [705, 1045], [704, 1044], [704, 1044], [703, 1043], [702, 1043], [702, 1043], [701, 1043], [700, 1043], [699, 1044], [699, 1044], [698, 1045], [698, 1045], [698, 1046], [698, 1047], [698, 1047], [698, 1048], [698, 1049], [699, 1049], [699, 1050], [700, 1050], [701, 1050], [702, 1051], [702, 1050], [703, 1050], [704, 1050], [704, 1049], [705, 1049], [705, 1048], [705, 1047], [705, 1047]]]",04/16/2026 15:55,via
127,GND.png,"[[[619, 1047], [619, 1047], [619, 1046], [618, 1045], [618, 1045], [617, 1044], [617, 1044], [616, 1044], [615, 1044], [614, 1044], [614, 1044], [613, 1044], [612, 1045], [612, 1045], [612, 1046], [611, 1047], [611, 1047], [611, 1048], [612, 1049], [612, 1049], [612, 1050], [613, 1051], [614, 1051], [614, 1051], [615, 1051], [616, 1051], [617, 1051], [617, 1051], [618, 1050], [618, 1049], [619, 1049], [619, 1048], [619, 1047]]]",04/16/2026 15:55,via
128,GND.png,"[[[2043, 538], [2043, 537], [2042, 536], [2042, 536], [2042, 535], [2041, 535], [2040, 534], [2040, 534], [2039, 534], [2038, 534], [2037, 534], [2037, 535], [2036, 535], [2035, 536], [2035, 536], [2035, 537], [2035, 538], [2035, 539], [2035, 539], [2035, 540], [2036, 541], [2037, 541], [2037, 542], [2038, 542], [2039, 542], [2040, 542], [2040, 542], [2041, 541], [2042, 541], [2042, 540], [2042, 539], [2043, 539], [2043, 538]]]",04/16/2026 15:55,via
129,GND.png,"[[[1538, 855], [1538, 855], [1537, 854], [1537, 853], [1537, 853], [1536, 852], [1535, 852], [1535, 852], [1534, 852], [1533, 852], [1532, 852], [1532, 852], [1531, 853], [1531, 853], [1530, 854], [1530, 855], [1530, 855], [1530, 856], [1530, 857], [1531, 858], [1531, 858], [1532, 859], [1532, 859], [1533, 859], [1534, 859], [1535, 859], [1535, 859], [1536, 859], [1537, 858], [1537, 858], [1537, 857], [1538, 856], [1538, 855]]]",04/16/2026 15:55,via
130,GND.png,"[[[1732, 1328], [1731, 1328], [1731, 1327], [1731, 1326], [1730, 1326], [1730, 1325], [1729, 1325], [1728, 1325], [1728, 1325], [1727, 1325], [1726, 1325], [1726, 1325], [1725, 1326], [1724, 1326], [1724, 1327], [1724, 1328], [1724, 1328], [1724, 1329], [1724, 1330], [1724, 1331], [1725, 1331], [1726, 1332], [1726, 1332], [1727, 1332], [1728, 1332], [1728, 1332], [1729, 1332], [1730, 1332], [1730, 1331], [1731, 1331], [1731, 1330], [1731, 1329], [1732, 1328]]]",04/16/2026 15:55,via
131,GND.png,"[[[1784, 1123], [1784, 1122], [1784, 1122], [1784, 1121], [1783, 1120], [1782, 1120], [1782, 1120], [1781, 1119], [1780, 1119], [1780, 1119], [1779, 1120], [1778, 1120], [1778, 1120], [1777, 1121], [1777, 1122], [1777, 1122], [1777, 1123], [1777, 1124], [1777, 1125], [1777, 1125], [1778, 1126], [1778, 1126], [1779, 1127], [1780, 1127], [1780, 1127], [1781, 1127], [1782, 1127], [1782, 1126], [1783, 1126], [1784, 1125], [1784, 1125], [1784, 1124], [1784, 1123]]]",04/16/2026 15:55,via
132,GND.png,"[[[1207, 1388], [1207, 1387], [1207, 1387], [1206, 1386], [1206, 1385], [1205, 1385], [1204, 1384], [1204, 1384], [1203, 1384], [1202, 1384], [1201, 1384], [1201, 1385], [1200, 1385], [1200, 1386], [1199, 1387], [1199, 1387], [1199, 1388], [1199, 1389], [1199, 1390], [1200, 1390], [1200, 1391], [1201, 1391], [1201, 1392], [1202, 1392], [1203, 1392], [1204, 1392], [1204, 1392], [1205, 1391], [1206, 1391], [1206, 1390], [1207, 1390], [1207, 1389], [1207, 1388]]]",04/16/2026 15:55,via
133,GND.png,"[[[1352, 979], [1352, 979], [1352, 978], [1352, 977], [1351, 977], [1351, 976], [1350, 976], [1349, 976], [1349, 976], [1348, 976], [1347, 976], [1346, 976], [1346, 977], [1345, 977], [1345, 978], [1345, 979], [1345, 979], [1345, 980], [1345, 981], [1345, 981], [1346, 982], [1346, 983], [1347, 983], [1348, 983], [1349, 983], [1349, 983], [1350, 983], [1351, 983], [1351, 982], [1352, 981], [1352, 981], [1352, 980], [1352, 979]]]",04/16/2026 15:55,via
134,GND.png,"[[[1572, 1578], [1572, 1577], [1572, 1577], [1571, 1576], [1571, 1575], [1570, 1575], [1570, 1575], [1569, 1574], [1568, 1574], [1567, 1574], [1567, 1575], [1566, 1575], [1565, 1575], [1565, 1576], [1564, 1577], [1564, 1577], [1564, 1578], [1564, 1579], [1564, 1580], [1565, 1580], [1565, 1581], [1566, 1581], [1567, 1582], [1567, 1582], [1568, 1582], [1569, 1582], [1570, 1582], [1570, 1581], [1571, 1581], [1571, 1580], [1572, 1580], [1572, 1579], [1572, 1578]]]",04/16/2026 15:55,via
135,GND.png,"[[[2108, 244], [2108, 243], [2108, 242], [2107, 241], [2107, 241], [2106, 240], [2106, 240], [2105, 240], [2104, 240], [2103, 240], [2103, 240], [2102, 240], [2101, 241], [2101, 241], [2101, 242], [2100, 243], [2100, 244], [2100, 244], [2101, 245], [2101, 246], [2101, 246], [2102, 247], [2103, 247], [2103, 247], [2104, 247], [2105, 247], [2106, 247], [2106, 247], [2107, 246], [2107, 246], [2108, 245], [2108, 244], [2108, 244]]]",04/16/2026 15:55,via
136,GND.png,"[[[2044, 231], [2044, 230], [2043, 229], [2043, 228], [2043, 228], [2042, 227], [2041, 227], [2041, 227], [2040, 227], [2039, 227], [2038, 227], [2038, 227], [2037, 228], [2037, 228], [2036, 229], [2036, 230], [2036, 231], [2036, 231], [2036, 232], [2037, 233], [2037, 233], [2038, 234], [2038, 234], [2039, 234], [2040, 235], [2041, 234], [2041, 234], [2042, 234], [2043, 233], [2043, 233], [2043, 232], [2044, 231], [2044, 231]]]",04/16/2026 15:55,via
137,GND.png,"[[[1928, 423], [1928, 422], [1928, 422], [1927, 422], [1927, 421], [1927, 421], [1926, 421], [1926, 420], [1925, 420], [1925, 420], [1924, 421], [1924, 421], [1924, 421], [1923, 422], [1923, 422], [1923, 422], [1923, 423], [1923, 423], [1923, 424], [1923, 424], [1924, 425], [1924, 425], [1924, 425], [1925, 425], [1925, 426], [1926, 425], [1926, 425], [1927, 425], [1927, 425], [1927, 424], [1928, 424], [1928, 423], [1928, 423]]]",04/16/2026 15:55,via
138,GND.png,"[[[1881, 396], [1880, 396], [1880, 395], [1880, 394], [1879, 394], [1879, 393], [1878, 393], [1877, 393], [1877, 392], [1876, 393], [1875, 393], [1874, 393], [1874, 394], [1873, 394], [1873, 395], [1873, 396], [1873, 396], [1873, 397], [1873, 398], [1873, 399], [1874, 399], [1874, 400], [1875, 400], [1876, 400], [1877, 400], [1877, 400], [1878, 400], [1879, 400], [1879, 399], [1880, 399], [1880, 398], [1880, 397], [1881, 396]]]",04/16/2026 15:55,via
139,GND.png,"[[[1813, 1838], [1813, 1837], [1813, 1837], [1812, 1836], [1812, 1836], [1812, 1835], [1811, 1835], [1811, 1835], [1810, 1835], [1810, 1835], [1809, 1835], [1809, 1835], [1808, 1836], [1808, 1836], [1808, 1837], [1808, 1837], [1808, 1838], [1808, 1838], [1808, 1839], [1808, 1839], [1808, 1839], [1809, 1840], [1809, 1840], [1810, 1840], [1810, 1840], [1811, 1840], [1811, 1840], [1812, 1840], [1812, 1839], [1812, 1839], [1813, 1839], [1813, 1838], [1813, 1838]]]",04/16/2026 15:55,via
140,GND.png,"[[[1468, 1836], [1468, 1836], [1468, 1835], [1468, 1835], [1467, 1834], [1467, 1834], [1467, 1834], [1466, 1834], [1466, 1834], [1465, 1834], [1465, 1834], [1464, 1834], [1464, 1834], [1464, 1835], [1463, 1835], [1463, 1836], [1463, 1836], [1463, 1837], [1463, 1837], [1464, 1838], [1464, 1838], [1464, 1838], [1465, 1839], [1465, 1839], [1466, 1839], [1466, 1839], [1467, 1839], [1467, 1838], [1467, 1838], [1468, 1838], [1468, 1837], [1468, 1837], [1468, 1836]]]",04/16/2026 15:55,via
141,GND.png,"[[[1486, 880], [1486, 880], [1486, 879], [1486, 879], [1486, 878], [1485, 878], [1485, 878], [1484, 878], [1484, 878], [1483, 878], [1483, 878], [1482, 878], [1482, 878], [1482, 879], [1481, 879], [1481, 880], [1481, 880], [1481, 881], [1481, 881], [1482, 882], [1482, 882], [1482, 882], [1483, 883], [1483, 883], [1484, 883], [1484, 883], [1485, 883], [1485, 882], [1486, 882], [1486, 882], [1486, 881], [1486, 881], [1486, 880]]]",04/16/2026 15:55,via
142,GND.png,"[[[1879, 563], [1879, 562], [1879, 562], [1879, 561], [1878, 561], [1878, 561], [1878, 561], [1877, 560], [1877, 560], [1876, 560], [1876, 561], [1875, 561], [1875, 561], [1874, 561], [1874, 562], [1874, 562], [1874, 563], [1874, 563], [1874, 564], [1874, 564], [1875, 565], [1875, 565], [1876, 565], [1876, 565], [1877, 565], [1877, 565], [1878, 565], [1878, 565], [1878, 565], [1879, 564], [1879, 564], [1879, 563], [1879, 563]]]",04/16/2026 15:55,via
143,GND.png,"[[[1673, 1445], [1673, 1444], [1673, 1444], [1672, 1443], [1672, 1442], [1671, 1442], [1671, 1441], [1670, 1441], [1669, 1441], [1668, 1441], [1668, 1441], [1667, 1442], [1666, 1442], [1666, 1443], [1666, 1444], [1665, 1444], [1665, 1445], [1665, 1446], [1666, 1446], [1666, 1447], [1666, 1448], [1667, 1448], [1668, 1449], [1668, 1449], [1669, 1449], [1670, 1449], [1671, 1449], [1671, 1448], [1672, 1448], [1672, 1447], [1673, 1446], [1673, 1446], [1673, 1445]]]",04/16/2026 15:55,via
144,GND.png,"[[[1614, 1444], [1614, 1444], [1614, 1443], [1614, 1442], [1613, 1442], [1613, 1441], [1612, 1441], [1611, 1441], [1611, 1441], [1610, 1441], [1609, 1441], [1609, 1441], [1608, 1442], [1607, 1442], [1607, 1443], [1607, 1444], [1607, 1444], [1607, 1445], [1607, 1446], [1607, 1447], [1608, 1447], [1609, 1448], [1609, 1448], [1610, 1448], [1611, 1448], [1611, 1448], [1612, 1448], [1613, 1448], [1613, 1447], [1614, 1447], [1614, 1446], [1614, 1445], [1614, 1444]]]",04/16/2026 15:55,via
145,GND.png,"[[[1618, 1699], [1618, 1698], [1617, 1697], [1617, 1697], [1616, 1696], [1616, 1696], [1615, 1695], [1614, 1695], [1614, 1695], [1613, 1695], [1612, 1695], [1612, 1696], [1611, 1696], [1611, 1697], [1610, 1697], [1610, 1698], [1610, 1699], [1610, 1700], [1610, 1700], [1611, 1701], [1611, 1701], [1612, 1702], [1612, 1702], [1613, 1703], [1614, 1703], [1614, 1703], [1615, 1702], [1616, 1702], [1616, 1701], [1617, 1701], [1617, 1700], [1618, 1700], [1618, 1699]]]",04/16/2026 15:55,via
146,GND.png,"[[[1450, 1659], [1450, 1659], [1450, 1658], [1449, 1657], [1449, 1657], [1448, 1656], [1448, 1656], [1447, 1656], [1446, 1656], [1445, 1656], [1445, 1656], [1444, 1656], [1443, 1657], [1443, 1657], [1443, 1658], [1442, 1659], [1442, 1659], [1442, 1660], [1443, 1661], [1443, 1662], [1443, 1662], [1444, 1663], [1445, 1663], [1445, 1663], [1446, 1663], [1447, 1663], [1448, 1663], [1448, 1663], [1449, 1662], [1449, 1662], [1450, 1661], [1450, 1660], [1450, 1659]]]",04/16/2026 15:55,via
147,GND.png,"[[[1534, 1578], [1533, 1577], [1533, 1577], [1533, 1576], [1532, 1575], [1532, 1575], [1531, 1575], [1530, 1574], [1530, 1574], [1529, 1574], [1528, 1575], [1528, 1575], [1527, 1575], [1526, 1576], [1526, 1577], [1526, 1577], [1526, 1578], [1526, 1579], [1526, 1580], [1526, 1580], [1527, 1581], [1528, 1581], [1528, 1582], [1529, 1582], [1530, 1582], [1530, 1582], [1531, 1582], [1532, 1581], [1532, 1581], [1533, 1580], [1533, 1580], [1533, 1579], [1534, 1578]]]",04/16/2026 15:55,via
148,GND.png,"[[[938, 1968], [938, 1967], [938, 1967], [938, 1966], [937, 1966], [937, 1965], [936, 1965], [935, 1964], [934, 1964], [934, 1964], [933, 1965], [932, 1965], [932, 1966], [931, 1966], [931, 1967], [931, 1967], [931, 1968], [931, 1969], [931, 1970], [931, 1970], [932, 1971], [932, 1971], [933, 1972], [934, 1972], [934, 1972], [935, 1972], [936, 1972], [937, 1971], [937, 1971], [938, 1970], [938, 1970], [938, 1969], [938, 1968]]]",04/16/2026 15:55,via
149,GND.png,"[[[1068, 1848], [1068, 1847], [1067, 1846], [1067, 1846], [1067, 1845], [1066, 1845], [1065, 1844], [1065, 1844], [1064, 1844], [1063, 1844], [1062, 1844], [1062, 1845], [1061, 1845], [1061, 1846], [1060, 1846], [1060, 1847], [1060, 1848], [1060, 1849], [1060, 1849], [1061, 1850], [1061, 1851], [1062, 1851], [1062, 1851], [1063, 1852], [1064, 1852], [1065, 1852], [1065, 1851], [1066, 1851], [1067, 1851], [1067, 1850], [1067, 1849], [1068, 1849], [1068, 1848]]]",04/16/2026 15:55,via
150,GND.png,"[[[841, 1224], [841, 1223], [841, 1222], [841, 1221], [840, 1221], [840, 1220], [839, 1220], [838, 1220], [837, 1220], [837, 1220], [836, 1220], [835, 1220], [835, 1221], [834, 1221], [834, 1222], [833, 1223], [833, 1224], [833, 1224], [834, 1225], [834, 1226], [835, 1226], [835, 1227], [836, 1227], [837, 1227], [837, 1227], [838, 1227], [839, 1227], [840, 1227], [840, 1226], [841, 1226], [841, 1225], [841, 1224], [841, 1224]]]",04/16/2026 15:55,via
151,GND.png,"[[[1204, 1296], [1204, 1295], [1204, 1295], [1204, 1294], [1203, 1293], [1203, 1293], [1202, 1292], [1201, 1292], [1200, 1292], [1200, 1292], [1199, 1292], [1198, 1293], [1198, 1293], [1197, 1294], [1197, 1295], [1196, 1295], [1196, 1296], [1196, 1297], [1197, 1298], [1197, 1298], [1198, 1299], [1198, 1299], [1199, 1300], [1200, 1300], [1200, 1300], [1201, 1300], [1202, 1300], [1203, 1299], [1203, 1299], [1204, 1298], [1204, 1298], [1204, 1297], [1204, 1296]]]",04/16/2026 15:55,via
152,GND.png,"[[[1241, 1232], [1241, 1231], [1240, 1230], [1240, 1230], [1240, 1229], [1239, 1229], [1238, 1228], [1238, 1228], [1237, 1228], [1236, 1228], [1235, 1228], [1235, 1229], [1234, 1229], [1233, 1230], [1233, 1230], [1233, 1231], [1233, 1232], [1233, 1233], [1233, 1233], [1233, 1234], [1234, 1235], [1235, 1235], [1235, 1236], [1236, 1236], [1237, 1236], [1238, 1236], [1238, 1236], [1239, 1235], [1240, 1235], [1240, 1234], [1240, 1233], [1241, 1233], [1241, 1232]]]",04/16/2026 15:55,via
153,GND.png,"[[[1372, 1806], [1372, 1805], [1372, 1805], [1372, 1804], [1371, 1804], [1371, 1804], [1370, 1803], [1370, 1803], [1369, 1803], [1369, 1803], [1368, 1803], [1368, 1804], [1368, 1804], [1367, 1804], [1367, 1805], [1367, 1805], [1367, 1806], [1367, 1806], [1367, 1807], [1367, 1807], [1368, 1808], [1368, 1808], [1368, 1808], [1369, 1808], [1369, 1808], [1370, 1808], [1370, 1808], [1371, 1808], [1371, 1808], [1372, 1807], [1372, 1807], [1372, 1806], [1372, 1806]]]",04/16/2026 15:55,via
154,GND.png,"[[[1380, 1514], [1380, 1514], [1380, 1513], [1380, 1512], [1379, 1512], [1379, 1511], [1378, 1511], [1377, 1511], [1377, 1511], [1376, 1511], [1375, 1511], [1374, 1511], [1374, 1512], [1373, 1512], [1373, 1513], [1373, 1514], [1373, 1514], [1373, 1515], [1373, 1516], [1373, 1516], [1374, 1517], [1374, 1518], [1375, 1518], [1376, 1518], [1377, 1518], [1377, 1518], [1378, 1518], [1379, 1518], [1379, 1517], [1380, 1516], [1380, 1516], [1380, 1515], [1380, 1514]]]",04/16/2026 15:55,via
155,GND.png,"[[[1437, 1513], [1437, 1512], [1437, 1512], [1436, 1511], [1436, 1510], [1435, 1510], [1435, 1509], [1434, 1509], [1433, 1509], [1432, 1509], [1432, 1509], [1431, 1510], [1430, 1510], [1430, 1511], [1430, 1512], [1429, 1512], [1429, 1513], [1429, 1514], [1430, 1514], [1430, 1515], [1430, 1516], [1431, 1516], [1432, 1517], [1432, 1517], [1433, 1517], [1434, 1517], [1435, 1517], [1435, 1516], [1436, 1516], [1436, 1515], [1437, 1514], [1437, 1514], [1437, 1513]]]",04/16/2026 15:55,via
156,GND.png,"[[[1497, 1516], [1497, 1515], [1496, 1514], [1496, 1513], [1496, 1513], [1495, 1512], [1494, 1512], [1494, 1512], [1493, 1512], [1492, 1512], [1491, 1512], [1491, 1512], [1490, 1513], [1490, 1513], [1489, 1514], [1489, 1515], [1489, 1516], [1489, 1516], [1489, 1517], [1490, 1518], [1490, 1518], [1491, 1519], [1491, 1519], [1492, 1519], [1493, 1519], [1494, 1519], [1494, 1519], [1495, 1519], [1496, 1518], [1496, 1518], [1496, 1517], [1497, 1516], [1497, 1516]]]",04/16/2026 15:55,via
157,GND.png,"[[[811, 966], [811, 966], [811, 965], [810, 964], [810, 964], [809, 963], [808, 963], [808, 962], [807, 962], [806, 962], [805, 963], [805, 963], [804, 964], [804, 964], [803, 965], [803, 966], [803, 966], [803, 967], [803, 968], [804, 969], [804, 969], [805, 970], [805, 970], [806, 970], [807, 970], [808, 970], [808, 970], [809, 970], [810, 969], [810, 969], [811, 968], [811, 967], [811, 966]]]",04/16/2026 15:55,via
158,GND.png,"[[[511, 731], [511, 730], [511, 730], [510, 729], [510, 728], [509, 728], [509, 728], [508, 727], [507, 727], [506, 727], [506, 728], [505, 728], [504, 728], [504, 729], [504, 730], [503, 730], [503, 731], [503, 732], [504, 733], [504, 733], [504, 734], [505, 735], [506, 735], [506, 735], [507, 735], [508, 735], [509, 735], [509, 735], [510, 734], [510, 733], [511, 733], [511, 732], [511, 731]]]",04/16/2026 15:55,via
159,GND.png,"[[[860, 912], [860, 911], [860, 910], [860, 910], [859, 909], [859, 909], [858, 908], [857, 908], [856, 908], [856, 908], [855, 908], [854, 909], [854, 909], [853, 910], [853, 910], [852, 911], [852, 912], [852, 913], [853, 913], [853, 914], [854, 915], [854, 915], [855, 916], [856, 916], [856, 916], [857, 916], [858, 916], [859, 915], [859, 915], [860, 914], [860, 913], [860, 913], [860, 912]]]",04/16/2026 15:55,via
160,GND.png,"[[[860, 885], [860, 885], [860, 884], [860, 883], [859, 883], [859, 882], [858, 882], [857, 882], [856, 881], [856, 882], [855, 882], [854, 882], [854, 883], [853, 883], [853, 884], [852, 885], [852, 885], [852, 886], [853, 887], [853, 888], [854, 888], [854, 889], [855, 889], [856, 889], [856, 889], [857, 889], [858, 889], [859, 889], [859, 888], [860, 888], [860, 887], [860, 886], [860, 885]]]",04/16/2026 15:55,via
161,GND.png,"[[[588, 685], [588, 684], [588, 683], [587, 682], [587, 682], [586, 681], [585, 681], [585, 681], [584, 681], [583, 681], [582, 681], [582, 681], [581, 682], [581, 682], [580, 683], [580, 684], [580, 685], [580, 685], [580, 686], [581, 687], [581, 687], [582, 688], [582, 688], [583, 689], [584, 689], [585, 689], [585, 688], [586, 688], [587, 687], [587, 687], [588, 686], [588, 685], [588, 685]]]",04/16/2026 15:55,via
162,GND.png,"[[[583, 600], [583, 600], [582, 599], [582, 598], [582, 598], [581, 597], [580, 597], [579, 597], [579, 596], [578, 597], [577, 597], [577, 597], [576, 598], [575, 598], [575, 599], [575, 600], [575, 600], [575, 601], [575, 602], [575, 603], [576, 603], [577, 604], [577, 604], [578, 604], [579, 604], [579, 604], [580, 604], [581, 604], [582, 603], [582, 603], [582, 602], [583, 601], [583, 600]]]",04/16/2026 15:55,via
163,GND.png,"[[[1069, 297], [1069, 296], [1069, 295], [1068, 294], [1068, 294], [1067, 293], [1067, 293], [1066, 293], [1065, 293], [1064, 293], [1064, 293], [1063, 293], [1062, 294], [1062, 294], [1061, 295], [1061, 296], [1061, 297], [1061, 297], [1061, 298], [1062, 299], [1062, 299], [1063, 300], [1064, 300], [1064, 301], [1065, 301], [1066, 301], [1067, 300], [1067, 300], [1068, 299], [1068, 299], [1069, 298], [1069, 297], [1069, 297]]]",04/16/2026 15:55,via
164,GND.png,"[[[1233, 814], [1233, 813], [1233, 812], [1232, 811], [1232, 811], [1231, 810], [1230, 810], [1230, 810], [1229, 810], [1228, 810], [1227, 810], [1227, 810], [1226, 811], [1226, 811], [1225, 812], [1225, 813], [1225, 814], [1225, 814], [1225, 815], [1226, 816], [1226, 816], [1227, 817], [1227, 817], [1228, 817], [1229, 817], [1230, 817], [1230, 817], [1231, 817], [1232, 816], [1232, 816], [1233, 815], [1233, 814], [1233, 814]]]",04/16/2026 15:55,via
165,GND.png,"[[[1294, 755], [1294, 754], [1294, 753], [1293, 752], [1293, 752], [1292, 751], [1292, 751], [1291, 751], [1290, 751], [1289, 751], [1289, 751], [1288, 751], [1287, 752], [1287, 752], [1287, 753], [1286, 754], [1286, 755], [1286, 755], [1287, 756], [1287, 757], [1287, 757], [1288, 758], [1289, 758], [1289, 758], [1290, 758], [1291, 758], [1292, 758], [1292, 758], [1293, 757], [1293, 757], [1294, 756], [1294, 755], [1294, 755]]]",04/16/2026 15:55,via
166,GND.png,"[[[1486, 666], [1486, 666], [1485, 665], [1485, 664], [1485, 664], [1484, 663], [1483, 663], [1483, 663], [1482, 663], [1481, 663], [1480, 663], [1480, 663], [1479, 664], [1479, 664], [1478, 665], [1478, 666], [1478, 666], [1478, 667], [1478, 668], [1479, 669], [1479, 669], [1480, 670], [1480, 670], [1481, 670], [1482, 670], [1483, 670], [1483, 670], [1484, 670], [1485, 669], [1485, 669], [1485, 668], [1486, 667], [1486, 666]]]",04/16/2026 15:55,via
167,GND.png,"[[[1076, 120], [1076, 119], [1076, 118], [1076, 118], [1075, 117], [1074, 117], [1074, 116], [1073, 116], [1072, 116], [1071, 116], [1071, 116], [1070, 117], [1069, 117], [1069, 118], [1069, 118], [1068, 119], [1068, 120], [1068, 121], [1069, 121], [1069, 122], [1069, 123], [1070, 123], [1071, 123], [1071, 124], [1072, 124], [1073, 124], [1074, 123], [1074, 123], [1075, 123], [1076, 122], [1076, 121], [1076, 121], [1076, 120]]]",04/16/2026 15:55,via
168,GND.png,"[[[1353, 233], [1352, 232], [1352, 232], [1352, 231], [1351, 230], [1351, 230], [1350, 230], [1349, 229], [1349, 229], [1348, 229], [1347, 230], [1346, 230], [1346, 230], [1345, 231], [1345, 232], [1345, 232], [1345, 233], [1345, 234], [1345, 235], [1345, 235], [1346, 236], [1346, 236], [1347, 237], [1348, 237], [1349, 237], [1349, 237], [1350, 237], [1351, 236], [1351, 236], [1352, 235], [1352, 235], [1352, 234], [1353, 233]]]",04/16/2026 15:55,via
169,GND.png,"[[[1507, 138], [1507, 137], [1506, 137], [1506, 136], [1506, 135], [1505, 135], [1504, 135], [1503, 134], [1503, 134], [1502, 134], [1501, 135], [1501, 135], [1500, 135], [1499, 136], [1499, 137], [1499, 137], [1499, 138], [1499, 139], [1499, 140], [1499, 140], [1500, 141], [1501, 142], [1501, 142], [1502, 142], [1503, 142], [1503, 142], [1504, 142], [1505, 142], [1506, 141], [1506, 140], [1506, 140], [1507, 139], [1507, 138]]]",04/16/2026 15:55,via
170,GND.png,"[[[1353, 62], [1353, 61], [1353, 61], [1353, 60], [1352, 59], [1351, 59], [1351, 59], [1350, 58], [1349, 58], [1348, 58], [1348, 59], [1347, 59], [1346, 59], [1346, 60], [1346, 61], [1345, 61], [1345, 62], [1345, 63], [1346, 64], [1346, 64], [1346, 65], [1347, 65], [1348, 66], [1348, 66], [1349, 66], [1350, 66], [1351, 66], [1351, 65], [1352, 65], [1353, 64], [1353, 64], [1353, 63], [1353, 62]]]",04/16/2026 15:55,via
171,GND.png,"[[[1518, 1911], [1518, 1910], [1518, 1910], [1518, 1909], [1518, 1909], [1517, 1909], [1517, 1908], [1516, 1908], [1516, 1908], [1515, 1908], [1515, 1908], [1514, 1909], [1514, 1909], [1514, 1909], [1513, 1910], [1513, 1910], [1513, 1911], [1513, 1911], [1513, 1912], [1514, 1912], [1514, 1913], [1514, 1913], [1515, 1913], [1515, 1913], [1516, 1913], [1516, 1913], [1517, 1913], [1517, 1913], [1518, 1913], [1518, 1912], [1518, 1912], [1518, 1911], [1518, 1911]]]",04/16/2026 15:55,via
172,GND.png,"[[[1619, 1935], [1619, 1934], [1619, 1934], [1619, 1933], [1618, 1933], [1618, 1933], [1617, 1932], [1617, 1932], [1616, 1932], [1616, 1932], [1616, 1932], [1615, 1933], [1615, 1933], [1614, 1933], [1614, 1934], [1614, 1934], [1614, 1935], [1614, 1935], [1614, 1936], [1614, 1936], [1615, 1936], [1615, 1937], [1616, 1937], [1616, 1937], [1616, 1937], [1617, 1937], [1617, 1937], [1618, 1937], [1618, 1936], [1619, 1936], [1619, 1936], [1619, 1935], [1619, 1935]]]",04/16/2026 15:55,via
173,GND.png,"[[[1732, 1369], [1732, 1368], [1732, 1368], [1732, 1367], [1731, 1367], [1730, 1366], [1730, 1366], [1729, 1365], [1728, 1365], [1728, 1365], [1727, 1366], [1726, 1366], [1726, 1367], [1725, 1367], [1725, 1368], [1725, 1368], [1724, 1369], [1725, 1370], [1725, 1371], [1725, 1371], [1726, 1372], [1726, 1372], [1727, 1373], [1728, 1373], [1728, 1373], [1729, 1373], [1730, 1373], [1730, 1372], [1731, 1372], [1732, 1371], [1732, 1371], [1732, 1370], [1732, 1369]]]",04/16/2026 15:55,via
174,GND.png,"[[[1752, 1200], [1752, 1199], [1752, 1199], [1752, 1198], [1751, 1197], [1751, 1197], [1750, 1197], [1749, 1196], [1748, 1196], [1748, 1196], [1747, 1197], [1746, 1197], [1746, 1197], [1745, 1198], [1745, 1199], [1745, 1199], [1745, 1200], [1745, 1201], [1745, 1202], [1745, 1202], [1746, 1203], [1746, 1203], [1747, 1204], [1748, 1204], [1748, 1204], [1749, 1204], [1750, 1204], [1751, 1203], [1751, 1203], [1752, 1202], [1752, 1202], [1752, 1201], [1752, 1200]]]",04/16/2026 15:55,via
175,GND.png,"[[[1538, 666], [1538, 666], [1537, 665], [1537, 664], [1537, 664], [1536, 663], [1535, 663], [1535, 663], [1534, 663], [1533, 663], [1532, 663], [1532, 663], [1531, 664], [1531, 664], [1530, 665], [1530, 666], [1530, 666], [1530, 667], [1530, 668], [1531, 669], [1531, 669], [1532, 670], [1532, 670], [1533, 670], [1534, 670], [1535, 670], [1535, 670], [1536, 670], [1537, 669], [1537, 669], [1537, 668], [1538, 667], [1538, 666]]]",04/16/2026 15:55,via
176,GND.png,"[[[1590, 666], [1590, 666], [1590, 665], [1590, 664], [1589, 664], [1589, 663], [1588, 663], [1587, 663], [1587, 663], [1586, 663], [1585, 663], [1584, 663], [1584, 664], [1583, 664], [1583, 665], [1583, 666], [1583, 666], [1583, 667], [1583, 668], [1583, 669], [1584, 669], [1584, 670], [1585, 670], [1586, 670], [1587, 670], [1587, 670], [1588, 670], [1589, 670], [1589, 669], [1590, 669], [1590, 668], [1590, 667], [1590, 666]]]",04/16/2026 15:55,via
177,GND.png,"[[[1511, 315], [1511, 314], [1511, 314], [1511, 313], [1510, 312], [1509, 312], [1509, 311], [1508, 311], [1507, 311], [1506, 311], [1506, 311], [1505, 312], [1504, 312], [1504, 313], [1504, 314], [1503, 314], [1503, 315], [1503, 316], [1504, 317], [1504, 317], [1504, 318], [1505, 318], [1506, 319], [1506, 319], [1507, 319], [1508, 319], [1509, 319], [1509, 318], [1510, 318], [1511, 317], [1511, 317], [1511, 316], [1511, 315]]]",04/16/2026 15:55,via
178,GND.png,"[[[1657, 316], [1657, 316], [1657, 315], [1656, 314], [1656, 314], [1655, 313], [1654, 313], [1654, 312], [1653, 312], [1652, 312], [1651, 313], [1651, 313], [1650, 314], [1650, 314], [1649, 315], [1649, 316], [1649, 316], [1649, 317], [1649, 318], [1650, 319], [1650, 319], [1651, 320], [1651, 320], [1652, 320], [1653, 320], [1654, 320], [1654, 320], [1655, 320], [1656, 319], [1656, 319], [1657, 318], [1657, 317], [1657, 316]]]",04/16/2026 15:55,via
179,GND.png,"[[[1806, 324], [1806, 323], [1806, 322], [1806, 322], [1805, 321], [1805, 321], [1804, 320], [1803, 320], [1802, 320], [1802, 320], [1801, 320], [1800, 321], [1800, 321], [1799, 322], [1799, 322], [1799, 323], [1798, 324], [1799, 325], [1799, 325], [1799, 326], [1800, 327], [1800, 327], [1801, 328], [1802, 328], [1802, 328], [1803, 328], [1804, 328], [1805, 327], [1805, 327], [1806, 326], [1806, 325], [1806, 325], [1806, 324]]]",04/16/2026 15:55,via
180,GND.png,"[[[1705, 300], [1705, 300], [1705, 299], [1705, 298], [1704, 298], [1704, 297], [1703, 297], [1702, 297], [1701, 296], [1701, 297], [1700, 297], [1699, 297], [1699, 298], [1698, 298], [1698, 299], [1697, 300], [1697, 300], [1697, 301], [1698, 302], [1698, 303], [1699, 303], [1699, 304], [1700, 304], [1701, 304], [1701, 304], [1702, 304], [1703, 304], [1704, 304], [1704, 303], [1705, 303], [1705, 302], [1705, 301], [1705, 300]]]",04/16/2026 15:55,via
181,GND.png,"[[[1806, 297], [1806, 297], [1806, 296], [1806, 295], [1805, 295], [1805, 294], [1804, 294], [1803, 293], [1802, 293], [1802, 293], [1801, 294], [1800, 294], [1800, 295], [1799, 295], [1799, 296], [1799, 297], [1798, 297], [1799, 298], [1799, 299], [1799, 299], [1800, 300], [1800, 301], [1801, 301], [1802, 301], [1802, 301], [1803, 301], [1804, 301], [1805, 301], [1805, 300], [1806, 299], [1806, 299], [1806, 298], [1806, 297]]]",04/16/2026 15:55,via
182,GND.png,"[[[1835, 297], [1835, 297], [1835, 296], [1834, 295], [1834, 295], [1833, 294], [1833, 294], [1832, 293], [1831, 293], [1830, 293], [1830, 294], [1829, 294], [1828, 295], [1828, 295], [1827, 296], [1827, 297], [1827, 297], [1827, 298], [1827, 299], [1828, 299], [1828, 300], [1829, 301], [1830, 301], [1830, 301], [1831, 301], [1832, 301], [1833, 301], [1833, 301], [1834, 300], [1834, 299], [1835, 299], [1835, 298], [1835, 297]]]",04/16/2026 15:55,via
183,GND.png,"[[[1585, 237], [1585, 236], [1585, 235], [1585, 234], [1584, 234], [1584, 233], [1583, 233], [1582, 233], [1581, 233], [1581, 233], [1580, 233], [1579, 233], [1579, 234], [1578, 234], [1578, 235], [1577, 236], [1577, 237], [1577, 237], [1578, 238], [1578, 239], [1579, 239], [1579, 240], [1580, 240], [1581, 241], [1581, 241], [1582, 241], [1583, 240], [1584, 240], [1584, 239], [1585, 239], [1585, 238], [1585, 237], [1585, 237]]]",04/16/2026 15:55,via
184,GND.png,"[[[1671, 138], [1670, 137], [1670, 136], [1670, 135], [1669, 135], [1669, 134], [1668, 134], [1667, 134], [1667, 134], [1666, 134], [1665, 134], [1664, 134], [1664, 135], [1663, 135], [1663, 136], [1663, 137], [1663, 138], [1663, 138], [1663, 139], [1663, 140], [1664, 140], [1664, 141], [1665, 141], [1666, 141], [1667, 142], [1667, 141], [1668, 141], [1669, 141], [1669, 140], [1670, 140], [1670, 139], [1670, 138], [1671, 138]]]",04/16/2026 15:55,via
185,GND.png,"[[[1806, 272], [1806, 271], [1806, 271], [1806, 270], [1805, 269], [1805, 269], [1804, 268], [1803, 268], [1802, 268], [1802, 268], [1801, 268], [1800, 269], [1800, 269], [1799, 270], [1799, 271], [1799, 271], [1798, 272], [1799, 273], [1799, 274], [1799, 274], [1800, 275], [1800, 275], [1801, 276], [1802, 276], [1802, 276], [1803, 276], [1804, 276], [1805, 275], [1805, 275], [1806, 274], [1806, 274], [1806, 273], [1806, 272]]]",04/16/2026 15:55,via
186,GND.png,"[[[1834, 272], [1834, 271], [1834, 271], [1834, 270], [1833, 269], [1833, 269], [1832, 268], [1831, 268], [1830, 268], [1830, 268], [1829, 268], [1828, 269], [1828, 269], [1827, 270], [1827, 271], [1827, 271], [1826, 272], [1827, 273], [1827, 274], [1827, 274], [1828, 275], [1828, 275], [1829, 276], [1830, 276], [1830, 276], [1831, 276], [1832, 276], [1833, 275], [1833, 275], [1834, 274], [1834, 274], [1834, 273], [1834, 272]]]",04/16/2026 15:55,via
187,GND.png,"[[[1806, 218], [1806, 218], [1806, 217], [1806, 216], [1805, 215], [1805, 215], [1804, 215], [1803, 214], [1802, 214], [1802, 214], [1801, 215], [1800, 215], [1800, 215], [1799, 216], [1799, 217], [1799, 218], [1798, 218], [1799, 219], [1799, 220], [1799, 220], [1800, 221], [1800, 222], [1801, 222], [1802, 222], [1802, 222], [1803, 222], [1804, 222], [1805, 222], [1805, 221], [1806, 220], [1806, 220], [1806, 219], [1806, 218]]]",04/16/2026 15:55,via
188,GND.png,"[[[1834, 245], [1834, 244], [1834, 243], [1834, 243], [1833, 242], [1833, 242], [1832, 241], [1831, 241], [1830, 241], [1830, 241], [1829, 241], [1828, 242], [1828, 242], [1827, 243], [1827, 243], [1827, 244], [1826, 245], [1827, 246], [1827, 246], [1827, 247], [1828, 248], [1828, 248], [1829, 248], [1830, 249], [1830, 249], [1831, 249], [1832, 248], [1833, 248], [1833, 248], [1834, 247], [1834, 246], [1834, 246], [1834, 245]]]",04/16/2026 15:55,via
189,GND.png,"[[[1806, 244], [1806, 243], [1806, 243], [1806, 242], [1805, 241], [1805, 241], [1804, 241], [1803, 240], [1802, 240], [1802, 240], [1801, 241], [1800, 241], [1800, 241], [1799, 242], [1799, 243], [1799, 243], [1798, 244], [1799, 245], [1799, 246], [1799, 246], [1800, 247], [1800, 247], [1801, 248], [1802, 248], [1802, 248], [1803, 248], [1804, 248], [1805, 247], [1805, 247], [1806, 246], [1806, 246], [1806, 245], [1806, 244]]]",04/16/2026 15:55,via
190,GND.png,"[[[1834, 218], [1834, 218], [1833, 217], [1833, 216], [1833, 215], [1832, 215], [1831, 215], [1831, 214], [1830, 214], [1829, 214], [1828, 215], [1828, 215], [1827, 215], [1826, 216], [1826, 217], [1826, 218], [1826, 218], [1826, 219], [1826, 220], [1826, 220], [1827, 221], [1828, 222], [1828, 222], [1829, 222], [1830, 222], [1831, 222], [1831, 222], [1832, 222], [1833, 221], [1833, 220], [1833, 220], [1834, 219], [1834, 218]]]",04/16/2026 15:55,via
191,GND.png,"[[[1864, 272], [1864, 271], [1864, 271], [1864, 270], [1863, 269], [1863, 269], [1862, 268], [1861, 268], [1860, 268], [1860, 268], [1859, 268], [1858, 269], [1858, 269], [1857, 270], [1857, 271], [1856, 271], [1856, 272], [1856, 273], [1857, 274], [1857, 274], [1858, 275], [1858, 275], [1859, 276], [1860, 276], [1860, 276], [1861, 276], [1862, 276], [1863, 275], [1863, 275], [1864, 274], [1864, 274], [1864, 273], [1864, 272]]]",04/16/2026 15:55,via
192,GND.png,"[[[1894, 272], [1893, 271], [1893, 271], [1893, 270], [1892, 269], [1892, 269], [1891, 268], [1890, 268], [1890, 268], [1889, 268], [1888, 268], [1887, 269], [1887, 269], [1886, 270], [1886, 271], [1886, 271], [1886, 272], [1886, 273], [1886, 274], [1886, 274], [1887, 275], [1887, 275], [1888, 276], [1889, 276], [1890, 276], [1890, 276], [1891, 276], [1892, 275], [1892, 275], [1893, 274], [1893, 274], [1893, 273], [1894, 272]]]",04/16/2026 15:55,via
193,GND.png,"[[[2132, 268], [2131, 267], [2131, 267], [2131, 266], [2130, 265], [2130, 265], [2129, 265], [2128, 264], [2128, 264], [2127, 264], [2126, 265], [2125, 265], [2125, 265], [2124, 266], [2124, 267], [2124, 267], [2124, 268], [2124, 269], [2124, 270], [2124, 270], [2125, 271], [2125, 271], [2126, 272], [2127, 272], [2128, 272], [2128, 272], [2129, 272], [2130, 271], [2130, 271], [2131, 270], [2131, 270], [2131, 269], [2132, 268]]]",04/16/2026 15:55,via
194,GND.png,"[[[2132, 326], [2132, 325], [2132, 324], [2132, 324], [2131, 323], [2130, 323], [2130, 322], [2129, 322], [2128, 322], [2127, 322], [2127, 322], [2126, 323], [2125, 323], [2125, 324], [2125, 324], [2124, 325], [2124, 326], [2124, 327], [2125, 327], [2125, 328], [2125, 329], [2126, 329], [2127, 329], [2127, 330], [2128, 330], [2129, 330], [2130, 329], [2130, 329], [2131, 329], [2132, 328], [2132, 327], [2132, 327], [2132, 326]]]",04/16/2026 15:55,via
195,GND.png,"[[[2210, 297], [2210, 297], [2210, 296], [2210, 295], [2209, 295], [2208, 294], [2208, 294], [2207, 293], [2206, 293], [2205, 293], [2205, 294], [2204, 294], [2203, 295], [2203, 295], [2203, 296], [2202, 297], [2202, 297], [2202, 298], [2203, 299], [2203, 299], [2203, 300], [2204, 301], [2205, 301], [2205, 301], [2206, 301], [2207, 301], [2208, 301], [2208, 301], [2209, 300], [2210, 299], [2210, 299], [2210, 298], [2210, 297]]]",04/16/2026 15:55,via
196,GND.png,"[[[2132, 297], [2131, 296], [2131, 295], [2131, 294], [2130, 294], [2130, 293], [2129, 293], [2128, 293], [2128, 293], [2127, 293], [2126, 293], [2125, 293], [2125, 294], [2124, 294], [2124, 295], [2124, 296], [2124, 297], [2124, 297], [2124, 298], [2124, 299], [2125, 299], [2125, 300], [2126, 300], [2127, 301], [2128, 301], [2128, 301], [2129, 300], [2130, 300], [2130, 299], [2131, 299], [2131, 298], [2131, 297], [2132, 297]]]",04/16/2026 15:55,via
197,GND.png,"[[[2158, 268], [2157, 267], [2157, 267], [2157, 266], [2156, 265], [2156, 265], [2155, 265], [2154, 264], [2154, 264], [2153, 264], [2152, 265], [2151, 265], [2151, 265], [2150, 266], [2150, 267], [2150, 267], [2150, 268], [2150, 269], [2150, 270], [2150, 270], [2151, 271], [2151, 271], [2152, 272], [2153, 272], [2154, 272], [2154, 272], [2155, 272], [2156, 271], [2156, 271], [2157, 270], [2157, 270], [2157, 269], [2158, 268]]]",04/16/2026 15:55,via
198,GND.png,"[[[2185, 297], [2185, 297], [2185, 296], [2184, 295], [2184, 295], [2183, 294], [2182, 294], [2182, 293], [2181, 293], [2180, 293], [2179, 294], [2179, 294], [2178, 295], [2178, 295], [2177, 296], [2177, 297], [2177, 297], [2177, 298], [2177, 299], [2178, 299], [2178, 300], [2179, 301], [2179, 301], [2180, 301], [2181, 301], [2182, 301], [2182, 301], [2183, 301], [2184, 300], [2184, 299], [2185, 299], [2185, 298], [2185, 297]]]",04/16/2026 15:55,via
199,GND.png,"[[[2158, 297], [2157, 296], [2157, 295], [2157, 294], [2156, 294], [2156, 293], [2155, 293], [2154, 293], [2154, 293], [2153, 293], [2152, 293], [2151, 293], [2151, 294], [2150, 294], [2150, 295], [2150, 296], [2150, 297], [2150, 297], [2150, 298], [2150, 299], [2151, 299], [2151, 300], [2152, 300], [2153, 301], [2154, 301], [2154, 301], [2155, 300], [2156, 300], [2156, 299], [2157, 299], [2157, 298], [2157, 297], [2158, 297]]]",04/16/2026 15:55,via
200,GND.png,"[[[2184, 268], [2184, 267], [2184, 267], [2184, 266], [2183, 265], [2182, 265], [2182, 265], [2181, 264], [2180, 264], [2179, 264], [2179, 265], [2178, 265], [2177, 265], [2177, 266], [2177, 267], [2176, 267], [2176, 268], [2176, 269], [2177, 270], [2177, 270], [2177, 271], [2178, 271], [2179, 272], [2179, 272], [2180, 272], [2181, 272], [2182, 272], [2182, 271], [2183, 271], [2184, 270], [2184, 270], [2184, 269], [2184, 268]]]",04/16/2026 15:55,via
201,GND.png,"[[[2132, 242], [2131, 241], [2131, 241], [2131, 240], [2130, 239], [2130, 239], [2129, 239], [2128, 238], [2128, 238], [2127, 238], [2126, 239], [2125, 239], [2125, 239], [2124, 240], [2124, 241], [2124, 241], [2124, 242], [2124, 243], [2124, 244], [2124, 244], [2125, 245], [2125, 246], [2126, 246], [2127, 246], [2128, 246], [2128, 246], [2129, 246], [2130, 246], [2130, 245], [2131, 244], [2131, 244], [2131, 243], [2132, 242]]]",04/16/2026 15:55,via
202,GND.png,"[[[2091, 227], [2091, 226], [2090, 225], [2090, 225], [2089, 224], [2089, 223], [2088, 223], [2087, 223], [2087, 223], [2086, 223], [2085, 223], [2084, 223], [2084, 224], [2083, 225], [2083, 225], [2083, 226], [2083, 227], [2083, 227], [2083, 228], [2083, 229], [2084, 229], [2084, 230], [2085, 230], [2086, 231], [2087, 231], [2087, 231], [2088, 230], [2089, 230], [2089, 229], [2090, 229], [2090, 228], [2091, 227], [2091, 227]]]",04/16/2026 15:55,via
203,GND.png,"[[[2132, 216], [2131, 215], [2131, 214], [2131, 213], [2130, 213], [2130, 212], [2129, 212], [2128, 212], [2128, 212], [2127, 212], [2126, 212], [2125, 212], [2125, 213], [2124, 213], [2124, 214], [2124, 215], [2124, 216], [2124, 216], [2124, 217], [2124, 218], [2125, 218], [2125, 219], [2126, 219], [2127, 220], [2128, 220], [2128, 220], [2129, 219], [2130, 219], [2130, 218], [2131, 218], [2131, 217], [2131, 216], [2132, 216]]]",04/16/2026 15:55,via
204,GND.png,"[[[2157, 242], [2157, 241], [2157, 241], [2156, 240], [2156, 239], [2155, 239], [2154, 239], [2154, 238], [2153, 238], [2152, 238], [2151, 239], [2151, 239], [2150, 239], [2150, 240], [2149, 241], [2149, 241], [2149, 242], [2149, 243], [2149, 244], [2150, 244], [2150, 245], [2151, 246], [2151, 246], [2152, 246], [2153, 246], [2154, 246], [2154, 246], [2155, 246], [2156, 245], [2156, 244], [2157, 244], [2157, 243], [2157, 242]]]",04/16/2026 15:55,via
205,GND.png,"[[[2210, 268], [2210, 267], [2210, 267], [2210, 266], [2209, 265], [2208, 265], [2208, 265], [2207, 264], [2206, 264], [2205, 264], [2205, 265], [2204, 265], [2203, 265], [2203, 266], [2203, 267], [2202, 267], [2202, 268], [2202, 269], [2203, 270], [2203, 270], [2203, 271], [2204, 271], [2205, 272], [2205, 272], [2206, 272], [2207, 272], [2208, 272], [2208, 271], [2209, 271], [2210, 270], [2210, 270], [2210, 269], [2210, 268]]]",04/16/2026 15:55,via
206,GND.png,"[[[2157, 216], [2157, 215], [2157, 214], [2156, 213], [2156, 213], [2155, 212], [2154, 212], [2154, 212], [2153, 212], [2152, 212], [2151, 212], [2151, 212], [2150, 213], [2150, 213], [2149, 214], [2149, 215], [2149, 216], [2149, 216], [2149, 217], [2150, 218], [2150, 218], [2151, 219], [2151, 219], [2152, 220], [2153, 220], [2154, 220], [2154, 219], [2155, 219], [2156, 218], [2156, 218], [2157, 217], [2157, 216], [2157, 216]]]",04/16/2026 15:55,via
207,GND.png,"[[[2409, 224], [2409, 223], [2409, 223], [2409, 222], [2408, 221], [2407, 221], [2407, 220], [2406, 220], [2405, 220], [2404, 220], [2404, 220], [2403, 221], [2402, 221], [2402, 222], [2402, 223], [2401, 223], [2401, 224], [2401, 225], [2402, 226], [2402, 226], [2402, 227], [2403, 227], [2404, 228], [2404, 228], [2405, 228], [2406, 228], [2407, 228], [2407, 227], [2408, 227], [2409, 226], [2409, 226], [2409, 225], [2409, 224]]]",04/16/2026 15:55,via
208,GND.png,"[[[1894, 297], [1893, 297], [1893, 296], [1893, 295], [1892, 295], [1892, 294], [1891, 294], [1890, 293], [1890, 293], [1889, 293], [1888, 294], [1887, 294], [1887, 295], [1886, 295], [1886, 296], [1886, 297], [1886, 297], [1886, 298], [1886, 299], [1886, 299], [1887, 300], [1887, 301], [1888, 301], [1889, 301], [1890, 301], [1890, 301], [1891, 301], [1892, 301], [1892, 300], [1893, 299], [1893, 299], [1893, 298], [1894, 297]]]",04/16/2026 15:55,via
209,GND.png,"[[[1865, 297], [1865, 297], [1865, 296], [1864, 295], [1864, 295], [1863, 294], [1863, 294], [1862, 293], [1861, 293], [1860, 293], [1859, 294], [1859, 294], [1858, 295], [1858, 295], [1857, 296], [1857, 297], [1857, 297], [1857, 298], [1857, 299], [1858, 299], [1858, 300], [1859, 301], [1859, 301], [1860, 301], [1861, 301], [1862, 301], [1863, 301], [1863, 301], [1864, 300], [1864, 299], [1865, 299], [1865, 298], [1865, 297]]]",04/16/2026 15:55,via
210,GND.png,"[[[1686, 1808], [1686, 1807], [1686, 1807], [1686, 1806], [1686, 1806], [1685, 1806], [1685, 1805], [1684, 1805], [1684, 1805], [1683, 1805], [1683, 1805], [1682, 1806], [1682, 1806], [1682, 1806], [1681, 1807], [1681, 1807], [1681, 1808], [1681, 1808], [1681, 1809], [1682, 1809], [1682, 1810], [1682, 1810], [1683, 1810], [1683, 1810], [1684, 1810], [1684, 1810], [1685, 1810], [1685, 1810], [1686, 1810], [1686, 1809], [1686, 1809], [1686, 1808], [1686, 1808]]]",04/16/2026 15:55,via
211,GND.png,"[[[1784, 1162], [1784, 1161], [1784, 1161], [1784, 1160], [1783, 1159], [1782, 1159], [1782, 1158], [1781, 1158], [1780, 1158], [1780, 1158], [1779, 1158], [1778, 1159], [1778, 1159], [1777, 1160], [1777, 1161], [1777, 1161], [1777, 1162], [1777, 1163], [1777, 1163], [1777, 1164], [1778, 1165], [1778, 1165], [1779, 1166], [1780, 1166], [1780, 1166], [1781, 1166], [1782, 1166], [1782, 1165], [1783, 1165], [1784, 1164], [1784, 1163], [1784, 1163], [1784, 1162]]]",04/16/2026 15:55,via
212,GND.png,"[[[1206, 1350], [1206, 1350], [1206, 1349], [1206, 1348], [1205, 1348], [1204, 1347], [1204, 1347], [1203, 1347], [1202, 1347], [1202, 1347], [1201, 1347], [1200, 1347], [1199, 1348], [1199, 1348], [1199, 1349], [1198, 1350], [1198, 1350], [1198, 1351], [1199, 1352], [1199, 1353], [1199, 1353], [1200, 1354], [1201, 1354], [1202, 1354], [1202, 1354], [1203, 1354], [1204, 1354], [1204, 1354], [1205, 1353], [1206, 1353], [1206, 1352], [1206, 1351], [1206, 1350]]]",04/16/2026 15:55,via
213,GND.png,"[[[1391, 978], [1391, 977], [1391, 977], [1390, 976], [1390, 975], [1389, 975], [1388, 974], [1388, 974], [1387, 974], [1386, 974], [1385, 974], [1385, 975], [1384, 975], [1384, 976], [1383, 977], [1383, 977], [1383, 978], [1383, 979], [1383, 979], [1384, 980], [1384, 981], [1385, 981], [1385, 982], [1386, 982], [1387, 982], [1388, 982], [1388, 982], [1389, 981], [1390, 981], [1390, 980], [1391, 979], [1391, 979], [1391, 978]]]",04/16/2026 15:55,via
214,GND.png,"[[[1858, 1780], [1858, 1779], [1857, 1779], [1857, 1778], [1857, 1778], [1857, 1778], [1856, 1778], [1856, 1777], [1855, 1777], [1855, 1777], [1854, 1778], [1854, 1778], [1853, 1778], [1853, 1778], [1853, 1779], [1853, 1779], [1853, 1780], [1853, 1780], [1853, 1781], [1853, 1781], [1853, 1782], [1854, 1782], [1854, 1782], [1855, 1782], [1855, 1782], [1856, 1782], [1856, 1782], [1857, 1782], [1857, 1782], [1857, 1781], [1857, 1781], [1858, 1780], [1858, 1780]]]",04/16/2026 15:55,via
215,GND.png,"[[[1618, 1474], [1618, 1473], [1617, 1473], [1617, 1472], [1617, 1471], [1616, 1471], [1615, 1471], [1615, 1470], [1614, 1470], [1613, 1470], [1612, 1471], [1612, 1471], [1611, 1471], [1611, 1472], [1610, 1473], [1610, 1473], [1610, 1474], [1610, 1475], [1610, 1476], [1611, 1476], [1611, 1477], [1612, 1477], [1612, 1478], [1613, 1478], [1614, 1478], [1615, 1478], [1615, 1478], [1616, 1477], [1617, 1477], [1617, 1476], [1617, 1476], [1618, 1475], [1618, 1474]]]",04/16/2026 15:55,via
216,GND.png,"[[[1583, 1460], [1583, 1459], [1583, 1458], [1583, 1458], [1582, 1457], [1582, 1457], [1581, 1456], [1580, 1456], [1579, 1456], [1579, 1456], [1578, 1456], [1577, 1457], [1577, 1457], [1576, 1458], [1576, 1458], [1576, 1459], [1576, 1460], [1576, 1461], [1576, 1461], [1576, 1462], [1577, 1463], [1577, 1463], [1578, 1463], [1579, 1464], [1579, 1464], [1580, 1464], [1581, 1463], [1582, 1463], [1582, 1463], [1583, 1462], [1583, 1461], [1583, 1461], [1583, 1460]]]",04/16/2026 15:55,via
217,GND.png,"[[[1207, 1442], [1207, 1442], [1206, 1441], [1206, 1440], [1206, 1440], [1205, 1439], [1204, 1439], [1204, 1439], [1203, 1439], [1202, 1439], [1201, 1439], [1201, 1439], [1200, 1440], [1200, 1440], [1199, 1441], [1199, 1442], [1199, 1442], [1199, 1443], [1199, 1444], [1200, 1445], [1200, 1445], [1201, 1446], [1201, 1446], [1202, 1446], [1203, 1446], [1204, 1446], [1204, 1446], [1205, 1446], [1206, 1445], [1206, 1445], [1206, 1444], [1207, 1443], [1207, 1442]]]",04/16/2026 15:55,via
218,GND.png,"[[[1485, 1309], [1485, 1308], [1485, 1308], [1484, 1307], [1484, 1306], [1483, 1306], [1483, 1305], [1482, 1305], [1481, 1305], [1480, 1305], [1480, 1305], [1479, 1306], [1479, 1306], [1478, 1307], [1478, 1308], [1477, 1308], [1477, 1309], [1477, 1310], [1478, 1310], [1478, 1311], [1479, 1312], [1479, 1312], [1480, 1313], [1480, 1313], [1481, 1313], [1482, 1313], [1483, 1313], [1483, 1312], [1484, 1312], [1484, 1311], [1485, 1310], [1485, 1310], [1485, 1309]]]",04/16/2026 15:55,via
219,GND.png,"[[[1237, 1425], [1237, 1424], [1237, 1423], [1237, 1423], [1236, 1422], [1236, 1422], [1235, 1421], [1234, 1421], [1234, 1421], [1233, 1421], [1232, 1421], [1231, 1422], [1231, 1422], [1230, 1423], [1230, 1423], [1230, 1424], [1230, 1425], [1230, 1426], [1230, 1426], [1230, 1427], [1231, 1428], [1231, 1428], [1232, 1428], [1233, 1429], [1234, 1429], [1234, 1429], [1235, 1428], [1236, 1428], [1236, 1428], [1237, 1427], [1237, 1426], [1237, 1426], [1237, 1425]]]",04/16/2026 15:55,via
220,GND.png,"[[[1259, 1441], [1259, 1440], [1259, 1440], [1258, 1439], [1258, 1438], [1257, 1438], [1256, 1438], [1256, 1437], [1255, 1437], [1254, 1437], [1253, 1438], [1253, 1438], [1252, 1438], [1252, 1439], [1251, 1440], [1251, 1440], [1251, 1441], [1251, 1442], [1251, 1443], [1252, 1443], [1252, 1444], [1253, 1444], [1253, 1445], [1254, 1445], [1255, 1445], [1256, 1445], [1256, 1445], [1257, 1444], [1258, 1444], [1258, 1443], [1259, 1443], [1259, 1442], [1259, 1441]]]",04/16/2026 15:55,via
221,GND.png,"[[[1484, 1335], [1484, 1335], [1484, 1334], [1484, 1333], [1483, 1333], [1483, 1332], [1482, 1332], [1481, 1332], [1480, 1332], [1480, 1332], [1479, 1332], [1478, 1332], [1478, 1333], [1477, 1333], [1477, 1334], [1477, 1335], [1477, 1335], [1477, 1336], [1477, 1337], [1477, 1338], [1478, 1338], [1478, 1339], [1479, 1339], [1480, 1339], [1480, 1339], [1481, 1339], [1482, 1339], [1483, 1339], [1483, 1338], [1484, 1338], [1484, 1337], [1484, 1336], [1484, 1335]]]",04/16/2026 15:55,via
222,GND.png,"[[[1484, 1361], [1484, 1361], [1484, 1360], [1484, 1359], [1483, 1359], [1483, 1358], [1482, 1358], [1481, 1358], [1481, 1358], [1480, 1358], [1479, 1358], [1478, 1358], [1478, 1359], [1477, 1359], [1477, 1360], [1477, 1361], [1477, 1361], [1477, 1362], [1477, 1363], [1477, 1364], [1478, 1364], [1478, 1365], [1479, 1365], [1480, 1365], [1481, 1365], [1481, 1365], [1482, 1365], [1483, 1365], [1483, 1364], [1484, 1364], [1484, 1363], [1484, 1362], [1484, 1361]]]",04/16/2026 15:55,via
223,GND.png,"[[[1288, 1069], [1288, 1068], [1288, 1067], [1287, 1067], [1287, 1066], [1286, 1066], [1286, 1065], [1285, 1065], [1284, 1065], [1283, 1065], [1283, 1065], [1282, 1066], [1282, 1066], [1281, 1067], [1281, 1067], [1280, 1068], [1280, 1069], [1280, 1069], [1281, 1070], [1281, 1071], [1282, 1071], [1282, 1072], [1283, 1072], [1283, 1072], [1284, 1073], [1285, 1072], [1286, 1072], [1286, 1072], [1287, 1071], [1287, 1071], [1288, 1070], [1288, 1069], [1288, 1069]]]",04/16/2026 15:55,via
224,GND.png,"[[[2337, 186], [2337, 185], [2337, 184], [2336, 184], [2336, 183], [2335, 183], [2335, 182], [2334, 182], [2333, 182], [2332, 182], [2332, 182], [2331, 183], [2330, 183], [2330, 184], [2329, 184], [2329, 185], [2329, 186], [2329, 187], [2329, 187], [2330, 188], [2330, 189], [2331, 189], [2332, 190], [2332, 190], [2333, 190], [2334, 190], [2335, 190], [2335, 189], [2336, 189], [2336, 188], [2337, 187], [2337, 187], [2337, 186]]]",04/16/2026 15:55,via
225,GND.png,"[[[2269, 115], [2269, 115], [2269, 114], [2269, 113], [2268, 113], [2268, 112], [2267, 112], [2266, 111], [2265, 111], [2265, 111], [2264, 112], [2263, 112], [2263, 113], [2262, 113], [2262, 114], [2262, 115], [2261, 115], [2262, 116], [2262, 117], [2262, 117], [2263, 118], [2263, 119], [2264, 119], [2265, 119], [2265, 119], [2266, 119], [2267, 119], [2268, 119], [2268, 118], [2269, 117], [2269, 117], [2269, 116], [2269, 115]]]",04/16/2026 15:55,via
226,GND.png,"[[[1950, 127], [1950, 127], [1950, 126], [1950, 125], [1949, 125], [1949, 124], [1948, 124], [1947, 124], [1946, 123], [1946, 124], [1945, 124], [1944, 124], [1944, 125], [1943, 125], [1943, 126], [1942, 127], [1942, 127], [1942, 128], [1943, 129], [1943, 130], [1944, 130], [1944, 131], [1945, 131], [1946, 131], [1946, 131], [1947, 131], [1948, 131], [1949, 131], [1949, 130], [1950, 130], [1950, 129], [1950, 128], [1950, 127]]]",04/16/2026 15:55,via
227,GND.png,"[[[2013, 255], [2013, 254], [2013, 254], [2012, 253], [2012, 252], [2011, 252], [2011, 252], [2010, 251], [2009, 251], [2008, 251], [2008, 252], [2007, 252], [2007, 252], [2006, 253], [2006, 254], [2005, 254], [2005, 255], [2005, 256], [2006, 257], [2006, 257], [2007, 258], [2007, 258], [2008, 259], [2008, 259], [2009, 259], [2010, 259], [2011, 259], [2011, 258], [2012, 258], [2012, 257], [2013, 257], [2013, 256], [2013, 255]]]",04/16/2026 15:55,via
228,GND.png,"[[[1798, 2151], [1798, 2150], [1798, 2149], [1797, 2148], [1796, 2147], [1795, 2146], [1794, 2145], [1793, 2145], [1792, 2145], [1790, 2145], [1789, 2145], [1788, 2146], [1787, 2147], [1786, 2148], [1786, 2149], [1785, 2150], [1785, 2151], [1785, 2153], [1786, 2154], [1786, 2155], [1787, 2156], [1788, 2157], [1789, 2157], [1790, 2158], [1792, 2158], [1793, 2158], [1794, 2157], [1795, 2157], [1796, 2156], [1797, 2155], [1798, 2154], [1798, 2153], [1798, 2151]]]",04/16/2026 15:55,pad
229,GND.png,"[[[2124, 535], [2124, 534], [2124, 532], [2123, 531], [2122, 530], [2121, 529], [2119, 528], [2118, 528], [2117, 527], [2115, 528], [2114, 528], [2112, 529], [2111, 530], [2110, 531], [2109, 532], [2109, 534], [2109, 535], [2109, 536], [2109, 538], [2110, 539], [2111, 540], [2112, 541], [2114, 542], [2115, 543], [2117, 543], [2118, 543], [2119, 542], [2121, 541], [2122, 540], [2123, 539], [2124, 538], [2124, 536], [2124, 535]]]",04/16/2026 15:55,pad
230,GND.png,"[[[2123, 507], [2123, 506], [2122, 504], [2122, 503], [2121, 502], [2119, 501], [2118, 500], [2117, 500], [2115, 500], [2114, 500], [2112, 500], [2111, 501], [2110, 502], [2109, 503], [2108, 504], [2108, 506], [2108, 507], [2108, 509], [2108, 510], [2109, 511], [2110, 513], [2111, 514], [2112, 514], [2114, 515], [2115, 515], [2117, 515], [2118, 514], [2119, 514], [2121, 513], [2122, 511], [2122, 510], [2123, 509], [2123, 507]]]",04/16/2026 15:55,pad
231,GND.png,"[[[2122, 473], [2121, 471], [2121, 470], [2120, 469], [2119, 467], [2118, 466], [2117, 466], [2115, 465], [2114, 465], [2112, 465], [2111, 466], [2110, 466], [2108, 467], [2108, 469], [2107, 470], [2106, 471], [2106, 473], [2106, 474], [2107, 476], [2108, 477], [2108, 478], [2110, 479], [2111, 480], [2112, 480], [2114, 480], [2115, 480], [2117, 480], [2118, 479], [2119, 478], [2120, 477], [2121, 476], [2121, 474], [2122, 473]]]",04/16/2026 15:55,pad
232,GND.png,"[[[2084, 472], [2084, 470], [2083, 469], [2083, 467], [2082, 466], [2080, 465], [2079, 464], [2078, 464], [2076, 464], [2075, 464], [2073, 464], [2072, 465], [2071, 466], [2070, 467], [2069, 469], [2069, 470], [2069, 472], [2069, 473], [2069, 474], [2070, 476], [2071, 477], [2072, 478], [2073, 479], [2075, 479], [2076, 479], [2078, 479], [2079, 479], [2080, 478], [2082, 477], [2083, 476], [2083, 474], [2084, 473], [2084, 472]]]",04/16/2026 15:55,pad
233,GND.png,"[[[2046, 470], [2045, 469], [2045, 467], [2044, 466], [2043, 465], [2042, 464], [2041, 463], [2039, 463], [2038, 463], [2036, 463], [2035, 463], [2034, 464], [2032, 465], [2031, 466], [2031, 467], [2030, 469], [2030, 470], [2030, 472], [2031, 473], [2031, 474], [2032, 476], [2034, 477], [2035, 477], [2036, 478], [2038, 478], [2039, 478], [2041, 477], [2042, 477], [2043, 476], [2044, 474], [2045, 473], [2045, 472], [2046, 470]]]",04/16/2026 15:55,pad
234,GND.png,"[[[2087, 506], [2087, 504], [2087, 503], [2086, 502], [2085, 500], [2084, 499], [2082, 499], [2081, 498], [2079, 498], [2078, 498], [2077, 499], [2075, 499], [2074, 500], [2073, 502], [2072, 503], [2072, 504], [2072, 506], [2072, 507], [2072, 509], [2073, 510], [2074, 511], [2075, 512], [2077, 513], [2078, 513], [2079, 514], [2081, 513], [2082, 513], [2084, 512], [2085, 511], [2086, 510], [2087, 509], [2087, 507], [2087, 506]]]",04/16/2026 15:55,pad
235,GND.png,"[[[2046, 505], [2046, 504], [2046, 502], [2045, 501], [2044, 500], [2043, 499], [2041, 498], [2040, 498], [2039, 498], [2037, 498], [2036, 498], [2034, 499], [2033, 500], [2032, 501], [2031, 502], [2031, 504], [2031, 505], [2031, 507], [2031, 508], [2032, 509], [2033, 511], [2034, 512], [2036, 512], [2037, 513], [2039, 513], [2040, 513], [2041, 512], [2043, 512], [2044, 511], [2045, 509], [2046, 508], [2046, 507], [2046, 505]]]",04/16/2026 15:55,pad
236,GND.png,"[[[1905, 1735], [1905, 1734], [1905, 1733], [1904, 1732], [1903, 1731], [1903, 1730], [1902, 1730], [1900, 1730], [1899, 1729], [1898, 1730], [1897, 1730], [1896, 1730], [1895, 1731], [1895, 1732], [1894, 1733], [1894, 1734], [1894, 1735], [1894, 1736], [1894, 1737], [1895, 1738], [1895, 1739], [1896, 1740], [1897, 1740], [1898, 1741], [1899, 1741], [1900, 1741], [1902, 1740], [1903, 1740], [1903, 1739], [1904, 1738], [1905, 1737], [1905, 1736], [1905, 1735]]]",04/16/2026 15:55,pad
237,GND.png,"[[[1951, 1628], [1951, 1626], [1951, 1625], [1950, 1623], [1949, 1622], [1948, 1621], [1947, 1621], [1945, 1620], [1944, 1620], [1942, 1620], [1941, 1621], [1939, 1621], [1938, 1622], [1937, 1623], [1936, 1625], [1936, 1626], [1936, 1628], [1936, 1629], [1936, 1631], [1937, 1632], [1938, 1633], [1939, 1634], [1941, 1635], [1942, 1635], [1944, 1635], [1945, 1635], [1947, 1635], [1948, 1634], [1949, 1633], [1950, 1632], [1951, 1631], [1951, 1629], [1951, 1628]]]",04/16/2026 15:55,pad
238,GND.png,"[[[2362, 1763], [2362, 1761], [2361, 1759], [2360, 1757], [2359, 1756], [2358, 1755], [2356, 1754], [2354, 1753], [2352, 1753], [2350, 1753], [2348, 1754], [2346, 1755], [2345, 1756], [2343, 1757], [2342, 1759], [2342, 1761], [2342, 1763], [2342, 1765], [2342, 1767], [2343, 1769], [2345, 1770], [2346, 1772], [2348, 1772], [2350, 1773], [2352, 1773], [2354, 1773], [2356, 1772], [2358, 1772], [2359, 1770], [2360, 1769], [2361, 1767], [2362, 1765], [2362, 1763]]]",04/16/2026 15:55,pad
239,GND.png,"[[[1809, 865], [1809, 863], [1808, 860], [1807, 858], [1805, 856], [1803, 855], [1801, 854], [1798, 853], [1796, 853], [1793, 853], [1791, 854], [1789, 855], [1787, 856], [1785, 858], [1784, 860], [1783, 863], [1783, 865], [1783, 868], [1784, 870], [1785, 872], [1787, 874], [1789, 876], [1791, 877], [1793, 878], [1796, 878], [1798, 878], [1801, 877], [1803, 876], [1805, 874], [1807, 872], [1808, 870], [1809, 868], [1809, 865]]]",04/16/2026 15:55,pad
240,GND.png,"[[[1851, 1107], [1851, 1105], [1851, 1104], [1850, 1103], [1849, 1102], [1848, 1101], [1846, 1100], [1845, 1099], [1843, 1099], [1842, 1099], [1840, 1100], [1839, 1101], [1838, 1102], [1837, 1103], [1836, 1104], [1836, 1105], [1836, 1107], [1836, 1108], [1836, 1110], [1837, 1111], [1838, 1112], [1839, 1113], [1840, 1114], [1842, 1114], [1843, 1115], [1845, 1114], [1846, 1114], [1848, 1113], [1849, 1112], [1850, 1111], [1851, 1110], [1851, 1108], [1851, 1107]]]",04/16/2026 15:55,pad
241,GND.png,"[[[1888, 1140], [1888, 1138], [1887, 1137], [1887, 1135], [1886, 1134], [1885, 1133], [1883, 1133], [1882, 1132], [1880, 1132], [1879, 1132], [1877, 1133], [1876, 1133], [1875, 1134], [1874, 1135], [1873, 1137], [1873, 1138], [1873, 1140], [1873, 1141], [1873, 1143], [1874, 1144], [1875, 1145], [1876, 1146], [1877, 1147], [1879, 1147], [1880, 1147], [1882, 1147], [1883, 1147], [1885, 1146], [1886, 1145], [1887, 1144], [1887, 1143], [1888, 1141], [1888, 1140]]]",04/16/2026 15:55,pad
242,GND.png,"[[[1888, 1107], [1888, 1105], [1888, 1104], [1887, 1103], [1886, 1102], [1885, 1101], [1883, 1100], [1882, 1099], [1880, 1099], [1879, 1099], [1878, 1100], [1876, 1101], [1875, 1102], [1874, 1103], [1873, 1104], [1873, 1105], [1873, 1107], [1873, 1108], [1873, 1110], [1874, 1111], [1875, 1112], [1876, 1113], [1878, 1114], [1879, 1114], [1880, 1115], [1882, 1114], [1883, 1114], [1885, 1113], [1886, 1112], [1887, 1111], [1888, 1110], [1888, 1108], [1888, 1107]]]",04/16/2026 15:55,pad
243,GND.png,"[[[1888, 973], [1888, 972], [1888, 971], [1887, 969], [1886, 968], [1885, 967], [1883, 966], [1882, 966], [1880, 966], [1879, 966], [1878, 966], [1876, 967], [1875, 968], [1874, 969], [1873, 971], [1873, 972], [1873, 973], [1873, 975], [1873, 976], [1874, 978], [1875, 979], [1876, 980], [1878, 981], [1879, 981], [1880, 981], [1882, 981], [1883, 981], [1885, 980], [1886, 979], [1887, 978], [1888, 976], [1888, 975], [1888, 973]]]",04/16/2026 15:55,pad
244,GND.png,"[[[1909, 1140], [1909, 1139], [1909, 1137], [1908, 1136], [1907, 1135], [1906, 1134], [1905, 1133], [1903, 1133], [1902, 1133], [1900, 1133], [1899, 1133], [1897, 1134], [1896, 1135], [1895, 1136], [1895, 1137], [1894, 1139], [1894, 1140], [1894, 1142], [1895, 1143], [1895, 1145], [1896, 1146], [1897, 1147], [1899, 1147], [1900, 1148], [1902, 1148], [1903, 1148], [1905, 1147], [1906, 1147], [1907, 1146], [1908, 1145], [1909, 1143], [1909, 1142], [1909, 1140]]]",04/16/2026 15:55,pad
245,GND.png,"[[[1951, 1547], [1951, 1545], [1951, 1544], [1950, 1542], [1949, 1541], [1948, 1540], [1947, 1540], [1945, 1539], [1944, 1539], [1942, 1539], [1941, 1540], [1939, 1540], [1938, 1541], [1937, 1542], [1936, 1544], [1936, 1545], [1936, 1547], [1936, 1548], [1936, 1550], [1937, 1551], [1938, 1552], [1939, 1553], [1941, 1554], [1942, 1554], [1944, 1554], [1945, 1554], [1947, 1554], [1948, 1553], [1949, 1552], [1950, 1551], [1951, 1550], [1951, 1548], [1951, 1547]]]",04/16/2026 15:55,pad
246,GND.png,"[[[1961, 982], [1961, 980], [1960, 979], [1960, 978], [1959, 977], [1958, 976], [1956, 975], [1955, 974], [1953, 974], [1952, 974], [1950, 975], [1949, 976], [1948, 977], [1947, 978], [1946, 979], [1946, 980], [1946, 982], [1946, 983], [1946, 985], [1947, 986], [1948, 987], [1949, 988], [1950, 989], [1952, 989], [1953, 990], [1955, 989], [1956, 989], [1958, 988], [1959, 987], [1960, 986], [1960, 985], [1961, 983], [1961, 982]]]",04/16/2026 15:55,pad
247,GND.png,"[[[2008, 1546], [2008, 1545], [2007, 1543], [2007, 1542], [2006, 1541], [2004, 1540], [2003, 1539], [2002, 1539], [2000, 1538], [1999, 1539], [1997, 1539], [1996, 1540], [1995, 1541], [1994, 1542], [1993, 1543], [1993, 1545], [1992, 1546], [1993, 1548], [1993, 1549], [1994, 1550], [1995, 1551], [1996, 1552], [1997, 1553], [1999, 1554], [2000, 1554], [2002, 1554], [2003, 1553], [2004, 1552], [2006, 1551], [2007, 1550], [2007, 1549], [2008, 1548], [2008, 1546]]]",04/16/2026 15:55,pad
248,GND.png,"[[[2015, 1272], [2015, 1270], [2015, 1269], [2014, 1267], [2012, 1265], [2011, 1264], [2009, 1263], [2007, 1262], [2005, 1262], [2003, 1262], [2001, 1263], [1999, 1264], [1998, 1265], [1997, 1267], [1996, 1269], [1995, 1270], [1995, 1272], [1995, 1274], [1996, 1276], [1997, 1278], [1998, 1280], [1999, 1281], [2001, 1282], [2003, 1282], [2005, 1283], [2007, 1282], [2009, 1282], [2011, 1281], [2012, 1280], [2014, 1278], [2015, 1276], [2015, 1274], [2015, 1272]]]",04/16/2026 15:55,pad
249,GND.png,"[[[2103, 1548], [2103, 1547], [2102, 1545], [2101, 1544], [2101, 1543], [2099, 1542], [2098, 1541], [2097, 1541], [2095, 1540], [2094, 1541], [2092, 1541], [2091, 1542], [2090, 1543], [2089, 1544], [2088, 1545], [2088, 1547], [2087, 1548], [2088, 1550], [2088, 1551], [2089, 1552], [2090, 1553], [2091, 1554], [2092, 1555], [2094, 1556], [2095, 1556], [2097, 1556], [2098, 1555], [2099, 1554], [2101, 1553], [2101, 1552], [2102, 1551], [2103, 1550], [2103, 1548]]]",04/16/2026 15:55,pad
250,GND.png,"[[[1507, 1961], [1507, 1959], [1507, 1958], [1506, 1957], [1505, 1957], [1505, 1956], [1504, 1955], [1503, 1955], [1501, 1955], [1500, 1955], [1499, 1955], [1498, 1956], [1497, 1957], [1497, 1957], [1496, 1958], [1496, 1959], [1496, 1961], [1496, 1962], [1496, 1963], [1497, 1964], [1497, 1965], [1498, 1965], [1499, 1966], [1500, 1966], [1501, 1966], [1503, 1966], [1504, 1966], [1505, 1965], [1505, 1965], [1506, 1964], [1507, 1963], [1507, 1962], [1507, 1961]]]",04/16/2026 15:55,pad
251,GND.png,"[[[1741, 1936], [1741, 1935], [1741, 1934], [1740, 1933], [1740, 1932], [1739, 1931], [1738, 1931], [1737, 1930], [1735, 1930], [1734, 1930], [1733, 1931], [1732, 1931], [1731, 1932], [1731, 1933], [1730, 1934], [1730, 1935], [1730, 1936], [1730, 1937], [1730, 1938], [1731, 1939], [1731, 1940], [1732, 1941], [1733, 1941], [1734, 1942], [1735, 1942], [1737, 1942], [1738, 1941], [1739, 1941], [1740, 1940], [1740, 1939], [1741, 1938], [1741, 1937], [1741, 1936]]]",04/16/2026 15:55,pad
252,GND.png,"[[[884, 1223], [883, 1221], [883, 1220], [882, 1219], [881, 1217], [880, 1217], [879, 1216], [877, 1215], [876, 1215], [874, 1215], [873, 1216], [872, 1217], [870, 1217], [869, 1219], [869, 1220], [868, 1221], [868, 1223], [868, 1224], [869, 1226], [869, 1227], [870, 1228], [872, 1229], [873, 1230], [874, 1230], [876, 1231], [877, 1230], [879, 1230], [880, 1229], [881, 1228], [882, 1227], [883, 1226], [883, 1224], [884, 1223]]]",04/16/2026 15:55,pad
253,GND.png,"[[[491, 600], [491, 599], [491, 597], [490, 596], [489, 595], [488, 594], [487, 593], [485, 593], [484, 593], [482, 593], [481, 593], [480, 594], [478, 595], [477, 596], [477, 597], [476, 599], [476, 600], [476, 602], [477, 603], [477, 605], [478, 606], [480, 607], [481, 607], [482, 608], [484, 608], [485, 608], [487, 607], [488, 607], [489, 606], [490, 605], [491, 603], [491, 602], [491, 600]]]",04/16/2026 15:55,pad
254,GND.png,"[[[1220, 1104], [1220, 1102], [1220, 1101], [1219, 1099], [1218, 1098], [1217, 1097], [1215, 1097], [1214, 1096], [1212, 1096], [1211, 1096], [1209, 1097], [1208, 1097], [1207, 1098], [1206, 1099], [1205, 1101], [1205, 1102], [1205, 1104], [1205, 1105], [1205, 1107], [1206, 1108], [1207, 1109], [1208, 1110], [1209, 1111], [1211, 1111], [1212, 1111], [1214, 1111], [1215, 1111], [1217, 1110], [1218, 1109], [1219, 1108], [1220, 1107], [1220, 1105], [1220, 1104]]]",04/16/2026 15:55,pad
255,GND.png,"[[[2090, 539], [2090, 537], [2090, 536], [2089, 535], [2088, 533], [2087, 533], [2086, 532], [2084, 531], [2083, 531], [2081, 531], [2080, 532], [2078, 533], [2077, 533], [2076, 535], [2076, 536], [2075, 537], [2075, 539], [2075, 540], [2076, 542], [2076, 543], [2077, 544], [2078, 545], [2080, 546], [2081, 546], [2083, 547], [2084, 546], [2086, 546], [2087, 545], [2088, 544], [2089, 543], [2090, 542], [2090, 540], [2090, 539]]]",04/16/2026 15:55,pad
256,GND.png,"[[[2366, 225], [2366, 223], [2366, 222], [2365, 221], [2364, 219], [2363, 218], [2361, 218], [2360, 217], [2358, 217], [2357, 217], [2355, 218], [2354, 218], [2353, 219], [2352, 221], [2351, 222], [2351, 223], [2351, 225], [2351, 226], [2351, 228], [2352, 229], [2353, 230], [2354, 231], [2355, 232], [2357, 232], [2358, 232], [2360, 232], [2361, 232], [2363, 231], [2364, 230], [2365, 229], [2366, 228], [2366, 226], [2366, 225]]]",04/16/2026 15:55,pad
257,GND.png,"[[[1411, 1372], [1411, 1370], [1410, 1369], [1410, 1368], [1409, 1366], [1407, 1365], [1406, 1365], [1405, 1364], [1403, 1364], [1402, 1364], [1400, 1365], [1399, 1365], [1398, 1366], [1397, 1368], [1396, 1369], [1396, 1370], [1396, 1372], [1396, 1373], [1396, 1375], [1397, 1376], [1398, 1377], [1399, 1378], [1400, 1379], [1402, 1379], [1403, 1379], [1405, 1379], [1406, 1379], [1407, 1378], [1409, 1377], [1410, 1376], [1410, 1375], [1411, 1373], [1411, 1372]]]",04/16/2026 15:55,pad
258,GND.png,"[[[709, 1047], [709, 1045], [709, 1044], [708, 1042], [707, 1041], [706, 1040], [705, 1040], [703, 1039], [702, 1039], [700, 1039], [699, 1040], [697, 1040], [696, 1041], [695, 1042], [695, 1044], [694, 1045], [694, 1047], [694, 1048], [695, 1050], [695, 1051], [696, 1052], [697, 1053], [699, 1054], [700, 1054], [702, 1054], [703, 1054], [705, 1054], [706, 1053], [707, 1052], [708, 1051], [709, 1050], [709, 1048], [709, 1047]]]",04/16/2026 15:55,pad
259,GND.png,"[[[623, 1047], [623, 1046], [622, 1044], [622, 1043], [621, 1042], [619, 1041], [618, 1040], [617, 1040], [615, 1040], [614, 1040], [612, 1040], [611, 1041], [610, 1042], [609, 1043], [608, 1044], [608, 1046], [607, 1047], [608, 1049], [608, 1050], [609, 1052], [610, 1053], [611, 1054], [612, 1054], [614, 1055], [615, 1055], [617, 1055], [618, 1054], [619, 1054], [621, 1053], [622, 1052], [622, 1050], [623, 1049], [623, 1047]]]",04/16/2026 15:55,pad
260,GND.png,"[[[2046, 538], [2046, 536], [2046, 535], [2045, 534], [2044, 533], [2043, 532], [2042, 531], [2040, 530], [2039, 530], [2037, 530], [2036, 531], [2035, 532], [2033, 533], [2032, 534], [2032, 535], [2031, 536], [2031, 538], [2031, 539], [2032, 541], [2032, 542], [2033, 543], [2035, 544], [2036, 545], [2037, 545], [2039, 546], [2040, 545], [2042, 545], [2043, 544], [2044, 543], [2045, 542], [2046, 541], [2046, 539], [2046, 538]]]",04/16/2026 15:55,pad
261,GND.png,"[[[1540, 855], [1540, 854], [1540, 853], [1539, 852], [1538, 851], [1537, 850], [1536, 850], [1535, 849], [1534, 849], [1533, 849], [1531, 850], [1530, 850], [1529, 851], [1529, 852], [1528, 853], [1528, 854], [1528, 855], [1528, 857], [1528, 858], [1529, 859], [1529, 860], [1530, 861], [1531, 861], [1533, 862], [1534, 862], [1535, 862], [1536, 861], [1537, 861], [1538, 860], [1539, 859], [1540, 858], [1540, 857], [1540, 855]]]",04/16/2026 15:55,pad
262,GND.png,"[[[1735, 1328], [1735, 1327], [1735, 1326], [1734, 1324], [1733, 1323], [1732, 1322], [1731, 1321], [1729, 1321], [1728, 1321], [1726, 1321], [1725, 1321], [1723, 1322], [1722, 1323], [1721, 1324], [1721, 1326], [1720, 1327], [1720, 1328], [1720, 1330], [1721, 1331], [1721, 1333], [1722, 1334], [1723, 1335], [1725, 1336], [1726, 1336], [1728, 1336], [1729, 1336], [1731, 1336], [1732, 1335], [1733, 1334], [1734, 1333], [1735, 1331], [1735, 1330], [1735, 1328]]]",04/16/2026 15:55,pad
263,GND.png,"[[[1788, 1123], [1788, 1122], [1787, 1120], [1787, 1119], [1786, 1118], [1785, 1117], [1783, 1116], [1782, 1116], [1780, 1115], [1779, 1116], [1777, 1116], [1776, 1117], [1775, 1118], [1774, 1119], [1773, 1120], [1773, 1122], [1773, 1123], [1773, 1125], [1773, 1126], [1774, 1127], [1775, 1129], [1776, 1129], [1777, 1130], [1779, 1131], [1780, 1131], [1782, 1131], [1783, 1130], [1785, 1129], [1786, 1129], [1787, 1127], [1787, 1126], [1788, 1125], [1788, 1123]]]",04/16/2026 15:55,pad
264,GND.png,"[[[1211, 1388], [1210, 1387], [1210, 1385], [1209, 1384], [1208, 1383], [1207, 1382], [1206, 1381], [1204, 1381], [1203, 1380], [1201, 1381], [1200, 1381], [1199, 1382], [1198, 1383], [1197, 1384], [1196, 1385], [1195, 1387], [1195, 1388], [1195, 1390], [1196, 1391], [1197, 1392], [1198, 1393], [1199, 1394], [1200, 1395], [1201, 1396], [1203, 1396], [1204, 1396], [1206, 1395], [1207, 1394], [1208, 1393], [1209, 1392], [1210, 1391], [1210, 1390], [1211, 1388]]]",04/16/2026 15:55,pad
265,GND.png,"[[[1356, 979], [1356, 978], [1356, 976], [1355, 975], [1354, 974], [1353, 973], [1352, 972], [1350, 972], [1349, 972], [1347, 972], [1346, 972], [1344, 973], [1343, 974], [1342, 975], [1342, 976], [1341, 978], [1341, 979], [1341, 981], [1342, 982], [1342, 984], [1343, 985], [1344, 986], [1346, 986], [1347, 987], [1349, 987], [1350, 987], [1352, 986], [1353, 986], [1354, 985], [1355, 984], [1356, 982], [1356, 981], [1356, 979]]]",04/16/2026 15:55,pad
266,GND.png,"[[[1576, 1578], [1576, 1577], [1575, 1575], [1574, 1574], [1573, 1573], [1572, 1572], [1571, 1571], [1570, 1571], [1568, 1571], [1567, 1571], [1565, 1571], [1564, 1572], [1563, 1573], [1562, 1574], [1561, 1575], [1561, 1577], [1560, 1578], [1561, 1580], [1561, 1581], [1562, 1582], [1563, 1584], [1564, 1585], [1565, 1585], [1567, 1586], [1568, 1586], [1570, 1586], [1571, 1585], [1572, 1585], [1573, 1584], [1574, 1582], [1575, 1581], [1576, 1580], [1576, 1578]]]",04/16/2026 15:55,pad
267,GND.png,"[[[2112, 244], [2112, 242], [2111, 241], [2111, 239], [2110, 238], [2108, 237], [2107, 236], [2106, 236], [2104, 236], [2103, 236], [2101, 236], [2100, 237], [2099, 238], [2098, 239], [2097, 241], [2097, 242], [2096, 244], [2097, 245], [2097, 246], [2098, 248], [2099, 249], [2100, 250], [2101, 251], [2103, 251], [2104, 251], [2106, 251], [2107, 251], [2108, 250], [2110, 249], [2111, 248], [2111, 246], [2112, 245], [2112, 244]]]",04/16/2026 15:55,pad
268,GND.png,"[[[2047, 231], [2047, 229], [2047, 228], [2046, 226], [2045, 225], [2044, 224], [2043, 224], [2041, 223], [2040, 223], [2038, 223], [2037, 224], [2036, 224], [2034, 225], [2033, 226], [2033, 228], [2032, 229], [2032, 231], [2032, 232], [2033, 234], [2033, 235], [2034, 236], [2036, 237], [2037, 238], [2038, 238], [2040, 238], [2041, 238], [2043, 238], [2044, 237], [2045, 236], [2046, 235], [2047, 234], [2047, 232], [2047, 231]]]",04/16/2026 15:55,pad
269,GND.png,"[[[1931, 423], [1931, 422], [1931, 421], [1930, 420], [1929, 419], [1929, 418], [1928, 418], [1926, 417], [1925, 417], [1924, 417], [1923, 418], [1922, 418], [1921, 419], [1921, 420], [1920, 421], [1920, 422], [1920, 423], [1920, 424], [1920, 425], [1921, 426], [1921, 427], [1922, 428], [1923, 428], [1924, 429], [1925, 429], [1926, 429], [1928, 428], [1929, 428], [1929, 427], [1930, 426], [1931, 425], [1931, 424], [1931, 423]]]",04/16/2026 15:55,pad
270,GND.png,"[[[1884, 396], [1884, 395], [1884, 393], [1883, 392], [1882, 391], [1881, 390], [1880, 389], [1878, 389], [1877, 389], [1875, 389], [1874, 389], [1872, 390], [1871, 391], [1870, 392], [1869, 393], [1869, 395], [1869, 396], [1869, 398], [1869, 399], [1870, 401], [1871, 402], [1872, 403], [1874, 403], [1875, 404], [1877, 404], [1878, 404], [1880, 403], [1881, 403], [1882, 402], [1883, 401], [1884, 399], [1884, 398], [1884, 396]]]",04/16/2026 15:55,pad
271,GND.png,"[[[1816, 1838], [1816, 1836], [1816, 1835], [1815, 1834], [1814, 1833], [1813, 1833], [1812, 1832], [1811, 1832], [1810, 1832], [1809, 1832], [1808, 1832], [1807, 1833], [1806, 1833], [1805, 1834], [1805, 1835], [1805, 1836], [1805, 1838], [1805, 1839], [1805, 1840], [1805, 1841], [1806, 1842], [1807, 1842], [1808, 1843], [1809, 1843], [1810, 1843], [1811, 1843], [1812, 1843], [1813, 1842], [1814, 1842], [1815, 1841], [1816, 1840], [1816, 1839], [1816, 1838]]]",04/16/2026 15:55,pad
272,GND.png,"[[[1471, 1836], [1471, 1835], [1471, 1834], [1470, 1833], [1470, 1832], [1469, 1831], [1468, 1831], [1467, 1831], [1466, 1830], [1465, 1831], [1463, 1831], [1462, 1831], [1462, 1832], [1461, 1833], [1460, 1834], [1460, 1835], [1460, 1836], [1460, 1837], [1460, 1838], [1461, 1839], [1462, 1840], [1462, 1841], [1463, 1842], [1465, 1842], [1466, 1842], [1467, 1842], [1468, 1842], [1469, 1841], [1470, 1840], [1470, 1839], [1471, 1838], [1471, 1837], [1471, 1836]]]",04/16/2026 15:55,pad
273,GND.png,"[[[1490, 880], [1489, 879], [1489, 878], [1489, 877], [1488, 876], [1487, 875], [1486, 875], [1485, 875], [1484, 874], [1483, 875], [1482, 875], [1481, 875], [1480, 876], [1479, 877], [1479, 878], [1478, 879], [1478, 880], [1478, 881], [1479, 882], [1479, 883], [1480, 884], [1481, 885], [1482, 886], [1483, 886], [1484, 886], [1485, 886], [1486, 886], [1487, 885], [1488, 884], [1489, 883], [1489, 882], [1489, 881], [1490, 880]]]",04/16/2026 15:55,pad
274,GND.png,"[[[1882, 563], [1882, 562], [1882, 561], [1881, 560], [1881, 559], [1880, 558], [1879, 558], [1878, 557], [1877, 557], [1875, 557], [1874, 558], [1873, 558], [1873, 559], [1872, 560], [1871, 561], [1871, 562], [1871, 563], [1871, 564], [1871, 565], [1872, 566], [1873, 567], [1873, 568], [1874, 568], [1875, 568], [1877, 569], [1878, 568], [1879, 568], [1880, 568], [1881, 567], [1881, 566], [1882, 565], [1882, 564], [1882, 563]]]",04/16/2026 15:55,pad
275,GND.png,"[[[1677, 1445], [1677, 1444], [1676, 1442], [1676, 1441], [1675, 1440], [1673, 1439], [1672, 1438], [1671, 1438], [1669, 1437], [1668, 1438], [1666, 1438], [1665, 1439], [1664, 1440], [1663, 1441], [1662, 1442], [1662, 1444], [1661, 1445], [1662, 1447], [1662, 1448], [1663, 1449], [1664, 1450], [1665, 1451], [1666, 1452], [1668, 1453], [1669, 1453], [1671, 1453], [1672, 1452], [1673, 1451], [1675, 1450], [1676, 1449], [1676, 1448], [1677, 1447], [1677, 1445]]]",04/16/2026 15:55,pad
276,GND.png,"[[[1618, 1444], [1618, 1443], [1618, 1441], [1617, 1440], [1616, 1439], [1615, 1438], [1614, 1437], [1612, 1437], [1611, 1437], [1609, 1437], [1608, 1437], [1606, 1438], [1605, 1439], [1604, 1440], [1604, 1441], [1603, 1443], [1603, 1444], [1603, 1446], [1604, 1447], [1604, 1449], [1605, 1450], [1606, 1451], [1608, 1451], [1609, 1452], [1611, 1452], [1612, 1452], [1614, 1451], [1615, 1451], [1616, 1450], [1617, 1449], [1618, 1447], [1618, 1446], [1618, 1444]]]",04/16/2026 15:55,pad
277,GND.png,"[[[1621, 1699], [1621, 1697], [1621, 1696], [1620, 1695], [1619, 1693], [1618, 1692], [1617, 1692], [1615, 1691], [1614, 1691], [1612, 1691], [1611, 1692], [1609, 1692], [1608, 1693], [1607, 1695], [1607, 1696], [1606, 1697], [1606, 1699], [1606, 1700], [1607, 1702], [1607, 1703], [1608, 1704], [1609, 1705], [1611, 1706], [1612, 1706], [1614, 1706], [1615, 1706], [1617, 1706], [1618, 1705], [1619, 1704], [1620, 1703], [1621, 1702], [1621, 1700], [1621, 1699]]]",04/16/2026 15:55,pad
278,GND.png,"[[[1454, 1659], [1454, 1658], [1453, 1656], [1453, 1655], [1452, 1654], [1450, 1653], [1449, 1652], [1448, 1652], [1446, 1652], [1445, 1652], [1443, 1652], [1442, 1653], [1441, 1654], [1440, 1655], [1439, 1656], [1439, 1658], [1438, 1659], [1439, 1661], [1439, 1662], [1440, 1664], [1441, 1665], [1442, 1666], [1443, 1666], [1445, 1667], [1446, 1667], [1448, 1667], [1449, 1666], [1450, 1666], [1452, 1665], [1453, 1664], [1453, 1662], [1454, 1661], [1454, 1659]]]",04/16/2026 15:55,pad
279,GND.png,"[[[1537, 1578], [1537, 1577], [1537, 1575], [1536, 1574], [1535, 1573], [1534, 1572], [1533, 1571], [1531, 1571], [1530, 1571], [1528, 1571], [1527, 1571], [1525, 1572], [1524, 1573], [1523, 1574], [1523, 1575], [1522, 1577], [1522, 1578], [1522, 1580], [1523, 1581], [1523, 1582], [1524, 1584], [1525, 1585], [1527, 1585], [1528, 1586], [1530, 1586], [1531, 1586], [1533, 1585], [1534, 1585], [1535, 1584], [1536, 1582], [1537, 1581], [1537, 1580], [1537, 1578]]]",04/16/2026 15:55,pad
280,GND.png,"[[[942, 1968], [942, 1967], [941, 1965], [941, 1964], [940, 1963], [939, 1962], [937, 1961], [936, 1961], [934, 1961], [933, 1961], [931, 1961], [930, 1962], [929, 1963], [928, 1964], [927, 1965], [927, 1967], [927, 1968], [927, 1970], [927, 1971], [928, 1972], [929, 1974], [930, 1975], [931, 1975], [933, 1976], [934, 1976], [936, 1976], [937, 1975], [939, 1975], [940, 1974], [941, 1972], [941, 1971], [942, 1970], [942, 1968]]]",04/16/2026 15:55,pad
281,GND.png,"[[[1071, 1848], [1071, 1846], [1071, 1845], [1070, 1844], [1069, 1842], [1068, 1842], [1067, 1841], [1065, 1840], [1064, 1840], [1062, 1840], [1061, 1841], [1060, 1842], [1058, 1842], [1057, 1844], [1057, 1845], [1056, 1846], [1056, 1848], [1056, 1849], [1057, 1851], [1057, 1852], [1058, 1853], [1060, 1854], [1061, 1855], [1062, 1855], [1064, 1856], [1065, 1855], [1067, 1855], [1068, 1854], [1069, 1853], [1070, 1852], [1071, 1851], [1071, 1849], [1071, 1848]]]",04/16/2026 15:55,pad
282,GND.png,"[[[845, 1224], [845, 1222], [844, 1221], [844, 1219], [843, 1218], [842, 1217], [840, 1216], [839, 1216], [837, 1216], [836, 1216], [834, 1216], [833, 1217], [832, 1218], [831, 1219], [830, 1221], [830, 1222], [830, 1224], [830, 1225], [830, 1226], [831, 1228], [832, 1229], [833, 1230], [834, 1231], [836, 1231], [837, 1231], [839, 1231], [840, 1231], [842, 1230], [843, 1229], [844, 1228], [844, 1226], [845, 1225], [845, 1224]]]",04/16/2026 15:55,pad
283,GND.png,"[[[1208, 1296], [1208, 1295], [1207, 1293], [1207, 1292], [1206, 1291], [1205, 1290], [1203, 1289], [1202, 1289], [1200, 1288], [1199, 1289], [1197, 1289], [1196, 1290], [1195, 1291], [1194, 1292], [1193, 1293], [1193, 1295], [1193, 1296], [1193, 1298], [1193, 1299], [1194, 1300], [1195, 1301], [1196, 1302], [1197, 1303], [1199, 1304], [1200, 1304], [1202, 1304], [1203, 1303], [1205, 1302], [1206, 1301], [1207, 1300], [1207, 1299], [1208, 1298], [1208, 1296]]]",04/16/2026 15:55,pad
284,GND.png,"[[[1244, 1232], [1244, 1230], [1244, 1229], [1243, 1228], [1242, 1227], [1241, 1226], [1240, 1225], [1238, 1224], [1237, 1224], [1235, 1224], [1234, 1225], [1232, 1226], [1231, 1227], [1230, 1228], [1230, 1229], [1229, 1230], [1229, 1232], [1229, 1233], [1230, 1235], [1230, 1236], [1231, 1237], [1232, 1238], [1234, 1239], [1235, 1239], [1237, 1240], [1238, 1239], [1240, 1239], [1241, 1238], [1242, 1237], [1243, 1236], [1244, 1235], [1244, 1233], [1244, 1232]]]",04/16/2026 15:55,pad
285,GND.png,"[[[1375, 1806], [1375, 1805], [1375, 1804], [1374, 1803], [1373, 1802], [1373, 1801], [1372, 1800], [1371, 1800], [1369, 1800], [1368, 1800], [1367, 1800], [1366, 1801], [1365, 1802], [1365, 1803], [1364, 1804], [1364, 1805], [1364, 1806], [1364, 1807], [1364, 1808], [1365, 1809], [1365, 1810], [1366, 1811], [1367, 1811], [1368, 1811], [1369, 1812], [1371, 1811], [1372, 1811], [1373, 1811], [1373, 1810], [1374, 1809], [1375, 1808], [1375, 1807], [1375, 1806]]]",04/16/2026 15:55,pad
286,GND.png,"[[[1384, 1514], [1384, 1513], [1384, 1511], [1383, 1510], [1382, 1509], [1381, 1508], [1379, 1507], [1378, 1507], [1377, 1507], [1375, 1507], [1374, 1507], [1372, 1508], [1371, 1509], [1370, 1510], [1369, 1511], [1369, 1513], [1369, 1514], [1369, 1516], [1369, 1517], [1370, 1519], [1371, 1520], [1372, 1521], [1374, 1521], [1375, 1522], [1377, 1522], [1378, 1522], [1379, 1521], [1381, 1521], [1382, 1520], [1383, 1519], [1384, 1517], [1384, 1516], [1384, 1514]]]",04/16/2026 15:55,pad
287,GND.png,"[[[1441, 1513], [1441, 1512], [1440, 1510], [1440, 1509], [1439, 1508], [1437, 1507], [1436, 1506], [1435, 1506], [1433, 1505], [1432, 1506], [1430, 1506], [1429, 1507], [1428, 1508], [1427, 1509], [1426, 1510], [1426, 1512], [1425, 1513], [1426, 1515], [1426, 1516], [1427, 1517], [1428, 1518], [1429, 1519], [1430, 1520], [1432, 1521], [1433, 1521], [1435, 1521], [1436, 1520], [1437, 1519], [1439, 1518], [1440, 1517], [1440, 1516], [1441, 1515], [1441, 1513]]]",04/16/2026 15:55,pad
288,GND.png,"[[[1501, 1516], [1500, 1514], [1500, 1513], [1499, 1511], [1498, 1510], [1497, 1509], [1496, 1509], [1494, 1508], [1493, 1508], [1491, 1508], [1490, 1509], [1489, 1509], [1488, 1510], [1487, 1511], [1486, 1513], [1485, 1514], [1485, 1516], [1485, 1517], [1486, 1519], [1487, 1520], [1488, 1521], [1489, 1522], [1490, 1523], [1491, 1523], [1493, 1523], [1494, 1523], [1496, 1523], [1497, 1522], [1498, 1521], [1499, 1520], [1500, 1519], [1500, 1517], [1501, 1516]]]",04/16/2026 15:55,pad
289,GND.png,"[[[815, 966], [814, 965], [814, 963], [813, 962], [812, 961], [811, 960], [810, 959], [808, 959], [807, 959], [805, 959], [804, 959], [803, 960], [802, 961], [801, 962], [800, 963], [799, 965], [799, 966], [799, 968], [800, 969], [801, 971], [802, 972], [803, 973], [804, 973], [805, 974], [807, 974], [808, 974], [810, 973], [811, 973], [812, 972], [813, 971], [814, 969], [814, 968], [815, 966]]]",04/16/2026 15:55,pad
290,GND.png,"[[[515, 731], [515, 730], [514, 728], [514, 727], [513, 726], [511, 725], [510, 724], [509, 724], [507, 724], [506, 724], [504, 724], [503, 725], [502, 726], [501, 727], [500, 728], [500, 730], [500, 731], [500, 733], [500, 734], [501, 736], [502, 737], [503, 738], [504, 738], [506, 739], [507, 739], [509, 739], [510, 738], [511, 738], [513, 737], [514, 736], [514, 734], [515, 733], [515, 731]]]",04/16/2026 15:55,pad
291,GND.png,"[[[864, 912], [864, 910], [863, 909], [863, 908], [862, 907], [861, 906], [859, 905], [858, 904], [856, 904], [855, 904], [853, 905], [852, 906], [851, 907], [850, 908], [849, 909], [849, 910], [849, 912], [849, 913], [849, 915], [850, 916], [851, 917], [852, 918], [853, 919], [855, 919], [856, 920], [858, 919], [859, 919], [861, 918], [862, 917], [863, 916], [863, 915], [864, 913], [864, 912]]]",04/16/2026 15:55,pad
292,GND.png,"[[[864, 885], [864, 884], [863, 882], [863, 881], [862, 880], [861, 879], [859, 878], [858, 878], [856, 878], [855, 878], [853, 878], [852, 879], [851, 880], [850, 881], [849, 882], [849, 884], [849, 885], [849, 887], [849, 888], [850, 890], [851, 891], [852, 892], [853, 892], [855, 893], [856, 893], [858, 893], [859, 892], [861, 892], [862, 891], [863, 890], [863, 888], [864, 887], [864, 885]]]",04/16/2026 15:55,pad
293,GND.png,"[[[592, 685], [591, 683], [591, 682], [590, 680], [589, 679], [588, 678], [587, 678], [585, 677], [584, 677], [582, 677], [581, 678], [580, 678], [578, 679], [578, 680], [577, 682], [576, 683], [576, 685], [576, 686], [577, 688], [578, 689], [578, 690], [580, 691], [581, 692], [582, 692], [584, 692], [585, 692], [587, 692], [588, 691], [589, 690], [590, 689], [591, 688], [591, 686], [592, 685]]]",04/16/2026 15:55,pad
294,GND.png,"[[[586, 600], [586, 599], [586, 597], [585, 596], [584, 595], [583, 594], [582, 593], [580, 593], [579, 593], [577, 593], [576, 593], [574, 594], [573, 595], [572, 596], [572, 597], [571, 599], [571, 600], [571, 602], [572, 603], [572, 605], [573, 606], [574, 607], [576, 607], [577, 608], [579, 608], [580, 608], [582, 607], [583, 607], [584, 606], [585, 605], [586, 603], [586, 602], [586, 600]]]",04/16/2026 15:55,pad
295,GND.png,"[[[1073, 297], [1073, 295], [1072, 294], [1071, 292], [1071, 291], [1069, 290], [1068, 290], [1067, 289], [1065, 289], [1064, 289], [1062, 290], [1061, 290], [1060, 291], [1059, 292], [1058, 294], [1058, 295], [1057, 297], [1058, 298], [1058, 300], [1059, 301], [1060, 302], [1061, 303], [1062, 304], [1064, 304], [1065, 304], [1067, 304], [1068, 304], [1069, 303], [1071, 302], [1071, 301], [1072, 300], [1073, 298], [1073, 297]]]",04/16/2026 15:55,pad
296,GND.png,"[[[1237, 814], [1236, 812], [1236, 811], [1235, 809], [1234, 808], [1233, 807], [1232, 806], [1230, 806], [1229, 806], [1227, 806], [1226, 806], [1225, 807], [1224, 808], [1223, 809], [1222, 811], [1221, 812], [1221, 814], [1221, 815], [1222, 816], [1223, 818], [1224, 819], [1225, 820], [1226, 821], [1227, 821], [1229, 821], [1230, 821], [1232, 821], [1233, 820], [1234, 819], [1235, 818], [1236, 816], [1236, 815], [1237, 814]]]",04/16/2026 15:55,pad
297,GND.png,"[[[1298, 755], [1298, 753], [1297, 752], [1296, 750], [1296, 749], [1294, 748], [1293, 748], [1292, 747], [1290, 747], [1289, 747], [1287, 748], [1286, 748], [1285, 749], [1284, 750], [1283, 752], [1283, 753], [1282, 755], [1283, 756], [1283, 758], [1284, 759], [1285, 760], [1286, 761], [1287, 762], [1289, 762], [1290, 762], [1292, 762], [1293, 762], [1294, 761], [1296, 760], [1296, 759], [1297, 758], [1298, 756], [1298, 755]]]",04/16/2026 15:55,pad
298,GND.png,"[[[1490, 666], [1489, 665], [1489, 664], [1488, 662], [1487, 661], [1486, 660], [1485, 659], [1483, 659], [1482, 659], [1480, 659], [1479, 659], [1478, 660], [1476, 661], [1476, 662], [1475, 664], [1474, 665], [1474, 666], [1474, 668], [1475, 669], [1476, 671], [1476, 672], [1478, 673], [1479, 674], [1480, 674], [1482, 674], [1483, 674], [1485, 674], [1486, 673], [1487, 672], [1488, 671], [1489, 669], [1489, 668], [1490, 666]]]",04/16/2026 15:55,pad
299,GND.png,"[[[1080, 120], [1080, 118], [1079, 117], [1079, 116], [1078, 114], [1077, 113], [1075, 113], [1074, 112], [1072, 112], [1071, 112], [1069, 113], [1068, 113], [1067, 114], [1066, 116], [1065, 117], [1065, 118], [1065, 120], [1065, 121], [1065, 123], [1066, 124], [1067, 125], [1068, 126], [1069, 127], [1071, 127], [1072, 127], [1074, 127], [1075, 127], [1077, 126], [1078, 125], [1079, 124], [1079, 123], [1080, 121], [1080, 120]]]",04/16/2026 15:55,pad
300,GND.png,"[[[1356, 233], [1356, 232], [1356, 230], [1355, 229], [1354, 228], [1353, 227], [1352, 226], [1350, 226], [1349, 226], [1347, 226], [1346, 226], [1344, 227], [1343, 228], [1342, 229], [1342, 230], [1341, 232], [1341, 233], [1341, 235], [1342, 236], [1342, 237], [1343, 239], [1344, 240], [1346, 240], [1347, 241], [1349, 241], [1350, 241], [1352, 240], [1353, 240], [1354, 239], [1355, 237], [1356, 236], [1356, 235], [1356, 233]]]",04/16/2026 15:55,pad
301,GND.png,"[[[1510, 138], [1510, 137], [1510, 135], [1509, 134], [1508, 133], [1507, 132], [1506, 131], [1504, 131], [1503, 131], [1501, 131], [1500, 131], [1498, 132], [1497, 133], [1496, 134], [1496, 135], [1495, 137], [1495, 138], [1495, 140], [1496, 141], [1496, 142], [1497, 144], [1498, 145], [1500, 145], [1501, 146], [1503, 146], [1504, 146], [1506, 145], [1507, 145], [1508, 144], [1509, 142], [1510, 141], [1510, 140], [1510, 138]]]",04/16/2026 15:55,pad
302,GND.png,"[[[1357, 62], [1357, 61], [1356, 59], [1356, 58], [1355, 57], [1354, 56], [1352, 55], [1351, 55], [1349, 55], [1348, 55], [1346, 55], [1345, 56], [1344, 57], [1343, 58], [1342, 59], [1342, 61], [1342, 62], [1342, 64], [1342, 65], [1343, 66], [1344, 68], [1345, 69], [1346, 69], [1348, 70], [1349, 70], [1351, 70], [1352, 69], [1354, 69], [1355, 68], [1356, 66], [1356, 65], [1357, 64], [1357, 62]]]",04/16/2026 15:55,pad
303,GND.png,"[[[1521, 1911], [1521, 1910], [1521, 1909], [1520, 1908], [1520, 1907], [1519, 1906], [1518, 1905], [1517, 1905], [1516, 1905], [1515, 1905], [1514, 1905], [1513, 1906], [1512, 1907], [1511, 1908], [1510, 1909], [1510, 1910], [1510, 1911], [1510, 1912], [1510, 1913], [1511, 1914], [1512, 1915], [1513, 1915], [1514, 1916], [1515, 1916], [1516, 1916], [1517, 1916], [1518, 1916], [1519, 1915], [1520, 1915], [1520, 1914], [1521, 1913], [1521, 1912], [1521, 1911]]]",04/16/2026 15:55,pad
304,GND.png,"[[[1622, 1935], [1622, 1934], [1622, 1932], [1621, 1931], [1621, 1931], [1620, 1930], [1619, 1929], [1618, 1929], [1616, 1929], [1615, 1929], [1614, 1929], [1613, 1930], [1612, 1931], [1612, 1931], [1611, 1932], [1611, 1934], [1611, 1935], [1611, 1936], [1611, 1937], [1612, 1938], [1612, 1939], [1613, 1939], [1614, 1940], [1615, 1940], [1616, 1940], [1618, 1940], [1619, 1940], [1620, 1939], [1621, 1939], [1621, 1938], [1622, 1937], [1622, 1936], [1622, 1935]]]",04/16/2026 15:55,pad
305,GND.png,"[[[1736, 1369], [1736, 1368], [1735, 1366], [1735, 1365], [1734, 1364], [1733, 1363], [1731, 1362], [1730, 1362], [1728, 1362], [1727, 1362], [1725, 1362], [1724, 1363], [1723, 1364], [1722, 1365], [1721, 1366], [1721, 1368], [1721, 1369], [1721, 1371], [1721, 1372], [1722, 1373], [1723, 1375], [1724, 1376], [1725, 1376], [1727, 1377], [1728, 1377], [1730, 1377], [1731, 1376], [1733, 1376], [1734, 1375], [1735, 1373], [1735, 1372], [1736, 1371], [1736, 1369]]]",04/16/2026 15:55,pad
306,GND.png,"[[[1756, 1200], [1756, 1199], [1756, 1197], [1755, 1196], [1754, 1195], [1753, 1194], [1751, 1193], [1750, 1193], [1748, 1193], [1747, 1193], [1746, 1193], [1744, 1194], [1743, 1195], [1742, 1196], [1741, 1197], [1741, 1199], [1741, 1200], [1741, 1202], [1741, 1203], [1742, 1204], [1743, 1206], [1744, 1207], [1746, 1207], [1747, 1208], [1748, 1208], [1750, 1208], [1751, 1207], [1753, 1207], [1754, 1206], [1755, 1204], [1756, 1203], [1756, 1202], [1756, 1200]]]",04/16/2026 15:55,pad
307,GND.png,"[[[1542, 666], [1541, 665], [1541, 664], [1540, 662], [1539, 661], [1538, 660], [1537, 659], [1535, 659], [1534, 659], [1532, 659], [1531, 659], [1530, 660], [1529, 661], [1528, 662], [1527, 664], [1526, 665], [1526, 666], [1526, 668], [1527, 669], [1528, 671], [1529, 672], [1530, 673], [1531, 674], [1532, 674], [1534, 674], [1535, 674], [1537, 674], [1538, 673], [1539, 672], [1540, 671], [1541, 669], [1541, 668], [1542, 666]]]",04/16/2026 15:55,pad
308,GND.png,"[[[1594, 666], [1594, 665], [1594, 664], [1593, 662], [1592, 661], [1591, 660], [1590, 659], [1588, 659], [1587, 659], [1585, 659], [1584, 659], [1582, 660], [1581, 661], [1580, 662], [1580, 664], [1579, 665], [1579, 666], [1579, 668], [1580, 669], [1580, 671], [1581, 672], [1582, 673], [1584, 674], [1585, 674], [1587, 674], [1588, 674], [1590, 674], [1591, 673], [1592, 672], [1593, 671], [1594, 669], [1594, 668], [1594, 666]]]",04/16/2026 15:55,pad
309,GND.png,"[[[1515, 315], [1515, 314], [1514, 312], [1514, 311], [1513, 310], [1512, 309], [1510, 308], [1509, 308], [1507, 307], [1506, 308], [1504, 308], [1503, 309], [1502, 310], [1501, 311], [1500, 312], [1500, 314], [1500, 315], [1500, 317], [1500, 318], [1501, 319], [1502, 320], [1503, 321], [1504, 322], [1506, 323], [1507, 323], [1509, 323], [1510, 322], [1512, 321], [1513, 320], [1514, 319], [1514, 318], [1515, 317], [1515, 315]]]",04/16/2026 15:55,pad
310,GND.png,"[[[1661, 316], [1660, 315], [1660, 313], [1659, 312], [1658, 311], [1657, 310], [1656, 309], [1654, 309], [1653, 309], [1651, 309], [1650, 309], [1649, 310], [1647, 311], [1647, 312], [1646, 313], [1645, 315], [1645, 316], [1645, 318], [1646, 319], [1647, 321], [1647, 322], [1649, 323], [1650, 323], [1651, 324], [1653, 324], [1654, 324], [1656, 323], [1657, 323], [1658, 322], [1659, 321], [1660, 319], [1660, 318], [1661, 316]]]",04/16/2026 15:55,pad
311,GND.png,"[[[1810, 324], [1810, 322], [1810, 321], [1809, 320], [1808, 318], [1807, 317], [1805, 317], [1804, 316], [1802, 316], [1801, 316], [1800, 317], [1798, 317], [1797, 318], [1796, 320], [1795, 321], [1795, 322], [1795, 324], [1795, 325], [1795, 327], [1796, 328], [1797, 329], [1798, 330], [1800, 331], [1801, 331], [1802, 332], [1804, 331], [1805, 331], [1807, 330], [1808, 329], [1809, 328], [1810, 327], [1810, 325], [1810, 324]]]",04/16/2026 15:55,pad
312,GND.png,"[[[1709, 300], [1709, 299], [1708, 297], [1708, 296], [1707, 295], [1706, 294], [1704, 293], [1703, 293], [1701, 293], [1700, 293], [1698, 293], [1697, 294], [1696, 295], [1695, 296], [1694, 297], [1694, 299], [1694, 300], [1694, 302], [1694, 303], [1695, 305], [1696, 306], [1697, 307], [1698, 307], [1700, 308], [1701, 308], [1703, 308], [1704, 307], [1706, 307], [1707, 306], [1708, 305], [1708, 303], [1709, 302], [1709, 300]]]",04/16/2026 15:55,pad
313,GND.png,"[[[1810, 297], [1810, 296], [1810, 294], [1809, 293], [1808, 292], [1807, 291], [1805, 290], [1804, 290], [1802, 290], [1801, 290], [1800, 290], [1798, 291], [1797, 292], [1796, 293], [1795, 294], [1795, 296], [1795, 297], [1795, 299], [1795, 300], [1796, 302], [1797, 303], [1798, 304], [1800, 304], [1801, 305], [1802, 305], [1804, 305], [1805, 304], [1807, 304], [1808, 303], [1809, 302], [1810, 300], [1810, 299], [1810, 297]]]",04/16/2026 15:55,pad
314,GND.png,"[[[1839, 297], [1839, 296], [1838, 294], [1837, 293], [1837, 292], [1835, 291], [1834, 290], [1833, 290], [1831, 290], [1830, 290], [1828, 290], [1827, 291], [1826, 292], [1825, 293], [1824, 294], [1824, 296], [1823, 297], [1824, 299], [1824, 300], [1825, 302], [1826, 303], [1827, 304], [1828, 304], [1830, 305], [1831, 305], [1833, 305], [1834, 304], [1835, 304], [1837, 303], [1837, 302], [1838, 300], [1839, 299], [1839, 297]]]",04/16/2026 15:55,pad
315,GND.png,"[[[1589, 237], [1589, 235], [1588, 234], [1588, 232], [1587, 231], [1586, 230], [1584, 230], [1583, 229], [1581, 229], [1580, 229], [1578, 230], [1577, 230], [1576, 231], [1575, 232], [1574, 234], [1574, 235], [1574, 237], [1574, 238], [1574, 240], [1575, 241], [1576, 242], [1577, 243], [1578, 244], [1580, 244], [1581, 244], [1583, 244], [1584, 244], [1586, 243], [1587, 242], [1588, 241], [1588, 240], [1589, 238], [1589, 237]]]",04/16/2026 15:55,pad
316,GND.png,"[[[1674, 138], [1674, 136], [1674, 135], [1673, 133], [1672, 132], [1671, 131], [1670, 131], [1668, 130], [1667, 130], [1665, 130], [1664, 131], [1662, 131], [1661, 132], [1660, 133], [1659, 135], [1659, 136], [1659, 138], [1659, 139], [1659, 141], [1660, 142], [1661, 143], [1662, 144], [1664, 145], [1665, 145], [1667, 145], [1668, 145], [1670, 145], [1671, 144], [1672, 143], [1673, 142], [1674, 141], [1674, 139], [1674, 138]]]",04/16/2026 15:55,pad
317,GND.png,"[[[1810, 272], [1810, 271], [1810, 269], [1809, 268], [1808, 267], [1807, 266], [1805, 265], [1804, 265], [1802, 264], [1801, 265], [1800, 265], [1798, 266], [1797, 267], [1796, 268], [1795, 269], [1795, 271], [1795, 272], [1795, 274], [1795, 275], [1796, 276], [1797, 277], [1798, 278], [1800, 279], [1801, 280], [1802, 280], [1804, 280], [1805, 279], [1807, 278], [1808, 277], [1809, 276], [1810, 275], [1810, 274], [1810, 272]]]",04/16/2026 15:55,pad
318,GND.png,"[[[1838, 272], [1838, 271], [1838, 269], [1837, 268], [1836, 267], [1835, 266], [1833, 265], [1832, 265], [1830, 264], [1829, 265], [1827, 265], [1826, 266], [1825, 267], [1824, 268], [1823, 269], [1823, 271], [1823, 272], [1823, 274], [1823, 275], [1824, 276], [1825, 277], [1826, 278], [1827, 279], [1829, 280], [1830, 280], [1832, 280], [1833, 279], [1835, 278], [1836, 277], [1837, 276], [1838, 275], [1838, 274], [1838, 272]]]",04/16/2026 15:55,pad
319,GND.png,"[[[1810, 218], [1810, 217], [1810, 215], [1809, 214], [1808, 213], [1807, 212], [1805, 211], [1804, 211], [1802, 211], [1801, 211], [1800, 211], [1798, 212], [1797, 213], [1796, 214], [1795, 215], [1795, 217], [1795, 218], [1795, 220], [1795, 221], [1796, 223], [1797, 224], [1798, 225], [1800, 225], [1801, 226], [1802, 226], [1804, 226], [1805, 225], [1807, 225], [1808, 224], [1809, 223], [1810, 221], [1810, 220], [1810, 218]]]",04/16/2026 15:55,pad
320,GND.png,"[[[1838, 245], [1838, 243], [1838, 242], [1837, 241], [1836, 239], [1835, 238], [1833, 238], [1832, 237], [1830, 237], [1829, 237], [1827, 238], [1826, 238], [1825, 239], [1824, 241], [1823, 242], [1823, 243], [1823, 245], [1823, 246], [1823, 248], [1824, 249], [1825, 250], [1826, 251], [1827, 252], [1829, 252], [1830, 252], [1832, 252], [1833, 252], [1835, 251], [1836, 250], [1837, 249], [1838, 248], [1838, 246], [1838, 245]]]",04/16/2026 15:55,pad
321,GND.png,"[[[1810, 244], [1810, 243], [1810, 241], [1809, 240], [1808, 239], [1807, 238], [1805, 237], [1804, 237], [1802, 237], [1801, 237], [1800, 237], [1798, 238], [1797, 239], [1796, 240], [1795, 241], [1795, 243], [1795, 244], [1795, 246], [1795, 247], [1796, 248], [1797, 250], [1798, 251], [1800, 251], [1801, 252], [1802, 252], [1804, 252], [1805, 251], [1807, 251], [1808, 250], [1809, 248], [1810, 247], [1810, 246], [1810, 244]]]",04/16/2026 15:55,pad
322,GND.png,"[[[1837, 218], [1837, 217], [1837, 215], [1836, 214], [1835, 213], [1834, 212], [1833, 211], [1831, 211], [1830, 211], [1828, 211], [1827, 211], [1826, 212], [1824, 213], [1823, 214], [1823, 215], [1822, 217], [1822, 218], [1822, 220], [1823, 221], [1823, 223], [1824, 224], [1826, 225], [1827, 225], [1828, 226], [1830, 226], [1831, 226], [1833, 225], [1834, 225], [1835, 224], [1836, 223], [1837, 221], [1837, 220], [1837, 218]]]",04/16/2026 15:55,pad
323,GND.png,"[[[1868, 272], [1868, 271], [1867, 269], [1867, 268], [1866, 267], [1865, 266], [1863, 265], [1862, 265], [1860, 264], [1859, 265], [1857, 265], [1856, 266], [1855, 267], [1854, 268], [1853, 269], [1853, 271], [1853, 272], [1853, 274], [1853, 275], [1854, 276], [1855, 277], [1856, 278], [1857, 279], [1859, 280], [1860, 280], [1862, 280], [1863, 279], [1865, 278], [1866, 277], [1867, 276], [1867, 275], [1868, 274], [1868, 272]]]",04/16/2026 15:55,pad
324,GND.png,"[[[1897, 272], [1897, 271], [1897, 269], [1896, 268], [1895, 267], [1894, 266], [1893, 265], [1891, 265], [1890, 264], [1888, 265], [1887, 265], [1885, 266], [1884, 267], [1883, 268], [1883, 269], [1882, 271], [1882, 272], [1882, 274], [1883, 275], [1883, 276], [1884, 277], [1885, 278], [1887, 279], [1888, 280], [1890, 280], [1891, 280], [1893, 279], [1894, 278], [1895, 277], [1896, 276], [1897, 275], [1897, 274], [1897, 272]]]",04/16/2026 15:55,pad
325,GND.png,"[[[2135, 268], [2135, 267], [2135, 265], [2134, 264], [2133, 263], [2132, 262], [2131, 261], [2129, 261], [2128, 261], [2126, 261], [2125, 261], [2123, 262], [2122, 263], [2121, 264], [2120, 265], [2120, 267], [2120, 268], [2120, 270], [2120, 271], [2121, 272], [2122, 274], [2123, 275], [2125, 275], [2126, 276], [2128, 276], [2129, 276], [2131, 275], [2132, 275], [2133, 274], [2134, 272], [2135, 271], [2135, 270], [2135, 268]]]",04/16/2026 15:55,pad
326,GND.png,"[[[2136, 326], [2136, 324], [2135, 323], [2135, 322], [2134, 320], [2133, 319], [2131, 319], [2130, 318], [2128, 318], [2127, 318], [2125, 319], [2124, 319], [2123, 320], [2122, 322], [2121, 323], [2121, 324], [2121, 326], [2121, 327], [2121, 329], [2122, 330], [2123, 331], [2124, 332], [2125, 333], [2127, 333], [2128, 333], [2130, 333], [2131, 333], [2133, 332], [2134, 331], [2135, 330], [2135, 329], [2136, 327], [2136, 326]]]",04/16/2026 15:55,pad
327,GND.png,"[[[2214, 297], [2214, 296], [2213, 294], [2213, 293], [2212, 292], [2211, 291], [2209, 290], [2208, 290], [2206, 290], [2205, 290], [2203, 290], [2202, 291], [2201, 292], [2200, 293], [2199, 294], [2199, 296], [2199, 297], [2199, 299], [2199, 300], [2200, 302], [2201, 303], [2202, 304], [2203, 304], [2205, 305], [2206, 305], [2208, 305], [2209, 304], [2211, 304], [2212, 303], [2213, 302], [2213, 300], [2214, 299], [2214, 297]]]",04/16/2026 15:55,pad
328,GND.png,"[[[2135, 297], [2135, 295], [2135, 294], [2134, 292], [2133, 291], [2132, 290], [2131, 290], [2129, 289], [2128, 289], [2126, 289], [2125, 290], [2123, 290], [2122, 291], [2121, 292], [2120, 294], [2120, 295], [2120, 297], [2120, 298], [2120, 300], [2121, 301], [2122, 302], [2123, 303], [2125, 304], [2126, 304], [2128, 304], [2129, 304], [2131, 304], [2132, 303], [2133, 302], [2134, 301], [2135, 300], [2135, 298], [2135, 297]]]",04/16/2026 15:55,pad
329,GND.png,"[[[2161, 268], [2161, 267], [2161, 265], [2160, 264], [2159, 263], [2158, 262], [2157, 261], [2155, 261], [2154, 261], [2152, 261], [2151, 261], [2149, 262], [2148, 263], [2147, 264], [2146, 265], [2146, 267], [2146, 268], [2146, 270], [2146, 271], [2147, 272], [2148, 274], [2149, 275], [2151, 275], [2152, 276], [2154, 276], [2155, 276], [2157, 275], [2158, 275], [2159, 274], [2160, 272], [2161, 271], [2161, 270], [2161, 268]]]",04/16/2026 15:55,pad
330,GND.png,"[[[2189, 297], [2188, 296], [2188, 294], [2187, 293], [2186, 292], [2185, 291], [2184, 290], [2182, 290], [2181, 290], [2179, 290], [2178, 290], [2177, 291], [2175, 292], [2175, 293], [2174, 294], [2173, 296], [2173, 297], [2173, 299], [2174, 300], [2175, 302], [2175, 303], [2177, 304], [2178, 304], [2179, 305], [2181, 305], [2182, 305], [2184, 304], [2185, 304], [2186, 303], [2187, 302], [2188, 300], [2188, 299], [2189, 297]]]",04/16/2026 15:55,pad
331,GND.png,"[[[2161, 297], [2161, 295], [2161, 294], [2160, 292], [2159, 291], [2158, 290], [2157, 290], [2155, 289], [2154, 289], [2152, 289], [2151, 290], [2149, 290], [2148, 291], [2147, 292], [2146, 294], [2146, 295], [2146, 297], [2146, 298], [2146, 300], [2147, 301], [2148, 302], [2149, 303], [2151, 304], [2152, 304], [2154, 304], [2155, 304], [2157, 304], [2158, 303], [2159, 302], [2160, 301], [2161, 300], [2161, 298], [2161, 297]]]",04/16/2026 15:55,pad
332,GND.png,"[[[2188, 268], [2188, 267], [2187, 265], [2187, 264], [2186, 263], [2185, 262], [2183, 261], [2182, 261], [2180, 261], [2179, 261], [2177, 261], [2176, 262], [2175, 263], [2174, 264], [2173, 265], [2173, 267], [2173, 268], [2173, 270], [2173, 271], [2174, 272], [2175, 274], [2176, 275], [2177, 275], [2179, 276], [2180, 276], [2182, 276], [2183, 275], [2185, 275], [2186, 274], [2187, 272], [2187, 271], [2188, 270], [2188, 268]]]",04/16/2026 15:55,pad
333,GND.png,"[[[2135, 242], [2135, 241], [2135, 239], [2134, 238], [2133, 237], [2132, 236], [2131, 235], [2129, 235], [2128, 235], [2126, 235], [2125, 235], [2123, 236], [2122, 237], [2121, 238], [2120, 239], [2120, 241], [2120, 242], [2120, 244], [2120, 245], [2121, 246], [2122, 248], [2123, 249], [2125, 249], [2126, 250], [2128, 250], [2129, 250], [2131, 249], [2132, 249], [2133, 248], [2134, 246], [2135, 245], [2135, 244], [2135, 242]]]",04/16/2026 15:55,pad
334,GND.png,"[[[2094, 227], [2094, 225], [2094, 224], [2093, 222], [2092, 221], [2091, 220], [2090, 220], [2088, 219], [2087, 219], [2085, 219], [2084, 220], [2082, 220], [2081, 221], [2080, 222], [2080, 224], [2079, 225], [2079, 227], [2079, 228], [2080, 230], [2080, 231], [2081, 232], [2082, 233], [2084, 234], [2085, 234], [2087, 234], [2088, 234], [2090, 234], [2091, 233], [2092, 232], [2093, 231], [2094, 230], [2094, 228], [2094, 227]]]",04/16/2026 15:55,pad
335,GND.png,"[[[2135, 216], [2135, 214], [2135, 213], [2134, 211], [2133, 210], [2132, 209], [2131, 209], [2129, 208], [2128, 208], [2126, 208], [2125, 209], [2123, 209], [2122, 210], [2121, 211], [2120, 213], [2120, 214], [2120, 216], [2120, 217], [2120, 219], [2121, 220], [2122, 221], [2123, 222], [2125, 223], [2126, 223], [2128, 223], [2129, 223], [2131, 223], [2132, 222], [2133, 221], [2134, 220], [2135, 219], [2135, 217], [2135, 216]]]",04/16/2026 15:55,pad
336,GND.png,"[[[2161, 242], [2160, 241], [2160, 239], [2159, 238], [2158, 237], [2157, 236], [2156, 235], [2154, 235], [2153, 235], [2151, 235], [2150, 235], [2149, 236], [2148, 237], [2147, 238], [2146, 239], [2145, 241], [2145, 242], [2145, 244], [2146, 245], [2147, 246], [2148, 248], [2149, 249], [2150, 249], [2151, 250], [2153, 250], [2154, 250], [2156, 249], [2157, 249], [2158, 248], [2159, 246], [2160, 245], [2160, 244], [2161, 242]]]",04/16/2026 15:55,pad
337,GND.png,"[[[2214, 268], [2214, 267], [2213, 265], [2213, 264], [2212, 263], [2211, 262], [2209, 261], [2208, 261], [2206, 261], [2205, 261], [2203, 261], [2202, 262], [2201, 263], [2200, 264], [2199, 265], [2199, 267], [2199, 268], [2199, 270], [2199, 271], [2200, 272], [2201, 274], [2202, 275], [2203, 275], [2205, 276], [2206, 276], [2208, 276], [2209, 275], [2211, 275], [2212, 274], [2213, 272], [2213, 271], [2214, 270], [2214, 268]]]",04/16/2026 15:55,pad
338,GND.png,"[[[2161, 216], [2160, 214], [2160, 213], [2159, 211], [2158, 210], [2157, 209], [2156, 209], [2154, 208], [2153, 208], [2151, 208], [2150, 209], [2149, 209], [2148, 210], [2147, 211], [2146, 213], [2145, 214], [2145, 216], [2145, 217], [2146, 219], [2147, 220], [2148, 221], [2149, 222], [2150, 223], [2151, 223], [2153, 223], [2154, 223], [2156, 223], [2157, 222], [2158, 221], [2159, 220], [2160, 219], [2160, 217], [2161, 216]]]",04/16/2026 15:55,pad
339,GND.png,"[[[2413, 224], [2413, 223], [2412, 221], [2412, 220], [2411, 219], [2410, 218], [2408, 217], [2407, 217], [2405, 216], [2404, 217], [2402, 217], [2401, 218], [2400, 219], [2399, 220], [2398, 221], [2398, 223], [2398, 224], [2398, 226], [2398, 227], [2399, 228], [2400, 230], [2401, 230], [2402, 231], [2404, 232], [2405, 232], [2407, 232], [2408, 231], [2410, 230], [2411, 230], [2412, 228], [2412, 227], [2413, 226], [2413, 224]]]",04/16/2026 15:55,pad
340,GND.png,"[[[1897, 297], [1897, 296], [1897, 294], [1896, 293], [1895, 292], [1894, 291], [1893, 290], [1891, 290], [1890, 290], [1888, 290], [1887, 290], [1885, 291], [1884, 292], [1883, 293], [1883, 294], [1882, 296], [1882, 297], [1882, 299], [1883, 300], [1883, 302], [1884, 303], [1885, 304], [1887, 304], [1888, 305], [1890, 305], [1891, 305], [1893, 304], [1894, 304], [1895, 303], [1896, 302], [1897, 300], [1897, 299], [1897, 297]]]",04/16/2026 15:55,pad
341,GND.png,"[[[1869, 297], [1869, 296], [1868, 294], [1867, 293], [1866, 292], [1865, 291], [1864, 290], [1862, 290], [1861, 290], [1859, 290], [1858, 290], [1857, 291], [1856, 292], [1855, 293], [1854, 294], [1853, 296], [1853, 297], [1853, 299], [1854, 300], [1855, 302], [1856, 303], [1857, 304], [1858, 304], [1859, 305], [1861, 305], [1862, 305], [1864, 304], [1865, 304], [1866, 303], [1867, 302], [1868, 300], [1869, 299], [1869, 297]]]",04/16/2026 15:55,pad
342,GND.png,"[[[1690, 1808], [1689, 1807], [1689, 1806], [1689, 1805], [1688, 1804], [1687, 1803], [1686, 1802], [1685, 1802], [1684, 1802], [1683, 1802], [1682, 1802], [1681, 1803], [1680, 1804], [1679, 1805], [1679, 1806], [1678, 1807], [1678, 1808], [1678, 1809], [1679, 1810], [1679, 1811], [1680, 1812], [1681, 1813], [1682, 1813], [1683, 1813], [1684, 1813], [1685, 1813], [1686, 1813], [1687, 1813], [1688, 1812], [1689, 1811], [1689, 1810], [1689, 1809], [1690, 1808]]]",04/16/2026 15:55,pad
343,GND.png,"[[[1788, 1162], [1788, 1160], [1787, 1159], [1787, 1158], [1786, 1157], [1785, 1156], [1783, 1155], [1782, 1154], [1780, 1154], [1779, 1154], [1777, 1155], [1776, 1156], [1775, 1157], [1774, 1158], [1773, 1159], [1773, 1160], [1773, 1162], [1773, 1163], [1773, 1165], [1774, 1166], [1775, 1167], [1776, 1168], [1777, 1169], [1779, 1169], [1780, 1170], [1782, 1169], [1783, 1169], [1785, 1168], [1786, 1167], [1787, 1166], [1787, 1165], [1788, 1163], [1788, 1162]]]",04/16/2026 15:55,pad
344,GND.png,"[[[1210, 1350], [1210, 1349], [1209, 1348], [1209, 1346], [1208, 1345], [1207, 1344], [1205, 1343], [1204, 1343], [1202, 1343], [1201, 1343], [1199, 1343], [1198, 1344], [1197, 1345], [1196, 1346], [1195, 1348], [1195, 1349], [1195, 1350], [1195, 1352], [1195, 1353], [1196, 1355], [1197, 1356], [1198, 1357], [1199, 1358], [1201, 1358], [1202, 1358], [1204, 1358], [1205, 1358], [1207, 1357], [1208, 1356], [1209, 1355], [1209, 1353], [1210, 1352], [1210, 1350]]]",04/16/2026 15:55,pad
345,GND.png,"[[[1395, 978], [1394, 977], [1394, 975], [1393, 974], [1392, 973], [1391, 972], [1390, 971], [1388, 971], [1387, 970], [1385, 971], [1384, 971], [1383, 972], [1382, 973], [1381, 974], [1380, 975], [1379, 977], [1379, 978], [1379, 980], [1380, 981], [1381, 982], [1382, 983], [1383, 984], [1384, 985], [1385, 986], [1387, 986], [1388, 986], [1390, 985], [1391, 984], [1392, 983], [1393, 982], [1394, 981], [1394, 980], [1395, 978]]]",04/16/2026 15:55,pad
346,GND.png,"[[[1861, 1780], [1861, 1779], [1860, 1778], [1860, 1777], [1859, 1776], [1858, 1775], [1857, 1775], [1856, 1774], [1855, 1774], [1854, 1774], [1853, 1775], [1852, 1775], [1851, 1776], [1850, 1777], [1850, 1778], [1849, 1779], [1849, 1780], [1849, 1781], [1850, 1782], [1850, 1783], [1851, 1784], [1852, 1785], [1853, 1785], [1854, 1786], [1855, 1786], [1856, 1786], [1857, 1785], [1858, 1785], [1859, 1784], [1860, 1783], [1860, 1782], [1861, 1781], [1861, 1780]]]",04/16/2026 15:55,pad
347,GND.png,"[[[1622, 1474], [1621, 1473], [1621, 1471], [1620, 1470], [1619, 1469], [1618, 1468], [1617, 1467], [1615, 1467], [1614, 1467], [1612, 1467], [1611, 1467], [1610, 1468], [1608, 1469], [1608, 1470], [1607, 1471], [1606, 1473], [1606, 1474], [1606, 1476], [1607, 1477], [1608, 1478], [1608, 1480], [1610, 1481], [1611, 1481], [1612, 1482], [1614, 1482], [1615, 1482], [1617, 1481], [1618, 1481], [1619, 1480], [1620, 1478], [1621, 1477], [1621, 1476], [1622, 1474]]]",04/16/2026 15:55,pad
348,GND.png,"[[[1587, 1460], [1587, 1458], [1587, 1457], [1586, 1456], [1585, 1455], [1584, 1454], [1582, 1453], [1581, 1452], [1579, 1452], [1578, 1452], [1576, 1453], [1575, 1454], [1574, 1455], [1573, 1456], [1572, 1457], [1572, 1458], [1572, 1460], [1572, 1461], [1572, 1463], [1573, 1464], [1574, 1465], [1575, 1466], [1576, 1467], [1578, 1467], [1579, 1468], [1581, 1467], [1582, 1467], [1584, 1466], [1585, 1465], [1586, 1464], [1587, 1463], [1587, 1461], [1587, 1460]]]",04/16/2026 15:55,pad
349,GND.png,"[[[1211, 1442], [1210, 1441], [1210, 1440], [1209, 1438], [1208, 1437], [1207, 1436], [1206, 1435], [1204, 1435], [1203, 1435], [1201, 1435], [1200, 1435], [1199, 1436], [1198, 1437], [1197, 1438], [1196, 1440], [1195, 1441], [1195, 1442], [1195, 1444], [1196, 1445], [1197, 1447], [1198, 1448], [1199, 1449], [1200, 1450], [1201, 1450], [1203, 1450], [1204, 1450], [1206, 1450], [1207, 1449], [1208, 1448], [1209, 1447], [1210, 1445], [1210, 1444], [1211, 1442]]]",04/16/2026 15:55,pad
350,GND.png,"[[[1489, 1309], [1489, 1308], [1488, 1306], [1488, 1305], [1487, 1304], [1486, 1303], [1484, 1302], [1483, 1302], [1481, 1301], [1480, 1302], [1478, 1302], [1477, 1303], [1476, 1304], [1475, 1305], [1474, 1306], [1474, 1308], [1474, 1309], [1474, 1310], [1474, 1312], [1475, 1313], [1476, 1314], [1477, 1315], [1478, 1316], [1480, 1317], [1481, 1317], [1483, 1317], [1484, 1316], [1486, 1315], [1487, 1314], [1488, 1313], [1488, 1312], [1489, 1310], [1489, 1309]]]",04/16/2026 15:55,pad
351,GND.png,"[[[1241, 1425], [1241, 1423], [1241, 1422], [1240, 1421], [1239, 1420], [1238, 1419], [1236, 1418], [1235, 1417], [1234, 1417], [1232, 1417], [1231, 1418], [1229, 1419], [1228, 1420], [1227, 1421], [1226, 1422], [1226, 1423], [1226, 1425], [1226, 1426], [1226, 1428], [1227, 1429], [1228, 1430], [1229, 1431], [1231, 1432], [1232, 1432], [1234, 1433], [1235, 1432], [1236, 1432], [1238, 1431], [1239, 1430], [1240, 1429], [1241, 1428], [1241, 1426], [1241, 1425]]]",04/16/2026 15:55,pad
352,GND.png,"[[[1263, 1441], [1262, 1440], [1262, 1438], [1261, 1437], [1260, 1436], [1259, 1435], [1258, 1434], [1256, 1434], [1255, 1433], [1253, 1434], [1252, 1434], [1251, 1435], [1250, 1436], [1249, 1437], [1248, 1438], [1247, 1440], [1247, 1441], [1247, 1443], [1248, 1444], [1249, 1445], [1250, 1447], [1251, 1447], [1252, 1448], [1253, 1449], [1255, 1449], [1256, 1449], [1258, 1448], [1259, 1447], [1260, 1447], [1261, 1445], [1262, 1444], [1262, 1443], [1263, 1441]]]",04/16/2026 15:55,pad
353,GND.png,"[[[1488, 1335], [1488, 1334], [1488, 1332], [1487, 1331], [1486, 1330], [1485, 1329], [1483, 1328], [1482, 1328], [1480, 1328], [1479, 1328], [1478, 1328], [1476, 1329], [1475, 1330], [1474, 1331], [1473, 1332], [1473, 1334], [1473, 1335], [1473, 1337], [1473, 1338], [1474, 1340], [1475, 1341], [1476, 1342], [1478, 1342], [1479, 1343], [1480, 1343], [1482, 1343], [1483, 1342], [1485, 1342], [1486, 1341], [1487, 1340], [1488, 1338], [1488, 1337], [1488, 1335]]]",04/16/2026 15:55,pad
354,GND.png,"[[[1488, 1361], [1488, 1360], [1488, 1359], [1487, 1357], [1486, 1356], [1485, 1355], [1484, 1354], [1482, 1354], [1481, 1354], [1479, 1354], [1478, 1354], [1476, 1355], [1475, 1356], [1474, 1357], [1474, 1359], [1473, 1360], [1473, 1361], [1473, 1363], [1474, 1364], [1474, 1366], [1475, 1367], [1476, 1368], [1478, 1369], [1479, 1369], [1481, 1369], [1482, 1369], [1484, 1369], [1485, 1368], [1486, 1367], [1487, 1366], [1488, 1364], [1488, 1363], [1488, 1361]]]",04/16/2026 15:55,pad
355,GND.png,"[[[1292, 1069], [1292, 1067], [1291, 1066], [1291, 1064], [1290, 1063], [1288, 1062], [1287, 1062], [1286, 1061], [1284, 1061], [1283, 1061], [1281, 1062], [1280, 1062], [1279, 1063], [1278, 1064], [1277, 1066], [1277, 1067], [1277, 1069], [1277, 1070], [1277, 1072], [1278, 1073], [1279, 1074], [1280, 1075], [1281, 1076], [1283, 1076], [1284, 1076], [1286, 1076], [1287, 1076], [1288, 1075], [1290, 1074], [1291, 1073], [1291, 1072], [1292, 1070], [1292, 1069]]]",04/16/2026 15:55,pad
356,GND.png,"[[[2341, 186], [2341, 184], [2340, 183], [2339, 182], [2338, 180], [2337, 180], [2336, 179], [2335, 178], [2333, 178], [2332, 178], [2330, 179], [2329, 180], [2328, 180], [2327, 182], [2326, 183], [2326, 184], [2325, 186], [2326, 187], [2326, 189], [2327, 190], [2328, 191], [2329, 192], [2330, 193], [2332, 193], [2333, 194], [2335, 193], [2336, 193], [2337, 192], [2338, 191], [2339, 190], [2340, 189], [2341, 187], [2341, 186]]]",04/16/2026 15:55,pad
357,GND.png,"[[[2273, 115], [2273, 114], [2273, 112], [2272, 111], [2271, 110], [2270, 109], [2268, 108], [2267, 108], [2265, 108], [2264, 108], [2262, 108], [2261, 109], [2260, 110], [2259, 111], [2258, 112], [2258, 114], [2258, 115], [2258, 117], [2258, 118], [2259, 120], [2260, 121], [2261, 122], [2262, 122], [2264, 123], [2265, 123], [2267, 123], [2268, 122], [2270, 122], [2271, 121], [2272, 120], [2273, 118], [2273, 117], [2273, 115]]]",04/16/2026 15:55,pad
358,GND.png,"[[[1954, 127], [1954, 126], [1953, 124], [1953, 123], [1952, 122], [1951, 121], [1949, 120], [1948, 120], [1946, 120], [1945, 120], [1943, 120], [1942, 121], [1941, 122], [1940, 123], [1939, 124], [1939, 126], [1939, 127], [1939, 129], [1939, 130], [1940, 132], [1941, 133], [1942, 134], [1943, 134], [1945, 135], [1946, 135], [1948, 135], [1949, 134], [1951, 134], [1952, 133], [1953, 132], [1953, 130], [1954, 129], [1954, 127]]]",04/16/2026 15:55,pad
359,GND.png,"[[[2017, 255], [2017, 254], [2016, 252], [2016, 251], [2015, 250], [2014, 249], [2012, 248], [2011, 248], [2009, 248], [2008, 248], [2006, 248], [2005, 249], [2004, 250], [2003, 251], [2002, 252], [2002, 254], [2002, 255], [2002, 257], [2002, 258], [2003, 259], [2004, 261], [2005, 262], [2006, 262], [2008, 263], [2009, 263], [2011, 263], [2012, 262], [2014, 262], [2015, 261], [2016, 259], [2016, 258], [2017, 257], [2017, 255]]]",04/16/2026 15:55,pad
360,GND.png,"[[[2242, 1569], [2242, 1565], [2240, 1562], [2239, 1558], [2236, 1555], [2233, 1553], [2229, 1551], [2226, 1550], [2222, 1549], [2218, 1550], [2214, 1551], [2211, 1553], [2208, 1555], [2205, 1558], [2203, 1562], [2202, 1565], [2202, 1569], [2202, 1573], [2203, 1577], [2205, 1580], [2208, 1583], [2211, 1586], [2214, 1588], [2218, 1589], [2222, 1589], [2226, 1589], [2229, 1588], [2233, 1586], [2236, 1583], [2239, 1580], [2240, 1577], [2242, 1573], [2242, 1569]]]",04/16/2026 15:55,pad
361,GND.png,"[[[2242, 1493], [2242, 1489], [2240, 1485], [2239, 1482], [2236, 1479], [2233, 1476], [2229, 1474], [2226, 1473], [2222, 1473], [2218, 1473], [2214, 1474], [2211, 1476], [2208, 1479], [2205, 1482], [2203, 1485], [2202, 1489], [2202, 1493], [2202, 1497], [2203, 1500], [2205, 1504], [2208, 1507], [2211, 1509], [2214, 1511], [2218, 1512], [2222, 1513], [2226, 1512], [2229, 1511], [2233, 1509], [2236, 1507], [2239, 1504], [2240, 1500], [2242, 1497], [2242, 1493]]]",04/16/2026 15:55,pad
362,GND.png,"[[[2319, 1569], [2318, 1565], [2317, 1562], [2315, 1558], [2313, 1555], [2310, 1553], [2306, 1551], [2303, 1550], [2299, 1549], [2295, 1550], [2291, 1551], [2287, 1553], [2284, 1555], [2282, 1558], [2280, 1562], [2279, 1565], [2279, 1569], [2279, 1573], [2280, 1577], [2282, 1580], [2284, 1583], [2287, 1586], [2291, 1588], [2295, 1589], [2299, 1589], [2303, 1589], [2306, 1588], [2310, 1586], [2313, 1583], [2315, 1580], [2317, 1577], [2318, 1573], [2319, 1569]]]",04/16/2026 15:55,pad
363,GND.png,"[[[2279, 1513], [2319, 1513], [2319, 1473], [2279, 1473], [2279, 1513]]]",04/16/2026 15:55,pad
364,GND.png,"[[[2448, 1569], [2447, 1562], [2445, 1555], [2441, 1548], [2436, 1542], [2431, 1538], [2424, 1534], [2417, 1532], [2409, 1531], [2402, 1532], [2394, 1534], [2388, 1538], [2382, 1542], [2377, 1548], [2374, 1555], [2372, 1562], [2371, 1569], [2372, 1577], [2374, 1584], [2377, 1591], [2382, 1596], [2388, 1601], [2394, 1605], [2402, 1607], [2409, 1608], [2417, 1607], [2424, 1605], [2431, 1601], [2436, 1596], [2441, 1591], [2445, 1584], [2447, 1577], [2448, 1569]]]",04/16/2026 15:55,pad
365,GND.png,"[[[2319, 1646], [2318, 1642], [2317, 1638], [2315, 1635], [2313, 1632], [2310, 1629], [2306, 1627], [2303, 1626], [2299, 1626], [2295, 1626], [2291, 1627], [2287, 1629], [2284, 1632], [2282, 1635], [2280, 1638], [2279, 1642], [2279, 1646], [2279, 1650], [2280, 1653], [2282, 1657], [2284, 1660], [2287, 1662], [2291, 1664], [2295, 1665], [2299, 1666], [2303, 1665], [2306, 1664], [2310, 1662], [2313, 1660], [2315, 1657], [2317, 1653], [2318, 1650], [2319, 1646]]]",04/16/2026 15:55,pad
366,GND.png,"[[[2242, 1646], [2242, 1642], [2240, 1638], [2239, 1635], [2236, 1632], [2233, 1629], [2229, 1627], [2226, 1626], [2222, 1626], [2218, 1626], [2214, 1627], [2211, 1629], [2208, 1632], [2205, 1635], [2203, 1638], [2202, 1642], [2202, 1646], [2202, 1650], [2203, 1653], [2205, 1657], [2208, 1660], [2211, 1662], [2214, 1664], [2218, 1665], [2222, 1666], [2226, 1665], [2229, 1664], [2233, 1662], [2236, 1660], [2239, 1657], [2240, 1653], [2242, 1650], [2242, 1646]]]",04/16/2026 15:55,pad
367,GND.png,"[[[2441, 1277], [2440, 1270], [2438, 1263], [2435, 1257], [2430, 1251], [2425, 1247], [2418, 1243], [2411, 1241], [2404, 1240], [2397, 1241], [2390, 1243], [2383, 1247], [2378, 1251], [2373, 1257], [2370, 1263], [2367, 1270], [2367, 1277], [2367, 1285], [2370, 1292], [2373, 1298], [2378, 1304], [2383, 1308], [2390, 1312], [2397, 1314], [2404, 1315], [2411, 1314], [2418, 1312], [2425, 1308], [2430, 1304], [2435, 1298], [2438, 1292], [2440, 1285], [2441, 1277]]]",04/16/2026 15:55,pad
368,GND.png,"[[[2441, 1168], [2440, 1161], [2438, 1154], [2435, 1147], [2430, 1142], [2425, 1137], [2418, 1134], [2411, 1131], [2404, 1131], [2397, 1131], [2390, 1134], [2383, 1137], [2378, 1142], [2373, 1147], [2370, 1154], [2367, 1161], [2367, 1168], [2367, 1175], [2370, 1182], [2373, 1188], [2378, 1194], [2383, 1199], [2390, 1202], [2397, 1204], [2404, 1205], [2411, 1204], [2418, 1202], [2425, 1199], [2430, 1194], [2435, 1188], [2438, 1182], [2440, 1175], [2441, 1168]]]",04/16/2026 15:55,pad
369,GND.png,"[[[2236, 1223], [2236, 1219], [2235, 1215], [2233, 1212], [2230, 1209], [2227, 1207], [2224, 1205], [2220, 1204], [2217, 1203], [2213, 1204], [2209, 1205], [2206, 1207], [2203, 1209], [2200, 1212], [2199, 1215], [2197, 1219], [2197, 1223], [2197, 1226], [2199, 1230], [2200, 1233], [2203, 1236], [2206, 1239], [2209, 1241], [2213, 1242], [2217, 1242], [2220, 1242], [2224, 1241], [2227, 1239], [2230, 1236], [2233, 1233], [2235, 1230], [2236, 1226], [2236, 1223]]]",04/16/2026 15:55,pad
370,GND.png,"[[[2274, 1242], [2313, 1242], [2313, 1203], [2274, 1203], [2274, 1242]]]",04/16/2026 15:55,pad
371,GND.png,"[[[2236, 970], [2236, 966], [2235, 963], [2233, 959], [2230, 956], [2227, 954], [2224, 952], [2220, 951], [2217, 951], [2213, 951], [2209, 952], [2206, 954], [2203, 956], [2200, 959], [2199, 963], [2197, 966], [2197, 970], [2197, 974], [2199, 977], [2200, 981], [2203, 984], [2206, 986], [2209, 988], [2213, 989], [2217, 989], [2220, 989], [2224, 988], [2227, 986], [2230, 984], [2233, 981], [2235, 977], [2236, 974], [2236, 970]]]",04/16/2026 15:55,pad
372,GND.png,"[[[2441, 915], [2440, 908], [2438, 901], [2435, 895], [2430, 889], [2425, 884], [2418, 881], [2411, 879], [2404, 878], [2397, 879], [2390, 881], [2383, 884], [2378, 889], [2373, 895], [2370, 901], [2367, 908], [2367, 915], [2367, 922], [2370, 929], [2373, 936], [2378, 941], [2383, 946], [2390, 949], [2397, 952], [2404, 952], [2411, 952], [2418, 949], [2425, 946], [2430, 941], [2435, 936], [2438, 929], [2440, 922], [2441, 915]]]",04/16/2026 15:55,pad
373,GND.png,"[[[2441, 1025], [2440, 1018], [2438, 1011], [2435, 1004], [2430, 999], [2425, 994], [2418, 991], [2411, 988], [2404, 988], [2397, 988], [2390, 991], [2383, 994], [2378, 999], [2373, 1004], [2370, 1011], [2367, 1018], [2367, 1025], [2367, 1032], [2370, 1039], [2373, 1045], [2378, 1051], [2383, 1056], [2390, 1059], [2397, 1061], [2404, 1062], [2411, 1061], [2418, 1059], [2425, 1056], [2430, 1051], [2435, 1045], [2438, 1039], [2440, 1032], [2441, 1025]]]",04/16/2026 15:55,pad
374,GND.png,"[[[2274, 989], [2313, 989], [2313, 951], [2274, 951], [2274, 989]]]",04/16/2026 15:55,pad
375,GND.png,"[[[457, 1522], [457, 1519], [455, 1515], [454, 1512], [451, 1509], [448, 1506], [445, 1504], [441, 1503], [437, 1503], [434, 1503], [430, 1504], [427, 1506], [424, 1509], [421, 1512], [420, 1515], [418, 1519], [418, 1522], [418, 1526], [420, 1530], [421, 1533], [424, 1536], [427, 1538], [430, 1540], [434, 1541], [437, 1542], [441, 1541], [445, 1540], [448, 1538], [451, 1536], [454, 1533], [455, 1530], [457, 1526], [457, 1522]]]",04/16/2026 15:55,pad
376,GND.png,"[[[1302, 893], [1302, 891], [1301, 888], [1300, 886], [1298, 884], [1297, 883], [1294, 881], [1292, 881], [1289, 880], [1287, 881], [1285, 881], [1282, 883], [1280, 884], [1279, 886], [1278, 888], [1277, 891], [1277, 893], [1277, 896], [1278, 898], [1279, 900], [1280, 902], [1282, 904], [1285, 905], [1287, 906], [1289, 906], [1292, 906], [1294, 905], [1297, 904], [1298, 902], [1300, 900], [1301, 898], [1302, 896], [1302, 893]]]",04/16/2026 15:55,pad
377,GND.png,"[[[341, 1542], [380, 1542], [380, 1503], [341, 1503], [341, 1542]]]",04/16/2026 15:55,pad
378,GND.png,"[[[1342, 2316], [1342, 2312], [1341, 2309], [1339, 2306], [1337, 2303], [1334, 2301], [1331, 2299], [1328, 2298], [1324, 2298], [1321, 2298], [1317, 2299], [1314, 2301], [1312, 2303], [1309, 2306], [1308, 2309], [1307, 2312], [1306, 2316], [1307, 2319], [1308, 2322], [1309, 2326], [1312, 2328], [1314, 2330], [1317, 2332], [1321, 2333], [1324, 2334], [1328, 2333], [1331, 2332], [1334, 2330], [1337, 2328], [1339, 2326], [1341, 2322], [1342, 2319], [1342, 2316]]]",04/16/2026 15:55,pad
379,GND.png,"[[[1519, 2388], [1519, 2385], [1518, 2381], [1516, 2378], [1514, 2375], [1511, 2373], [1508, 2372], [1504, 2371], [1501, 2370], [1497, 2371], [1494, 2372], [1491, 2373], [1488, 2375], [1486, 2378], [1484, 2381], [1483, 2385], [1483, 2388], [1483, 2392], [1484, 2395], [1486, 2398], [1488, 2401], [1491, 2403], [1494, 2405], [1497, 2406], [1501, 2406], [1504, 2406], [1508, 2405], [1511, 2403], [1514, 2401], [1516, 2398], [1518, 2395], [1519, 2392], [1519, 2388]]]",04/16/2026 15:55,pad
380,GND.png,"[[[246, 714], [285, 714], [285, 675], [246, 675], [246, 714]]]",04/16/2026 15:55,pad
381,GND.png,"[[[511, 402], [510, 398], [509, 395], [507, 391], [505, 388], [502, 386], [498, 384], [495, 383], [491, 383], [487, 383], [484, 384], [480, 386], [477, 388], [475, 391], [473, 395], [472, 398], [471, 402], [472, 406], [473, 410], [475, 413], [477, 416], [480, 418], [484, 420], [487, 421], [491, 422], [495, 421], [498, 420], [502, 418], [505, 416], [507, 413], [509, 410], [510, 406], [511, 402]]]",04/16/2026 15:55,pad
382,GND.png,"[[[357, 402], [357, 398], [355, 395], [354, 391], [351, 388], [348, 386], [345, 384], [341, 383], [337, 383], [334, 383], [330, 384], [327, 386], [324, 388], [321, 391], [319, 395], [318, 398], [318, 402], [318, 406], [319, 410], [321, 413], [324, 416], [327, 418], [330, 420], [334, 421], [337, 422], [341, 421], [345, 420], [348, 418], [351, 416], [354, 413], [355, 410], [357, 406], [357, 402]]]",04/16/2026 15:55,pad
383,GND.png,"[[[912, 402], [911, 398], [910, 395], [908, 391], [906, 388], [903, 386], [900, 384], [896, 383], [892, 383], [888, 383], [885, 384], [881, 386], [878, 388], [876, 391], [874, 395], [873, 398], [873, 402], [873, 406], [874, 410], [876, 413], [878, 416], [881, 418], [885, 420], [888, 421], [892, 422], [896, 421], [900, 420], [903, 418], [906, 416], [908, 413], [910, 410], [911, 406], [912, 402]]]",04/16/2026 15:55,pad
384,GND.png,"[[[758, 402], [758, 398], [757, 395], [755, 391], [752, 388], [749, 386], [746, 384], [742, 383], [739, 383], [735, 383], [731, 384], [728, 386], [725, 388], [722, 391], [721, 395], [719, 398], [719, 402], [719, 406], [721, 410], [722, 413], [725, 416], [728, 418], [731, 420], [735, 421], [739, 422], [742, 421], [746, 420], [749, 418], [752, 416], [755, 413], [757, 410], [758, 406], [758, 402]]]",04/16/2026 15:55,pad
385,GND.png,"[[[1590, 2388], [1589, 2385], [1588, 2381], [1587, 2378], [1584, 2375], [1582, 2373], [1578, 2372], [1575, 2371], [1572, 2370], [1568, 2371], [1565, 2372], [1562, 2373], [1559, 2375], [1557, 2378], [1555, 2381], [1554, 2385], [1554, 2388], [1554, 2392], [1555, 2395], [1557, 2398], [1559, 2401], [1562, 2403], [1565, 2405], [1568, 2406], [1572, 2406], [1575, 2406], [1578, 2405], [1582, 2403], [1584, 2401], [1587, 2398], [1588, 2395], [1589, 2392], [1590, 2388]]]",04/16/2026 15:55,pad
386,GND.png,"[[[1731, 2388], [1730, 2385], [1729, 2381], [1728, 2378], [1726, 2375], [1723, 2373], [1720, 2372], [1716, 2371], [1713, 2370], [1709, 2371], [1706, 2372], [1703, 2373], [1700, 2375], [1698, 2378], [1696, 2381], [1695, 2385], [1695, 2388], [1695, 2392], [1696, 2395], [1698, 2398], [1700, 2401], [1703, 2403], [1706, 2405], [1709, 2406], [1713, 2406], [1716, 2406], [1720, 2405], [1723, 2403], [1726, 2401], [1728, 2398], [1729, 2395], [1730, 2392], [1731, 2388]]]",04/16/2026 15:55,pad
387,GND.png,"[[[1837, 2316], [1836, 2312], [1835, 2309], [1834, 2306], [1832, 2303], [1829, 2301], [1826, 2299], [1822, 2298], [1819, 2298], [1815, 2298], [1812, 2299], [1809, 2301], [1806, 2303], [1804, 2306], [1802, 2309], [1801, 2312], [1801, 2316], [1801, 2319], [1802, 2322], [1804, 2326], [1806, 2328], [1809, 2330], [1812, 2332], [1815, 2333], [1819, 2334], [1822, 2333], [1826, 2332], [1829, 2330], [1832, 2328], [1834, 2326], [1835, 2322], [1836, 2319], [1837, 2316]]]",04/16/2026 15:55,pad
388,GND.png,"[[[1237, 893], [1237, 891], [1236, 888], [1235, 886], [1233, 884], [1232, 883], [1229, 881], [1227, 881], [1224, 880], [1222, 881], [1220, 881], [1217, 883], [1215, 884], [1214, 886], [1213, 888], [1212, 891], [1212, 893], [1212, 896], [1213, 898], [1214, 900], [1215, 902], [1217, 904], [1220, 905], [1222, 906], [1224, 906], [1227, 906], [1229, 905], [1232, 904], [1233, 902], [1235, 900], [1236, 898], [1237, 896], [1237, 893]]]",04/16/2026 15:55,pad
389,GND.png,"[[[1270, 893], [1269, 891], [1269, 888], [1268, 886], [1266, 884], [1264, 883], [1262, 881], [1259, 881], [1257, 880], [1254, 881], [1252, 881], [1250, 883], [1248, 884], [1246, 886], [1245, 888], [1244, 891], [1244, 893], [1244, 896], [1245, 898], [1246, 900], [1248, 902], [1250, 904], [1252, 905], [1254, 906], [1257, 906], [1259, 906], [1262, 905], [1264, 904], [1266, 902], [1268, 900], [1269, 898], [1269, 896], [1270, 893]]]",04/16/2026 15:55,pad
390,GND.png,"[[[1172, 893], [1172, 891], [1171, 888], [1170, 886], [1168, 884], [1166, 883], [1164, 881], [1162, 881], [1159, 880], [1157, 881], [1154, 881], [1152, 883], [1150, 884], [1149, 886], [1148, 888], [1147, 891], [1147, 893], [1147, 896], [1148, 898], [1149, 900], [1150, 902], [1152, 904], [1154, 905], [1157, 906], [1159, 906], [1162, 906], [1164, 905], [1166, 904], [1168, 902], [1170, 900], [1171, 898], [1172, 896], [1172, 893]]]",04/16/2026 15:55,pad
391,GND.png,"[[[1907, 2316], [1907, 2312], [1906, 2309], [1904, 2306], [1902, 2303], [1900, 2301], [1896, 2299], [1893, 2298], [1890, 2298], [1886, 2298], [1883, 2299], [1880, 2301], [1877, 2303], [1875, 2306], [1873, 2309], [1872, 2312], [1872, 2316], [1872, 2319], [1873, 2322], [1875, 2326], [1877, 2328], [1880, 2330], [1883, 2332], [1886, 2333], [1890, 2334], [1893, 2333], [1896, 2332], [1900, 2330], [1902, 2328], [1904, 2326], [1906, 2322], [1907, 2319], [1907, 2316]]]",04/16/2026 15:55,pad
392,GND.png,"[[[1907, 2406], [1943, 2406], [1943, 2370], [1907, 2370], [1907, 2406]]]",04/16/2026 15:55,pad
393,GND.png,"[[[380, 1446], [380, 1442], [379, 1438], [377, 1435], [374, 1432], [372, 1430], [368, 1428], [364, 1427], [361, 1426], [357, 1427], [353, 1428], [350, 1430], [347, 1432], [345, 1435], [343, 1438], [342, 1442], [341, 1446], [342, 1450], [343, 1453], [345, 1457], [347, 1460], [350, 1462], [353, 1464], [357, 1465], [361, 1465], [364, 1465], [368, 1464], [372, 1462], [374, 1460], [377, 1457], [379, 1453], [380, 1450], [380, 1446]]]",04/16/2026 15:55,pad
394,GND.png,"[[[457, 1446], [457, 1442], [455, 1438], [454, 1435], [451, 1432], [448, 1430], [445, 1428], [441, 1427], [437, 1426], [434, 1427], [430, 1428], [427, 1430], [424, 1432], [421, 1435], [420, 1438], [418, 1442], [418, 1446], [418, 1450], [420, 1453], [421, 1457], [424, 1460], [427, 1462], [430, 1464], [434, 1465], [437, 1465], [441, 1465], [445, 1464], [448, 1462], [451, 1460], [454, 1457], [455, 1453], [457, 1450], [457, 1446]]]",04/16/2026 15:55,pad
395,GND.png,"[[[287, 1577], [287, 1570], [285, 1563], [281, 1557], [276, 1551], [271, 1546], [264, 1543], [257, 1541], [250, 1540], [243, 1541], [236, 1543], [229, 1546], [224, 1551], [219, 1557], [216, 1563], [214, 1570], [213, 1577], [214, 1584], [216, 1591], [219, 1598], [224, 1603], [229, 1608], [236, 1611], [243, 1614], [250, 1614], [257, 1614], [264, 1611], [271, 1608], [276, 1603], [281, 1598], [285, 1591], [287, 1584], [287, 1577]]]",04/16/2026 15:55,pad
396,GND.png,"[[[287, 1391], [287, 1384], [285, 1377], [281, 1370], [276, 1365], [271, 1360], [264, 1357], [257, 1355], [250, 1354], [243, 1355], [236, 1357], [229, 1360], [224, 1365], [219, 1370], [216, 1377], [214, 1384], [213, 1391], [214, 1398], [216, 1405], [219, 1412], [224, 1417], [229, 1422], [236, 1425], [243, 1427], [250, 1428], [257, 1427], [264, 1425], [271, 1422], [276, 1417], [281, 1412], [285, 1405], [287, 1398], [287, 1391]]]",04/16/2026 15:55,pad
397,GND.png,"[[[1205, 893], [1204, 891], [1204, 888], [1203, 886], [1201, 884], [1199, 883], [1197, 881], [1194, 881], [1192, 880], [1189, 881], [1187, 881], [1185, 883], [1183, 884], [1181, 886], [1180, 888], [1179, 891], [1179, 893], [1179, 896], [1180, 898], [1181, 900], [1183, 902], [1185, 904], [1187, 905], [1189, 906], [1192, 906], [1194, 906], [1197, 905], [1199, 904], [1201, 902], [1203, 900], [1204, 898], [1204, 896], [1205, 893]]]",04/16/2026 15:55,pad
398,GND.png,"[[[1205, 926], [1204, 923], [1204, 921], [1203, 918], [1201, 917], [1199, 915], [1197, 914], [1194, 913], [1192, 913], [1189, 913], [1187, 914], [1185, 915], [1183, 917], [1181, 918], [1180, 921], [1179, 923], [1179, 926], [1179, 928], [1180, 930], [1181, 933], [1183, 935], [1185, 936], [1187, 937], [1189, 938], [1192, 938], [1194, 938], [1197, 937], [1199, 936], [1201, 935], [1203, 933], [1204, 930], [1204, 928], [1205, 926]]]",04/16/2026 15:55,pad
399,GND.png,"[[[1302, 926], [1302, 923], [1301, 921], [1300, 918], [1298, 917], [1297, 915], [1294, 914], [1292, 913], [1289, 913], [1287, 913], [1285, 914], [1282, 915], [1280, 917], [1279, 918], [1278, 921], [1277, 923], [1277, 926], [1277, 928], [1278, 930], [1279, 933], [1280, 935], [1282, 936], [1285, 937], [1287, 938], [1289, 938], [1292, 938], [1294, 937], [1297, 936], [1298, 935], [1300, 933], [1301, 930], [1302, 928], [1302, 926]]]",04/16/2026 15:55,pad
400,GND.png,"[[[1172, 926], [1172, 923], [1171, 921], [1170, 918], [1168, 917], [1166, 915], [1164, 914], [1162, 913], [1159, 913], [1157, 913], [1154, 914], [1152, 915], [1150, 917], [1149, 918], [1148, 921], [1147, 923], [1147, 926], [1147, 928], [1148, 930], [1149, 933], [1150, 935], [1152, 936], [1154, 937], [1157, 938], [1159, 938], [1162, 938], [1164, 937], [1166, 936], [1168, 935], [1170, 933], [1171, 930], [1172, 928], [1172, 926]]]",04/16/2026 15:55,pad
401,GND.png,"[[[1237, 926], [1237, 923], [1236, 921], [1235, 918], [1233, 917], [1232, 915], [1229, 914], [1227, 913], [1224, 913], [1222, 913], [1220, 914], [1217, 915], [1215, 917], [1214, 918], [1213, 921], [1212, 923], [1212, 926], [1212, 928], [1213, 930], [1214, 933], [1215, 935], [1217, 936], [1220, 937], [1222, 938], [1224, 938], [1227, 938], [1229, 937], [1232, 936], [1233, 935], [1235, 933], [1236, 930], [1237, 928], [1237, 926]]]",04/16/2026 15:55,pad
402,GND.png,"[[[1270, 926], [1269, 923], [1269, 921], [1268, 918], [1266, 917], [1264, 915], [1262, 914], [1259, 913], [1257, 913], [1254, 913], [1252, 914], [1250, 915], [1248, 917], [1246, 918], [1245, 921], [1244, 923], [1244, 926], [1244, 928], [1245, 930], [1246, 933], [1248, 935], [1250, 936], [1252, 937], [1254, 938], [1257, 938], [1259, 938], [1262, 937], [1264, 936], [1266, 935], [1268, 933], [1269, 930], [1269, 928], [1270, 926]]]",04/16/2026 15:55,pad
403,GND.png,"[[[1686, 2006], [1686, 2004], [1685, 2002], [1684, 2000], [1683, 1998], [1681, 1996], [1679, 1995], [1677, 1995], [1674, 1994], [1672, 1995], [1670, 1995], [1668, 1996], [1666, 1998], [1665, 2000], [1664, 2002], [1663, 2004], [1663, 2006], [1663, 2008], [1664, 2010], [1665, 2012], [1666, 2014], [1668, 2015], [1670, 2017], [1672, 2017], [1674, 2017], [1677, 2017], [1679, 2017], [1681, 2015], [1683, 2014], [1684, 2012], [1685, 2010], [1686, 2008], [1686, 2006]]]",04/16/2026 15:55,pad
404,GND.png,"[[[1609, 2006], [1609, 2004], [1608, 2002], [1607, 2000], [1606, 1998], [1604, 1996], [1602, 1995], [1600, 1995], [1598, 1994], [1595, 1995], [1593, 1995], [1591, 1996], [1589, 1998], [1588, 2000], [1587, 2002], [1586, 2004], [1586, 2006], [1586, 2008], [1587, 2010], [1588, 2012], [1589, 2014], [1591, 2015], [1593, 2017], [1595, 2017], [1598, 2017], [1600, 2017], [1602, 2017], [1604, 2015], [1606, 2014], [1607, 2012], [1608, 2010], [1609, 2008], [1609, 2006]]]",04/16/2026 15:55,pad
405,GND.png,"[[[1461, 2006], [1461, 2004], [1460, 2002], [1459, 2000], [1458, 1998], [1456, 1996], [1454, 1995], [1452, 1995], [1449, 1994], [1447, 1995], [1445, 1995], [1443, 1996], [1441, 1998], [1440, 2000], [1439, 2002], [1438, 2004], [1438, 2006], [1438, 2008], [1439, 2010], [1440, 2012], [1441, 2014], [1443, 2015], [1445, 2017], [1447, 2017], [1449, 2017], [1452, 2017], [1454, 2017], [1456, 2015], [1458, 2014], [1459, 2012], [1460, 2010], [1461, 2008], [1461, 2006]]]",04/16/2026 15:55,pad
406,GND.png,"[[[1384, 2006], [1384, 2004], [1383, 2002], [1382, 2000], [1381, 1998], [1379, 1996], [1377, 1995], [1375, 1995], [1373, 1994], [1370, 1995], [1368, 1995], [1366, 1996], [1364, 1998], [1363, 2000], [1362, 2002], [1361, 2004], [1361, 2006], [1361, 2008], [1362, 2010], [1363, 2012], [1364, 2014], [1366, 2015], [1368, 2017], [1370, 2017], [1373, 2017], [1375, 2017], [1377, 2017], [1379, 2015], [1381, 2014], [1382, 2012], [1383, 2010], [1384, 2008], [1384, 2006]]]",04/16/2026 15:55,pad
407,GND.png,"[[[1872, 2388], [1872, 2385], [1871, 2381], [1869, 2378], [1867, 2375], [1864, 2373], [1861, 2372], [1858, 2371], [1854, 2370], [1851, 2371], [1847, 2372], [1844, 2373], [1842, 2375], [1839, 2378], [1838, 2381], [1837, 2385], [1836, 2388], [1837, 2392], [1838, 2395], [1839, 2398], [1842, 2401], [1844, 2403], [1847, 2405], [1851, 2406], [1854, 2406], [1858, 2406], [1861, 2405], [1864, 2403], [1867, 2401], [1869, 2398], [1871, 2395], [1872, 2392], [1872, 2388]]]",04/16/2026 15:55,pad
408,GND.png,"[[[1024, 2388], [1024, 2385], [1023, 2381], [1021, 2378], [1019, 2375], [1016, 2373], [1013, 2372], [1010, 2371], [1006, 2370], [1003, 2371], [1000, 2372], [996, 2373], [994, 2375], [991, 2378], [990, 2381], [989, 2385], [988, 2388], [989, 2392], [990, 2395], [991, 2398], [994, 2401], [996, 2403], [1000, 2405], [1003, 2406], [1006, 2406], [1010, 2406], [1013, 2405], [1016, 2403], [1019, 2401], [1021, 2398], [1023, 2395], [1024, 2392], [1024, 2388]]]",04/16/2026 15:55,pad
409,GND.png,"[[[1236, 2388], [1236, 2385], [1235, 2381], [1233, 2378], [1231, 2375], [1228, 2373], [1225, 2372], [1222, 2371], [1218, 2370], [1215, 2371], [1211, 2372], [1208, 2373], [1206, 2375], [1203, 2378], [1202, 2381], [1201, 2385], [1200, 2388], [1201, 2392], [1202, 2395], [1203, 2398], [1206, 2401], [1208, 2403], [1211, 2405], [1215, 2406], [1218, 2406], [1222, 2406], [1225, 2405], [1228, 2403], [1231, 2401], [1233, 2398], [1235, 2395], [1236, 2392], [1236, 2388]]]",04/16/2026 15:55,pad
410,GND.png,"[[[1660, 2388], [1660, 2385], [1659, 2381], [1657, 2378], [1655, 2375], [1652, 2373], [1649, 2372], [1646, 2371], [1642, 2370], [1639, 2371], [1635, 2372], [1632, 2373], [1630, 2375], [1627, 2378], [1626, 2381], [1625, 2385], [1624, 2388], [1625, 2392], [1626, 2395], [1627, 2398], [1630, 2401], [1632, 2403], [1635, 2405], [1639, 2406], [1642, 2406], [1646, 2406], [1649, 2405], [1652, 2403], [1655, 2401], [1657, 2398], [1659, 2395], [1660, 2392], [1660, 2388]]]",04/16/2026 15:55,pad
411,GND.png,"[[[1554, 2316], [1554, 2312], [1553, 2309], [1551, 2306], [1549, 2303], [1546, 2301], [1543, 2299], [1540, 2298], [1536, 2298], [1533, 2298], [1529, 2299], [1526, 2301], [1524, 2303], [1521, 2306], [1520, 2309], [1519, 2312], [1518, 2316], [1519, 2319], [1520, 2322], [1521, 2326], [1524, 2328], [1526, 2330], [1529, 2332], [1533, 2333], [1536, 2334], [1540, 2333], [1543, 2332], [1546, 2330], [1549, 2328], [1551, 2326], [1553, 2322], [1554, 2319], [1554, 2316]]]",04/16/2026 15:55,pad
412,GND.png,"[[[1801, 2388], [1801, 2385], [1800, 2381], [1798, 2378], [1796, 2375], [1794, 2373], [1790, 2372], [1787, 2371], [1784, 2370], [1780, 2371], [1777, 2372], [1774, 2373], [1771, 2375], [1769, 2378], [1767, 2381], [1766, 2385], [1766, 2388], [1766, 2392], [1767, 2395], [1769, 2398], [1771, 2401], [1774, 2403], [1777, 2405], [1780, 2406], [1784, 2406], [1787, 2406], [1790, 2405], [1794, 2403], [1796, 2401], [1798, 2398], [1800, 2395], [1801, 2392], [1801, 2388]]]",04/16/2026 15:55,pad
413,GND.png,"[[[1448, 2388], [1448, 2385], [1447, 2381], [1445, 2378], [1443, 2375], [1440, 2373], [1437, 2372], [1434, 2371], [1430, 2370], [1427, 2371], [1423, 2372], [1420, 2373], [1418, 2375], [1415, 2378], [1414, 2381], [1413, 2385], [1412, 2388], [1413, 2392], [1414, 2395], [1415, 2398], [1418, 2401], [1420, 2403], [1423, 2405], [1427, 2406], [1430, 2406], [1434, 2406], [1437, 2405], [1440, 2403], [1443, 2401], [1445, 2398], [1447, 2395], [1448, 2392], [1448, 2388]]]",04/16/2026 15:55,pad
414,GND.png,"[[[1378, 2388], [1377, 2385], [1376, 2381], [1375, 2378], [1372, 2375], [1370, 2373], [1366, 2372], [1363, 2371], [1360, 2370], [1356, 2371], [1353, 2372], [1350, 2373], [1347, 2375], [1345, 2378], [1343, 2381], [1342, 2385], [1342, 2388], [1342, 2392], [1343, 2395], [1345, 2398], [1347, 2401], [1350, 2403], [1353, 2405], [1356, 2406], [1360, 2406], [1363, 2406], [1366, 2405], [1370, 2403], [1372, 2401], [1375, 2398], [1376, 2395], [1377, 2392], [1378, 2388]]]",04/16/2026 15:55,pad
415,GND.png,"[[[1307, 2388], [1307, 2385], [1306, 2381], [1304, 2378], [1302, 2375], [1299, 2373], [1296, 2372], [1292, 2371], [1289, 2370], [1285, 2371], [1282, 2372], [1279, 2373], [1276, 2375], [1274, 2378], [1272, 2381], [1271, 2385], [1271, 2388], [1271, 2392], [1272, 2395], [1274, 2398], [1276, 2401], [1279, 2403], [1282, 2405], [1285, 2406], [1289, 2406], [1292, 2406], [1296, 2405], [1299, 2403], [1302, 2401], [1304, 2398], [1306, 2395], [1307, 2392], [1307, 2388]]]",04/16/2026 15:55,pad
416,GND.png,"[[[1166, 2388], [1165, 2385], [1164, 2381], [1163, 2378], [1160, 2375], [1158, 2373], [1155, 2372], [1151, 2371], [1148, 2370], [1144, 2371], [1141, 2372], [1138, 2373], [1135, 2375], [1133, 2378], [1131, 2381], [1130, 2385], [1130, 2388], [1130, 2392], [1131, 2395], [1133, 2398], [1135, 2401], [1138, 2403], [1141, 2405], [1144, 2406], [1148, 2406], [1151, 2406], [1155, 2405], [1158, 2403], [1160, 2401], [1163, 2398], [1164, 2395], [1165, 2392], [1166, 2388]]]",04/16/2026 15:55,pad
417,GND.png,"[[[1095, 2388], [1095, 2385], [1094, 2381], [1092, 2378], [1090, 2375], [1087, 2373], [1084, 2372], [1081, 2371], [1077, 2370], [1074, 2371], [1070, 2372], [1067, 2373], [1064, 2375], [1062, 2378], [1060, 2381], [1059, 2385], [1059, 2388], [1059, 2392], [1060, 2395], [1062, 2398], [1064, 2401], [1067, 2403], [1070, 2405], [1074, 2406], [1077, 2406], [1081, 2406], [1084, 2405], [1087, 2403], [1090, 2401], [1092, 2398], [1094, 2395], [1095, 2392], [1095, 2388]]]",04/16/2026 15:55,pad
418,GND.png,"[[[742, 2388], [741, 2385], [740, 2381], [739, 2378], [736, 2375], [734, 2373], [731, 2372], [727, 2371], [724, 2370], [720, 2371], [717, 2372], [714, 2373], [711, 2375], [709, 2378], [707, 2381], [706, 2385], [706, 2388], [706, 2392], [707, 2395], [709, 2398], [711, 2401], [714, 2403], [717, 2405], [720, 2406], [724, 2406], [727, 2406], [731, 2405], [734, 2403], [736, 2401], [739, 2398], [740, 2395], [741, 2392], [742, 2388]]]",04/16/2026 15:55,pad
419,GND.png,"[[[671, 2388], [671, 2385], [670, 2381], [668, 2378], [666, 2375], [663, 2373], [660, 2372], [657, 2371], [653, 2370], [650, 2371], [646, 2372], [643, 2373], [640, 2375], [638, 2378], [637, 2381], [636, 2385], [635, 2388], [636, 2392], [637, 2395], [638, 2398], [640, 2401], [643, 2403], [646, 2405], [650, 2406], [653, 2406], [657, 2406], [660, 2405], [663, 2403], [666, 2401], [668, 2398], [670, 2395], [671, 2392], [671, 2388]]]",04/16/2026 15:55,pad
420,GND.png,"[[[1696, 2316], [1695, 2312], [1694, 2309], [1692, 2306], [1690, 2303], [1688, 2301], [1684, 2299], [1681, 2298], [1678, 2298], [1674, 2298], [1671, 2299], [1668, 2301], [1665, 2303], [1663, 2306], [1661, 2309], [1660, 2312], [1660, 2316], [1660, 2319], [1661, 2322], [1663, 2326], [1665, 2328], [1668, 2330], [1671, 2332], [1674, 2333], [1678, 2334], [1681, 2333], [1684, 2332], [1688, 2330], [1690, 2328], [1692, 2326], [1694, 2322], [1695, 2319], [1696, 2316]]]",04/16/2026 15:55,pad
421,GND.png,"[[[1625, 2316], [1625, 2312], [1623, 2309], [1622, 2306], [1620, 2303], [1617, 2301], [1614, 2299], [1610, 2298], [1607, 2298], [1603, 2298], [1600, 2299], [1597, 2301], [1594, 2303], [1592, 2306], [1590, 2309], [1589, 2312], [1589, 2316], [1589, 2319], [1590, 2322], [1592, 2326], [1594, 2328], [1597, 2330], [1600, 2332], [1603, 2333], [1607, 2334], [1610, 2333], [1614, 2332], [1617, 2330], [1620, 2328], [1622, 2326], [1623, 2322], [1625, 2319], [1625, 2316]]]",04/16/2026 15:55,pad
422,GND.png,"[[[1484, 2316], [1483, 2312], [1482, 2309], [1481, 2306], [1478, 2303], [1476, 2301], [1472, 2299], [1469, 2298], [1466, 2298], [1462, 2298], [1459, 2299], [1456, 2301], [1453, 2303], [1451, 2306], [1449, 2309], [1448, 2312], [1448, 2316], [1448, 2319], [1449, 2322], [1451, 2326], [1453, 2328], [1456, 2330], [1459, 2332], [1462, 2333], [1466, 2334], [1469, 2333], [1472, 2332], [1476, 2330], [1478, 2328], [1481, 2326], [1482, 2322], [1483, 2319], [1484, 2316]]]",04/16/2026 15:55,pad
423,GND.png,"[[[1413, 2316], [1413, 2312], [1412, 2309], [1410, 2306], [1408, 2303], [1405, 2301], [1402, 2299], [1398, 2298], [1395, 2298], [1391, 2298], [1388, 2299], [1385, 2301], [1382, 2303], [1380, 2306], [1378, 2309], [1377, 2312], [1377, 2316], [1377, 2319], [1378, 2322], [1380, 2326], [1382, 2328], [1385, 2330], [1388, 2332], [1391, 2333], [1395, 2334], [1398, 2333], [1402, 2332], [1405, 2330], [1408, 2328], [1410, 2326], [1412, 2322], [1413, 2319], [1413, 2316]]]",04/16/2026 15:55,pad
424,GND.png,"[[[1272, 2316], [1271, 2312], [1270, 2309], [1269, 2306], [1266, 2303], [1264, 2301], [1261, 2299], [1257, 2298], [1254, 2298], [1250, 2298], [1247, 2299], [1244, 2301], [1241, 2303], [1239, 2306], [1237, 2309], [1236, 2312], [1236, 2316], [1236, 2319], [1237, 2322], [1239, 2326], [1241, 2328], [1244, 2330], [1247, 2332], [1250, 2333], [1254, 2334], [1257, 2333], [1261, 2332], [1264, 2330], [1266, 2328], [1269, 2326], [1270, 2322], [1271, 2319], [1272, 2316]]]",04/16/2026 15:55,pad
425,GND.png,"[[[1201, 2316], [1201, 2312], [1200, 2309], [1198, 2306], [1196, 2303], [1193, 2301], [1190, 2299], [1186, 2298], [1183, 2298], [1180, 2298], [1176, 2299], [1173, 2301], [1170, 2303], [1168, 2306], [1166, 2309], [1165, 2312], [1165, 2316], [1165, 2319], [1166, 2322], [1168, 2326], [1170, 2328], [1173, 2330], [1176, 2332], [1180, 2333], [1183, 2334], [1186, 2333], [1190, 2332], [1193, 2330], [1196, 2328], [1198, 2326], [1200, 2322], [1201, 2319], [1201, 2316]]]",04/16/2026 15:55,pad
426,GND.png,"[[[1130, 2316], [1130, 2312], [1129, 2309], [1127, 2306], [1125, 2303], [1122, 2301], [1119, 2299], [1116, 2298], [1112, 2298], [1109, 2298], [1105, 2299], [1102, 2301], [1100, 2303], [1097, 2306], [1096, 2309], [1095, 2312], [1094, 2316], [1095, 2319], [1096, 2322], [1097, 2326], [1100, 2328], [1102, 2330], [1105, 2332], [1109, 2333], [1112, 2334], [1116, 2333], [1119, 2332], [1122, 2330], [1125, 2328], [1127, 2326], [1129, 2322], [1130, 2319], [1130, 2316]]]",04/16/2026 15:55,pad
427,GND.png,"[[[1060, 2316], [1059, 2312], [1058, 2309], [1057, 2306], [1054, 2303], [1052, 2301], [1049, 2299], [1045, 2298], [1042, 2298], [1038, 2298], [1035, 2299], [1032, 2301], [1029, 2303], [1027, 2306], [1025, 2309], [1024, 2312], [1024, 2316], [1024, 2319], [1025, 2322], [1027, 2326], [1029, 2328], [1032, 2330], [1035, 2332], [1038, 2333], [1042, 2334], [1045, 2333], [1049, 2332], [1052, 2330], [1054, 2328], [1057, 2326], [1058, 2322], [1059, 2319], [1060, 2316]]]",04/16/2026 15:55,pad
428,GND.png,"[[[989, 2316], [989, 2312], [988, 2309], [986, 2306], [984, 2303], [981, 2301], [978, 2299], [975, 2298], [971, 2298], [968, 2298], [964, 2299], [961, 2301], [958, 2303], [956, 2306], [954, 2309], [953, 2312], [953, 2316], [953, 2319], [954, 2322], [956, 2326], [958, 2328], [961, 2330], [964, 2332], [968, 2333], [971, 2334], [975, 2333], [978, 2332], [981, 2330], [984, 2328], [986, 2326], [988, 2322], [989, 2319], [989, 2316]]]",04/16/2026 15:55,pad
429,GND.png,"[[[918, 2316], [918, 2312], [917, 2309], [915, 2306], [913, 2303], [910, 2301], [907, 2299], [904, 2298], [900, 2298], [897, 2298], [894, 2299], [890, 2301], [888, 2303], [885, 2306], [884, 2309], [883, 2312], [882, 2316], [883, 2319], [884, 2322], [885, 2326], [888, 2328], [890, 2330], [894, 2332], [897, 2333], [900, 2334], [904, 2333], [907, 2332], [910, 2330], [913, 2328], [915, 2326], [917, 2322], [918, 2319], [918, 2316]]]",04/16/2026 15:55,pad
430,GND.png,"[[[848, 2316], [847, 2312], [846, 2309], [845, 2306], [842, 2303], [840, 2301], [837, 2299], [833, 2298], [830, 2298], [826, 2298], [823, 2299], [820, 2301], [817, 2303], [815, 2306], [813, 2309], [812, 2312], [812, 2316], [812, 2319], [813, 2322], [815, 2326], [817, 2328], [820, 2330], [823, 2332], [826, 2333], [830, 2334], [833, 2333], [837, 2332], [840, 2330], [842, 2328], [845, 2326], [846, 2322], [847, 2319], [848, 2316]]]",04/16/2026 15:55,pad
431,GND.png,"[[[777, 2316], [777, 2312], [776, 2309], [774, 2306], [772, 2303], [769, 2301], [766, 2299], [763, 2298], [759, 2298], [756, 2298], [752, 2299], [749, 2301], [746, 2303], [744, 2306], [743, 2309], [741, 2312], [741, 2316], [741, 2319], [743, 2322], [744, 2326], [746, 2328], [749, 2330], [752, 2332], [756, 2333], [759, 2334], [763, 2333], [766, 2332], [769, 2330], [772, 2328], [774, 2326], [776, 2322], [777, 2319], [777, 2316]]]",04/16/2026 15:55,pad
432,GND.png,"[[[706, 2316], [706, 2312], [705, 2309], [703, 2306], [701, 2303], [698, 2301], [695, 2299], [692, 2298], [688, 2298], [685, 2298], [682, 2299], [678, 2301], [676, 2303], [674, 2306], [672, 2309], [671, 2312], [670, 2316], [671, 2319], [672, 2322], [674, 2326], [676, 2328], [678, 2330], [682, 2332], [685, 2333], [688, 2334], [692, 2333], [695, 2332], [698, 2330], [701, 2328], [703, 2326], [705, 2322], [706, 2319], [706, 2316]]]",04/16/2026 15:55,pad
433,GND.png,"[[[2163, 2352], [2162, 2340], [2159, 2328], [2153, 2318], [2145, 2309], [2136, 2301], [2125, 2295], [2114, 2292], [2102, 2291], [2090, 2292], [2078, 2295], [2068, 2301], [2058, 2309], [2051, 2318], [2045, 2328], [2042, 2340], [2040, 2352], [2042, 2364], [2045, 2375], [2051, 2386], [2058, 2395], [2068, 2403], [2078, 2408], [2090, 2412], [2102, 2413], [2114, 2412], [2125, 2408], [2136, 2403], [2145, 2395], [2153, 2386], [2159, 2375], [2162, 2364], [2163, 2352]]]",04/16/2026 15:55,pad
434,GND.png,"[[[538, 2352], [536, 2340], [533, 2328], [527, 2318], [520, 2309], [510, 2301], [500, 2295], [488, 2292], [476, 2291], [464, 2292], [453, 2295], [442, 2301], [433, 2309], [425, 2318], [419, 2328], [416, 2340], [415, 2352], [416, 2364], [419, 2375], [425, 2386], [433, 2395], [442, 2403], [453, 2408], [464, 2412], [476, 2413], [488, 2412], [500, 2408], [510, 2403], [520, 2395], [527, 2386], [533, 2375], [536, 2364], [538, 2352]]]",04/16/2026 15:55,pad
435,GND.png,"[[[883, 2388], [883, 2385], [882, 2381], [880, 2378], [878, 2375], [875, 2373], [872, 2372], [869, 2371], [865, 2370], [862, 2371], [858, 2372], [855, 2373], [852, 2375], [850, 2378], [848, 2381], [847, 2385], [847, 2388], [847, 2392], [848, 2395], [850, 2398], [852, 2401], [855, 2403], [858, 2405], [862, 2406], [865, 2406], [869, 2406], [872, 2405], [875, 2403], [878, 2401], [880, 2398], [882, 2395], [883, 2392], [883, 2388]]]",04/16/2026 15:55,pad
436,GND.png,"[[[954, 2388], [953, 2385], [952, 2381], [951, 2378], [948, 2375], [946, 2373], [943, 2372], [939, 2371], [936, 2370], [932, 2371], [929, 2372], [926, 2373], [923, 2375], [921, 2378], [919, 2381], [918, 2385], [918, 2388], [918, 2392], [919, 2395], [921, 2398], [923, 2401], [926, 2403], [929, 2405], [932, 2406], [936, 2406], [939, 2406], [943, 2405], [946, 2403], [948, 2401], [951, 2398], [952, 2395], [953, 2392], [954, 2388]]]",04/16/2026 15:55,pad
437,GND.png,"[[[812, 2388], [812, 2385], [811, 2381], [809, 2378], [807, 2375], [804, 2373], [801, 2372], [798, 2371], [794, 2370], [791, 2371], [788, 2372], [784, 2373], [782, 2375], [779, 2378], [778, 2381], [777, 2385], [776, 2388], [777, 2392], [778, 2395], [779, 2398], [782, 2401], [784, 2403], [788, 2405], [791, 2406], [794, 2406], [798, 2406], [801, 2405], [804, 2403], [807, 2401], [809, 2398], [811, 2395], [812, 2392], [812, 2388]]]",04/16/2026 15:55,pad
438,GND.png,"[[[1766, 2316], [1766, 2312], [1765, 2309], [1763, 2306], [1761, 2303], [1758, 2301], [1755, 2299], [1752, 2298], [1748, 2298], [1745, 2298], [1741, 2299], [1738, 2301], [1736, 2303], [1733, 2306], [1732, 2309], [1731, 2312], [1730, 2316], [1731, 2319], [1732, 2322], [1733, 2326], [1736, 2328], [1738, 2330], [1741, 2332], [1745, 2333], [1748, 2334], [1752, 2333], [1755, 2332], [1758, 2330], [1761, 2328], [1763, 2326], [1765, 2322], [1766, 2319], [1766, 2316]]]",04/16/2026 15:55,pad
439,GND.png,"[[[1706, 172], [1709, 172], [1711, 171], [1713, 170], [1715, 168], [1717, 166], [1718, 164], [1719, 161], [1719, 159], [1719, 157], [1718, 154], [1717, 152], [1715, 150], [1713, 148], [1711, 147], [1709, 146], [1706, 146], [1686, 146], [1683, 146], [1681, 147], [1679, 148], [1677, 150], [1675, 152], [1674, 154], [1673, 157], [1673, 159], [1673, 161], [1674, 164], [1675, 166], [1677, 168], [1679, 170], [1681, 171], [1683, 172], [1686, 172], [1706, 172]]]",04/16/2026 15:55,pad
440,GND.png,"[[[1485, 172], [1487, 172], [1490, 171], [1492, 170], [1494, 168], [1496, 166], [1497, 164], [1497, 161], [1498, 159], [1497, 157], [1497, 154], [1496, 152], [1494, 150], [1492, 148], [1490, 147], [1487, 146], [1485, 146], [1464, 146], [1462, 146], [1460, 147], [1457, 148], [1455, 150], [1454, 152], [1453, 154], [1452, 157], [1452, 159], [1452, 161], [1453, 164], [1454, 166], [1455, 168], [1457, 170], [1460, 171], [1462, 172], [1464, 172], [1485, 172]]]",04/16/2026 15:55,pad
441,GND.png,"[[[1711, 70], [1714, 70], [1716, 69], [1718, 68], [1720, 66], [1722, 64], [1723, 62], [1724, 59], [1724, 57], [1724, 55], [1723, 52], [1722, 50], [1720, 48], [1718, 46], [1716, 45], [1714, 44], [1711, 44], [1681, 44], [1678, 44], [1676, 45], [1673, 46], [1671, 48], [1670, 50], [1669, 52], [1668, 55], [1668, 57], [1668, 59], [1669, 62], [1670, 64], [1671, 66], [1673, 68], [1676, 69], [1678, 70], [1681, 70], [1711, 70]]]",04/16/2026 15:55,pad
442,GND.png,"[[[1490, 70], [1493, 70], [1495, 69], [1497, 68], [1499, 66], [1501, 64], [1502, 62], [1503, 59], [1503, 57], [1503, 55], [1502, 52], [1501, 50], [1499, 48], [1497, 46], [1495, 45], [1493, 44], [1490, 44], [1459, 44], [1457, 44], [1454, 45], [1452, 46], [1450, 48], [1449, 50], [1448, 52], [1447, 55], [1447, 57], [1447, 59], [1448, 62], [1449, 64], [1450, 66], [1452, 68], [1454, 69], [1457, 70], [1459, 70], [1490, 70]]]",04/16/2026 15:55,pad
443,GND.png,"[[[912, 479], [911, 475], [910, 471], [908, 468], [906, 465], [903, 463], [900, 461], [896, 460], [892, 459], [888, 460], [885, 461], [881, 463], [878, 465], [876, 468], [874, 471], [873, 475], [873, 479], [873, 483], [874, 486], [876, 490], [878, 492], [881, 495], [885, 497], [888, 498], [892, 498], [896, 498], [900, 497], [903, 495], [906, 492], [908, 490], [910, 486], [911, 483], [912, 479]]]",04/16/2026 15:55,pad
444,GND.png,"[[[511, 479], [510, 475], [509, 471], [507, 468], [505, 465], [502, 463], [498, 461], [495, 460], [491, 459], [487, 460], [484, 461], [480, 463], [477, 465], [475, 468], [473, 471], [472, 475], [471, 479], [472, 483], [473, 486], [475, 490], [477, 492], [480, 495], [484, 497], [487, 498], [491, 498], [495, 498], [498, 497], [502, 495], [505, 492], [507, 490], [509, 486], [510, 483], [511, 479]]]",04/16/2026 15:55,pad
445,GND.png,"[[[835, 479], [834, 475], [833, 471], [832, 468], [829, 465], [826, 463], [823, 461], [819, 460], [815, 459], [812, 460], [808, 461], [804, 463], [802, 465], [799, 468], [797, 471], [796, 475], [796, 479], [796, 483], [797, 486], [799, 490], [802, 492], [804, 495], [808, 497], [812, 498], [815, 498], [819, 498], [823, 497], [826, 495], [829, 492], [832, 490], [833, 486], [834, 483], [835, 479]]]",04/16/2026 15:55,pad
446,GND.png,"[[[434, 479], [433, 475], [432, 471], [430, 468], [428, 465], [425, 463], [422, 461], [418, 460], [414, 459], [410, 460], [407, 461], [403, 463], [400, 465], [398, 468], [396, 471], [395, 475], [395, 479], [395, 483], [396, 486], [398, 490], [400, 492], [403, 495], [407, 497], [410, 498], [414, 498], [418, 498], [422, 497], [425, 495], [428, 492], [430, 490], [432, 486], [433, 483], [434, 479]]]",04/16/2026 15:55,pad
447,GND.png,"[[[835, 402], [834, 398], [833, 395], [832, 391], [829, 388], [826, 386], [823, 384], [819, 383], [815, 383], [812, 383], [808, 384], [804, 386], [802, 388], [799, 391], [797, 395], [796, 398], [796, 402], [796, 406], [797, 410], [799, 413], [802, 416], [804, 418], [808, 420], [812, 421], [815, 422], [819, 421], [823, 420], [826, 418], [829, 416], [832, 413], [833, 410], [834, 406], [835, 402]]]",04/16/2026 15:55,pad
448,GND.png,"[[[758, 479], [758, 475], [757, 471], [755, 468], [752, 465], [749, 463], [746, 461], [742, 460], [739, 459], [735, 460], [731, 461], [728, 463], [725, 465], [722, 468], [721, 471], [719, 475], [719, 479], [719, 483], [721, 486], [722, 490], [725, 492], [728, 495], [731, 497], [735, 498], [739, 498], [742, 498], [746, 497], [749, 495], [752, 492], [755, 490], [757, 486], [758, 483], [758, 479]]]",04/16/2026 15:55,pad
449,GND.png,"[[[835, 292], [834, 288], [833, 285], [832, 281], [829, 278], [826, 276], [823, 274], [819, 273], [815, 273], [812, 273], [808, 274], [804, 276], [802, 278], [799, 281], [797, 285], [796, 288], [796, 292], [796, 296], [797, 300], [799, 303], [802, 306], [804, 308], [808, 310], [812, 311], [815, 311], [819, 311], [823, 310], [826, 308], [829, 306], [832, 303], [833, 300], [834, 296], [835, 292]]]",04/16/2026 15:55,pad
450,GND.png,"[[[434, 402], [433, 398], [432, 395], [430, 391], [428, 388], [425, 386], [422, 384], [418, 383], [414, 383], [410, 383], [407, 384], [403, 386], [400, 388], [398, 391], [396, 395], [395, 398], [395, 402], [395, 406], [396, 410], [398, 413], [400, 416], [403, 418], [407, 420], [410, 421], [414, 422], [418, 421], [422, 420], [425, 418], [428, 416], [430, 413], [432, 410], [433, 406], [434, 402]]]",04/16/2026 15:55,pad
451,GND.png,"[[[357, 479], [357, 475], [355, 471], [354, 468], [351, 465], [348, 463], [345, 461], [341, 460], [337, 459], [334, 460], [330, 461], [327, 463], [324, 465], [321, 468], [319, 471], [318, 475], [318, 479], [318, 483], [319, 486], [321, 490], [324, 492], [327, 495], [330, 497], [334, 498], [337, 498], [341, 498], [345, 497], [348, 495], [351, 492], [354, 490], [355, 486], [357, 483], [357, 479]]]",04/16/2026 15:55,pad
452,GND.png,"[[[434, 292], [433, 288], [432, 285], [430, 281], [428, 278], [425, 276], [422, 274], [418, 273], [414, 273], [410, 273], [407, 274], [403, 276], [400, 278], [398, 281], [396, 285], [395, 288], [395, 292], [395, 296], [396, 300], [398, 303], [400, 306], [403, 308], [407, 310], [410, 311], [414, 311], [418, 311], [422, 310], [425, 308], [428, 306], [430, 303], [432, 300], [433, 296], [434, 292]]]",04/16/2026 15:55,pad
453,GND.png,"[[[362, 694], [362, 691], [361, 687], [359, 684], [357, 681], [354, 678], [350, 676], [347, 675], [343, 675], [339, 675], [335, 676], [332, 678], [329, 681], [327, 684], [325, 687], [324, 691], [323, 694], [324, 698], [325, 702], [327, 705], [329, 708], [332, 710], [335, 712], [339, 713], [343, 714], [347, 713], [350, 712], [354, 710], [357, 708], [359, 705], [361, 702], [362, 698], [362, 694]]]",04/16/2026 15:55,pad
454,GND.png,"[[[193, 749], [192, 742], [190, 735], [186, 729], [182, 723], [176, 718], [170, 715], [163, 713], [155, 712], [148, 713], [141, 715], [135, 718], [129, 723], [124, 729], [121, 735], [119, 742], [118, 749], [119, 756], [121, 763], [124, 770], [129, 775], [135, 780], [141, 783], [148, 786], [155, 786], [163, 786], [170, 783], [176, 780], [182, 775], [186, 770], [190, 763], [192, 756], [193, 749]]]",04/16/2026 15:55,pad
455,GND.png,"[[[193, 640], [192, 632], [190, 625], [186, 619], [182, 613], [176, 609], [170, 605], [163, 603], [155, 602], [148, 603], [141, 605], [135, 609], [129, 613], [124, 619], [121, 625], [119, 632], [118, 640], [119, 647], [121, 654], [124, 660], [129, 666], [135, 670], [141, 674], [148, 676], [155, 677], [163, 676], [170, 674], [176, 670], [182, 666], [186, 660], [190, 654], [192, 647], [193, 640]]]",04/16/2026 15:55,pad
